release_path,source_path,source_sha256,transformation
artifact/README.md,artifact/README.md,24c100d1ba268d8b3c2e294064108e645ab902b65bc5c3e8ca264c7331add792,EXACT_BYTES
artifact/SUPPLEMENTARY_METHODS.md,artifact/SUPPLEMENTARY_METHODS.md,eae80d1e82b3107c128512d71bcca211a419b7d551010c6b8aca9cba8890d51a,EXACT_BYTES
artifact/configs/B3_local_protocol.json,artifact/configs/B3_local_protocol.json,c01a2a4294c2332aaff25231e2ed73c7956187ba3df36674ab0f8548d44b7198,EXACT_BYTES; ARCHIVE_RESTORE
artifact/generated/payload_table.tex,artifact/generated/payload_table.tex,17639cf8bdae30b99b6e0e529e4b90df3969849917006a9101c267cd95c2ed92,EXACT_BYTES
artifact/native/build/P0-additive-v1/build_manifest.json,artifact/native/build/P0-additive-v1/build_manifest.json,9959aefb5fafc38c9a51d4e8864425978e123769bddcbaeef621fbd8d35fe668,EXACT_BYTES; ARCHIVE_RESTORE
artifact/raw/B3-formal-v1/M5-S1-measured-01-M5_I2R2_N1024_e12288_COLD_packed/monitor_samples.jsonl,artifact/raw/B3-formal-v1/M5-S1-measured-01-M5_I2R2_N1024_e12288_COLD_packed/monitor_samples.jsonl,5a9871ab86b9787bd48ec957e949b1695953b2e8b38ded8a737f7e86964ca3f9,EXACT_BYTES; ARCHIVE_RESTORE
artifact/raw/B3-formal-v1/M5-S1-measured-01-M5_I2R2_N1024_e12288_COLD_repeated/monitor_samples.jsonl,artifact/raw/B3-formal-v1/M5-S1-measured-01-M5_I2R2_N1024_e12288_COLD_repeated/monitor_samples.jsonl,a85f6c6956f03c4029936732889f4fedef6139a648a1b501147eb57c118c0b95,EXACT_BYTES; ARCHIVE_RESTORE
artifact/raw/B3-formal-v1/M5-S1-measured-01-M5_I2R2_N1024_e12288_ONLINE_packed/monitor_samples.jsonl,artifact/raw/B3-formal-v1/M5-S1-measured-01-M5_I2R2_N1024_e12288_ONLINE_packed/monitor_samples.jsonl,4e6083319cf0d410d2eb3c2da0522f81d485351091e00338737289c71c012e24,EXACT_BYTES; ARCHIVE_RESTORE
artifact/raw/B3-formal-v1/M5-S1-measured-01-M5_I2R2_N1024_e12288_ONLINE_repeated/monitor_samples.jsonl,artifact/raw/B3-formal-v1/M5-S1-measured-01-M5_I2R2_N1024_e12288_ONLINE_repeated/monitor_samples.jsonl,c687b0b79c0296f775b2d01ed446a78667e20d202f467f9bc7778b320e9a0c5a,EXACT_BYTES; ARCHIVE_RESTORE
artifact/raw/B3-formal-v1/M5-S1-measured-01-M5_I2R2_N1024_e16384_COLD_packed/monitor_samples.jsonl,artifact/raw/B3-formal-v1/M5-S1-measured-01-M5_I2R2_N1024_e16384_COLD_packed/monitor_samples.jsonl,0770cdad1cfd95b0447b380a7a48544fb1ebb0b949a083b42c4003dc69c28f53,EXACT_BYTES; ARCHIVE_RESTORE
artifact/raw/B3-formal-v1/M5-S1-measured-01-M5_I2R2_N1024_e16384_COLD_repeated/monitor_samples.jsonl,artifact/raw/B3-formal-v1/M5-S1-measured-01-M5_I2R2_N1024_e16384_COLD_repeated/monitor_samples.jsonl,7169934d6203531a93492cfca3be841b004ff2bca49e4f216abe6598c5e01bb3,EXACT_BYTES; ARCHIVE_RESTORE
artifact/raw/B3-formal-v1/M5-S1-measured-01-M5_I2R2_N1024_e16384_ONLINE_packed/monitor_samples.jsonl,artifact/raw/B3-formal-v1/M5-S1-measured-01-M5_I2R2_N1024_e16384_ONLINE_packed/monitor_samples.jsonl,81797c9765699d50e2efd055122daaa18e430549a3d2599e3de9a7e53c93c0de,EXACT_BYTES; ARCHIVE_RESTORE
artifact/raw/B3-formal-v1/M5-S1-measured-01-M5_I2R2_N1024_e16384_ONLINE_repeated/monitor_samples.jsonl,artifact/raw/B3-formal-v1/M5-S1-measured-01-M5_I2R2_N1024_e16384_ONLINE_repeated/monitor_samples.jsonl,28b37875d8bccfa46e5e57fb828897c402edc07be43facb0b41a08f599baa442,EXACT_BYTES; ARCHIVE_RESTORE
artifact/raw/B3-formal-v1/M5-S1-measured-01-M5_I2R2_N1024_e4096_COLD_packed/monitor_samples.jsonl,artifact/raw/B3-formal-v1/M5-S1-measured-01-M5_I2R2_N1024_e4096_COLD_packed/monitor_samples.jsonl,23e7035198b7e8c4b34b7a787d7776dcd6cd5336896d711b3db4780ab110c678,EXACT_BYTES; ARCHIVE_RESTORE
artifact/raw/B3-formal-v1/M5-S1-measured-01-M5_I2R2_N1024_e4096_COLD_repeated/monitor_samples.jsonl,artifact/raw/B3-formal-v1/M5-S1-measured-01-M5_I2R2_N1024_e4096_COLD_repeated/monitor_samples.jsonl,ccb1994dcc922fd2bb8698e73f63c35f30cdc412b3ba777c49e8cc84b987315c,EXACT_BYTES; ARCHIVE_RESTORE
artifact/raw/B3-formal-v1/M5-S1-measured-01-M5_I2R2_N1024_e4096_ONLINE_packed/monitor_samples.jsonl,artifact/raw/B3-formal-v1/M5-S1-measured-01-M5_I2R2_N1024_e4096_ONLINE_packed/monitor_samples.jsonl,7f64ab7c538ad009115840b0472ec01034b8577ed68df47fadc8fd8a235ef360,EXACT_BYTES; ARCHIVE_RESTORE
artifact/raw/B3-formal-v1/M5-S1-measured-01-M5_I2R2_N1024_e4096_ONLINE_repeated/monitor_samples.jsonl,artifact/raw/B3-formal-v1/M5-S1-measured-01-M5_I2R2_N1024_e4096_ONLINE_repeated/monitor_samples.jsonl,3ad7b8123d54103e6f533e59b7554be9941fb97c9fc952ad1aa33dacf0041fbb,EXACT_BYTES; ARCHIVE_RESTORE
artifact/raw/B3-formal-v1/M5-S1-measured-01-M5_I2R2_N1024_e65536_COLD_packed/monitor_samples.jsonl,artifact/raw/B3-formal-v1/M5-S1-measured-01-M5_I2R2_N1024_e65536_COLD_packed/monitor_samples.jsonl,e1b28bb3024c58027490a45d3d45be4679032f66754faf5f7554af25feaca48e,EXACT_BYTES; ARCHIVE_RESTORE
artifact/raw/B3-formal-v1/M5-S1-measured-01-M5_I2R2_N1024_e65536_COLD_repeated/monitor_samples.jsonl,artifact/raw/B3-formal-v1/M5-S1-measured-01-M5_I2R2_N1024_e65536_COLD_repeated/monitor_samples.jsonl,33b2156de996cb728eb84283d6e18f5108eb21d2e2487e80931a898e6bb82fd3,EXACT_BYTES; ARCHIVE_RESTORE
artifact/raw/B3-formal-v1/M5-S1-measured-01-M5_I2R2_N1024_e65536_ONLINE_packed/monitor_samples.jsonl,artifact/raw/B3-formal-v1/M5-S1-measured-01-M5_I2R2_N1024_e65536_ONLINE_packed/monitor_samples.jsonl,20fc9ef2935d7d6f3fea683209d5bcc0bb45dfbed6bfd983129dcf6ef8c17ca5,EXACT_BYTES; ARCHIVE_RESTORE
artifact/raw/B3-formal-v1/M5-S1-measured-01-M5_I2R2_N1024_e65536_ONLINE_repeated/monitor_samples.jsonl,artifact/raw/B3-formal-v1/M5-S1-measured-01-M5_I2R2_N1024_e65536_ONLINE_repeated/monitor_samples.jsonl,350951cdf7709af1a4e35581869b6ee9081087760d8e5b45669d73f56a41abae,EXACT_BYTES; ARCHIVE_RESTORE
artifact/raw/B3-formal-v1/M5-S1-measured-01-M5_I2R2_N1024_e8192_COLD_packed/monitor_samples.jsonl,artifact/raw/B3-formal-v1/M5-S1-measured-01-M5_I2R2_N1024_e8192_COLD_packed/monitor_samples.jsonl,4e3668a3b9b575327b95aedeca2c88bdc5d1ac9a886d50fb050648b4d6f707c8,EXACT_BYTES; ARCHIVE_RESTORE
artifact/raw/B3-formal-v1/M5-S1-measured-01-M5_I2R2_N1024_e8192_COLD_repeated/monitor_samples.jsonl,artifact/raw/B3-formal-v1/M5-S1-measured-01-M5_I2R2_N1024_e8192_COLD_repeated/monitor_samples.jsonl,b9fbf410b09d0b602034b6e409cdf002c21ecd4b9b31dd0ae928f94f9ad3b50a,EXACT_BYTES; ARCHIVE_RESTORE
artifact/raw/B3-formal-v1/M5-S1-measured-01-M5_I2R2_N1024_e8192_ONLINE_packed/monitor_samples.jsonl,artifact/raw/B3-formal-v1/M5-S1-measured-01-M5_I2R2_N1024_e8192_ONLINE_packed/monitor_samples.jsonl,33ba2e043a656e511552d3c54604836387f1b87ab9939f9f2253563cbc086869,EXACT_BYTES; ARCHIVE_RESTORE
artifact/raw/B3-formal-v1/M5-S1-measured-01-M5_I2R2_N1024_e8192_ONLINE_repeated/monitor_samples.jsonl,artifact/raw/B3-formal-v1/M5-S1-measured-01-M5_I2R2_N1024_e8192_ONLINE_repeated/monitor_samples.jsonl,a8c81eb7431bf1b912cb148250aaedf1d6e4758bc01d1d2c7e7b9f2a97f4f14d,EXACT_BYTES; ARCHIVE_RESTORE
artifact/raw/B3-formal-v1/M5-S1-measured-02-M5_I2R2_N1024_e12288_COLD_packed/monitor_samples.jsonl,artifact/raw/B3-formal-v1/M5-S1-measured-02-M5_I2R2_N1024_e12288_COLD_packed/monitor_samples.jsonl,05096a946282cbf80beee3faa3cb99b96e7f6f73468c00c5f0eccc60fef17619,EXACT_BYTES; ARCHIVE_RESTORE
artifact/raw/B3-formal-v1/M5-S1-measured-02-M5_I2R2_N1024_e12288_COLD_repeated/monitor_samples.jsonl,artifact/raw/B3-formal-v1/M5-S1-measured-02-M5_I2R2_N1024_e12288_COLD_repeated/monitor_samples.jsonl,4433c77f89cb5fda6ff21f3ddc403dcf255fca481e11f31acdbbd6ac88296ab6,EXACT_BYTES; ARCHIVE_RESTORE
artifact/raw/B3-formal-v1/M5-S1-measured-02-M5_I2R2_N1024_e12288_ONLINE_packed/monitor_samples.jsonl,artifact/raw/B3-formal-v1/M5-S1-measured-02-M5_I2R2_N1024_e12288_ONLINE_packed/monitor_samples.jsonl,dfd100c359a7b54e859e883e34f634eac3d93128753611e2e2c234aff7af4b39,EXACT_BYTES; ARCHIVE_RESTORE
artifact/raw/B3-formal-v1/M5-S1-measured-02-M5_I2R2_N1024_e12288_ONLINE_repeated/monitor_samples.jsonl,artifact/raw/B3-formal-v1/M5-S1-measured-02-M5_I2R2_N1024_e12288_ONLINE_repeated/monitor_samples.jsonl,99fd6ed60a56a48afc4d6280bd6e50ffbf0a1bc79bae44c12d786bcfe30d79e8,EXACT_BYTES; ARCHIVE_RESTORE
artifact/raw/B3-formal-v1/M5-S1-measured-02-M5_I2R2_N1024_e16384_COLD_packed/monitor_samples.jsonl,artifact/raw/B3-formal-v1/M5-S1-measured-02-M5_I2R2_N1024_e16384_COLD_packed/monitor_samples.jsonl,cfea4584dfd5e2d14db1836a95592237384c453cae6c7996f2486caf83b7fedb,EXACT_BYTES; ARCHIVE_RESTORE
artifact/raw/B3-formal-v1/M5-S1-measured-02-M5_I2R2_N1024_e16384_COLD_repeated/monitor_samples.jsonl,artifact/raw/B3-formal-v1/M5-S1-measured-02-M5_I2R2_N1024_e16384_COLD_repeated/monitor_samples.jsonl,643c8b79fb7100a9d57f177b59c5445ee6bdd6132b7aaa5879d9b8f3ee74403c,EXACT_BYTES; ARCHIVE_RESTORE
artifact/raw/B3-formal-v1/M5-S1-measured-02-M5_I2R2_N1024_e16384_ONLINE_packed/monitor_samples.jsonl,artifact/raw/B3-formal-v1/M5-S1-measured-02-M5_I2R2_N1024_e16384_ONLINE_packed/monitor_samples.jsonl,59b746a6db4d1d2031ce43a06eda322ff77262ae10005b3364bec91981085352,EXACT_BYTES; ARCHIVE_RESTORE
artifact/raw/B3-formal-v1/M5-S1-measured-02-M5_I2R2_N1024_e16384_ONLINE_repeated/monitor_samples.jsonl,artifact/raw/B3-formal-v1/M5-S1-measured-02-M5_I2R2_N1024_e16384_ONLINE_repeated/monitor_samples.jsonl,a10f53ccc01808a70ed67772e0c98e8675266145f41409573582d42673283955,EXACT_BYTES; ARCHIVE_RESTORE
artifact/raw/B3-formal-v1/M5-S1-measured-02-M5_I2R2_N1024_e4096_COLD_packed/monitor_samples.jsonl,artifact/raw/B3-formal-v1/M5-S1-measured-02-M5_I2R2_N1024_e4096_COLD_packed/monitor_samples.jsonl,bc530dd27502b3d137bb30def1e5e157156f901d7982324c7c98a8edb58c4a9f,EXACT_BYTES; ARCHIVE_RESTORE
artifact/raw/B3-formal-v1/M5-S1-measured-02-M5_I2R2_N1024_e4096_COLD_repeated/monitor_samples.jsonl,artifact/raw/B3-formal-v1/M5-S1-measured-02-M5_I2R2_N1024_e4096_COLD_repeated/monitor_samples.jsonl,57f0f8e8378b63632442e1b06cce5480d47761b6a50589fbb46cefeb3294991b,EXACT_BYTES; ARCHIVE_RESTORE
artifact/raw/B3-formal-v1/M5-S1-measured-02-M5_I2R2_N1024_e4096_ONLINE_packed/monitor_samples.jsonl,artifact/raw/B3-formal-v1/M5-S1-measured-02-M5_I2R2_N1024_e4096_ONLINE_packed/monitor_samples.jsonl,0480c20b7222044a39e9e846ed233f14baabd0fbd54c369cd09acc10a6cc0a3d,EXACT_BYTES; ARCHIVE_RESTORE
artifact/raw/B3-formal-v1/M5-S1-measured-02-M5_I2R2_N1024_e4096_ONLINE_repeated/monitor_samples.jsonl,artifact/raw/B3-formal-v1/M5-S1-measured-02-M5_I2R2_N1024_e4096_ONLINE_repeated/monitor_samples.jsonl,29c7712b2d36f94e3a97bc921752fe5ea9884d967cd7c669dc9821fdb1a6bc57,EXACT_BYTES; ARCHIVE_RESTORE
artifact/raw/B3-formal-v1/M5-S1-measured-02-M5_I2R2_N1024_e65536_COLD_packed/monitor_samples.jsonl,artifact/raw/B3-formal-v1/M5-S1-measured-02-M5_I2R2_N1024_e65536_COLD_packed/monitor_samples.jsonl,3fd45a4554c3fe8b3c00d5d8658f8d3a0c9b26a7ab2e2b2fc4354c1f4270b069,EXACT_BYTES; ARCHIVE_RESTORE
artifact/raw/B3-formal-v1/M5-S1-measured-02-M5_I2R2_N1024_e65536_COLD_repeated/monitor_samples.jsonl,artifact/raw/B3-formal-v1/M5-S1-measured-02-M5_I2R2_N1024_e65536_COLD_repeated/monitor_samples.jsonl,0ae381eff3deda235d3d19a9bb1630882181f9c901cc704497113c0d08640ef7,EXACT_BYTES; ARCHIVE_RESTORE
artifact/raw/B3-formal-v1/M5-S1-measured-02-M5_I2R2_N1024_e65536_ONLINE_packed/monitor_samples.jsonl,artifact/raw/B3-formal-v1/M5-S1-measured-02-M5_I2R2_N1024_e65536_ONLINE_packed/monitor_samples.jsonl,0e80239c249fd5363e88be9e946aae00199059922c24809045bc42bc821ffb93,EXACT_BYTES; ARCHIVE_RESTORE
artifact/raw/B3-formal-v1/M5-S1-measured-02-M5_I2R2_N1024_e65536_ONLINE_repeated/monitor_samples.jsonl,artifact/raw/B3-formal-v1/M5-S1-measured-02-M5_I2R2_N1024_e65536_ONLINE_repeated/monitor_samples.jsonl,8bb6f27c0ca55376e13dc1b9998ca2af2f012b8d6387827a07cf0decabe0681f,EXACT_BYTES; ARCHIVE_RESTORE
artifact/raw/B3-formal-v1/M5-S1-measured-02-M5_I2R2_N1024_e8192_COLD_packed/monitor_samples.jsonl,artifact/raw/B3-formal-v1/M5-S1-measured-02-M5_I2R2_N1024_e8192_COLD_packed/monitor_samples.jsonl,7b3c668e3e7065fdd7f843922ea310c4cee042c71a1a1b81a2e95c8d37db4ac1,EXACT_BYTES; ARCHIVE_RESTORE
artifact/raw/B3-formal-v1/M5-S1-measured-02-M5_I2R2_N1024_e8192_COLD_repeated/monitor_samples.jsonl,artifact/raw/B3-formal-v1/M5-S1-measured-02-M5_I2R2_N1024_e8192_COLD_repeated/monitor_samples.jsonl,65f4de8bb4ae5c418abc687631d57918068d35e447a682cc4f190e363b268d68,EXACT_BYTES; ARCHIVE_RESTORE
artifact/raw/B3-formal-v1/M5-S1-measured-02-M5_I2R2_N1024_e8192_ONLINE_packed/monitor_samples.jsonl,artifact/raw/B3-formal-v1/M5-S1-measured-02-M5_I2R2_N1024_e8192_ONLINE_packed/monitor_samples.jsonl,9f51b4979f6cef6b22d03cf7e878655b12b3ae765a0bec2a882bf09c6171e553,EXACT_BYTES; ARCHIVE_RESTORE
artifact/raw/B3-formal-v1/M5-S1-measured-02-M5_I2R2_N1024_e8192_ONLINE_repeated/monitor_samples.jsonl,artifact/raw/B3-formal-v1/M5-S1-measured-02-M5_I2R2_N1024_e8192_ONLINE_repeated/monitor_samples.jsonl,767b7f56550c80e59b24115bcd1edfa06ffd2fd8e919397e495b6c08b643471e,EXACT_BYTES; ARCHIVE_RESTORE
artifact/raw/B3-formal-v1/M5-S1-measured-03-M5_I2R2_N1024_e12288_COLD_packed/monitor_samples.jsonl,artifact/raw/B3-formal-v1/M5-S1-measured-03-M5_I2R2_N1024_e12288_COLD_packed/monitor_samples.jsonl,67bd463edc6e1bb9a6240cc74016eaebdd4688f6d25c02636b06101c9f419f9d,EXACT_BYTES; ARCHIVE_RESTORE
artifact/raw/B3-formal-v1/M5-S1-measured-03-M5_I2R2_N1024_e12288_COLD_repeated/monitor_samples.jsonl,artifact/raw/B3-formal-v1/M5-S1-measured-03-M5_I2R2_N1024_e12288_COLD_repeated/monitor_samples.jsonl,b1910ac21f368a705cf294b09e2877a6d23a8f51a3decd31281d19304a66a2d8,EXACT_BYTES; ARCHIVE_RESTORE
artifact/raw/B3-formal-v1/M5-S1-measured-03-M5_I2R2_N1024_e12288_ONLINE_packed/monitor_samples.jsonl,artifact/raw/B3-formal-v1/M5-S1-measured-03-M5_I2R2_N1024_e12288_ONLINE_packed/monitor_samples.jsonl,2c4f4b9a1a591cdaf559e00f63f88b3d902b7b7d527ad4d576681d2be14edaa1,EXACT_BYTES; ARCHIVE_RESTORE
artifact/raw/B3-formal-v1/M5-S1-measured-03-M5_I2R2_N1024_e12288_ONLINE_repeated/monitor_samples.jsonl,artifact/raw/B3-formal-v1/M5-S1-measured-03-M5_I2R2_N1024_e12288_ONLINE_repeated/monitor_samples.jsonl,2ba60f01019ba4205e6ea49c57a99663a9f6e337cec30d2d396ea1ae9d80e988,EXACT_BYTES; ARCHIVE_RESTORE
artifact/raw/B3-formal-v1/M5-S1-measured-03-M5_I2R2_N1024_e16384_COLD_packed/monitor_samples.jsonl,artifact/raw/B3-formal-v1/M5-S1-measured-03-M5_I2R2_N1024_e16384_COLD_packed/monitor_samples.jsonl,a098cf22bfb8f3e8540374b580f0ba0a7e7df9019add42c59d6e64fbe84b9fcd,EXACT_BYTES; ARCHIVE_RESTORE
artifact/raw/B3-formal-v1/M5-S1-measured-03-M5_I2R2_N1024_e16384_COLD_repeated/monitor_samples.jsonl,artifact/raw/B3-formal-v1/M5-S1-measured-03-M5_I2R2_N1024_e16384_COLD_repeated/monitor_samples.jsonl,e612ec9d479dc3a62ea4469c90442f124a149005beb026b3ac8380684ccf280a,EXACT_BYTES; ARCHIVE_RESTORE
artifact/raw/B3-formal-v1/M5-S1-measured-03-M5_I2R2_N1024_e16384_ONLINE_packed/monitor_samples.jsonl,artifact/raw/B3-formal-v1/M5-S1-measured-03-M5_I2R2_N1024_e16384_ONLINE_packed/monitor_samples.jsonl,10c243acfddb36e07465b7d88e044599440937a8753b29bb90f700979acac4de,EXACT_BYTES; ARCHIVE_RESTORE
artifact/raw/B3-formal-v1/M5-S1-measured-03-M5_I2R2_N1024_e16384_ONLINE_repeated/monitor_samples.jsonl,artifact/raw/B3-formal-v1/M5-S1-measured-03-M5_I2R2_N1024_e16384_ONLINE_repeated/monitor_samples.jsonl,326c3baaf4dea588635756b28c87afb08092122e3db21e6d5af865d33ca4f26a,EXACT_BYTES; ARCHIVE_RESTORE
artifact/raw/B3-formal-v1/M5-S1-measured-03-M5_I2R2_N1024_e4096_COLD_packed/monitor_samples.jsonl,artifact/raw/B3-formal-v1/M5-S1-measured-03-M5_I2R2_N1024_e4096_COLD_packed/monitor_samples.jsonl,5973d0db6f20e636f8cfe29592f63d4bb50fa0769782b610c003852bfa761f08,EXACT_BYTES; ARCHIVE_RESTORE
artifact/raw/B3-formal-v1/M5-S1-measured-03-M5_I2R2_N1024_e4096_COLD_repeated/monitor_samples.jsonl,artifact/raw/B3-formal-v1/M5-S1-measured-03-M5_I2R2_N1024_e4096_COLD_repeated/monitor_samples.jsonl,043af09e1582a48265b11e04ca45d1e967cd67d25753cd80ddd0bf3e47525d38,EXACT_BYTES; ARCHIVE_RESTORE
artifact/raw/B3-formal-v1/M5-S1-measured-03-M5_I2R2_N1024_e4096_ONLINE_packed/monitor_samples.jsonl,artifact/raw/B3-formal-v1/M5-S1-measured-03-M5_I2R2_N1024_e4096_ONLINE_packed/monitor_samples.jsonl,bda300abb342b92cbe6a0442936719186bf6c9eea505fa29fc9e6d2790d2170b,EXACT_BYTES; ARCHIVE_RESTORE
artifact/raw/B3-formal-v1/M5-S1-measured-03-M5_I2R2_N1024_e4096_ONLINE_repeated/monitor_samples.jsonl,artifact/raw/B3-formal-v1/M5-S1-measured-03-M5_I2R2_N1024_e4096_ONLINE_repeated/monitor_samples.jsonl,f19be0510cacb419a485907b502bf4f7d79267e0ab923be02a0801e81925fe45,EXACT_BYTES; ARCHIVE_RESTORE
artifact/raw/B3-formal-v1/M5-S1-measured-03-M5_I2R2_N1024_e65536_COLD_packed/monitor_samples.jsonl,artifact/raw/B3-formal-v1/M5-S1-measured-03-M5_I2R2_N1024_e65536_COLD_packed/monitor_samples.jsonl,ca0b29222107b3f54685eb5ebb9d14a5e49a4277f4e036a5a99ce3879cb9f18d,EXACT_BYTES; ARCHIVE_RESTORE
artifact/raw/B3-formal-v1/M5-S1-measured-03-M5_I2R2_N1024_e65536_COLD_repeated/monitor_samples.jsonl,artifact/raw/B3-formal-v1/M5-S1-measured-03-M5_I2R2_N1024_e65536_COLD_repeated/monitor_samples.jsonl,de7516be8f3b3dad998c1ff8290446b1ae659adaf92571c187b9c529f54b2170,EXACT_BYTES; ARCHIVE_RESTORE
artifact/raw/B3-formal-v1/M5-S1-measured-03-M5_I2R2_N1024_e65536_ONLINE_packed/monitor_samples.jsonl,artifact/raw/B3-formal-v1/M5-S1-measured-03-M5_I2R2_N1024_e65536_ONLINE_packed/monitor_samples.jsonl,0e51d339deab35ef21c828937e3848a7a68db1318f3211216cfd76aaeefafd3b,EXACT_BYTES; ARCHIVE_RESTORE
artifact/raw/B3-formal-v1/M5-S1-measured-03-M5_I2R2_N1024_e65536_ONLINE_repeated/monitor_samples.jsonl,artifact/raw/B3-formal-v1/M5-S1-measured-03-M5_I2R2_N1024_e65536_ONLINE_repeated/monitor_samples.jsonl,1340d3da83c3e4b66d6ae62d287aea50fa7cad445bdf3fb2eb40b5df18446b73,EXACT_BYTES; ARCHIVE_RESTORE
artifact/raw/B3-formal-v1/M5-S1-measured-03-M5_I2R2_N1024_e8192_COLD_packed/monitor_samples.jsonl,artifact/raw/B3-formal-v1/M5-S1-measured-03-M5_I2R2_N1024_e8192_COLD_packed/monitor_samples.jsonl,ecae61f8c97748e01793929e301b413c95499c470a6ca2b3dc0c1095f44a022b,EXACT_BYTES; ARCHIVE_RESTORE
artifact/raw/B3-formal-v1/M5-S1-measured-03-M5_I2R2_N1024_e8192_COLD_repeated/monitor_samples.jsonl,artifact/raw/B3-formal-v1/M5-S1-measured-03-M5_I2R2_N1024_e8192_COLD_repeated/monitor_samples.jsonl,534e82342e7adb8f39c23b0ad91901afd86ae4ed6b223fae9625a07ba0d795bb,EXACT_BYTES; ARCHIVE_RESTORE
artifact/raw/B3-formal-v1/M5-S1-measured-03-M5_I2R2_N1024_e8192_ONLINE_packed/monitor_samples.jsonl,artifact/raw/B3-formal-v1/M5-S1-measured-03-M5_I2R2_N1024_e8192_ONLINE_packed/monitor_samples.jsonl,4920d87096c974f13279f22d90de82e117d1fde9d1ca877f3497b2eabadd9feb,EXACT_BYTES; ARCHIVE_RESTORE
artifact/raw/B3-formal-v1/M5-S1-measured-03-M5_I2R2_N1024_e8192_ONLINE_repeated/monitor_samples.jsonl,artifact/raw/B3-formal-v1/M5-S1-measured-03-M5_I2R2_N1024_e8192_ONLINE_repeated/monitor_samples.jsonl,add80d0470a3e460a703a14eb8a4d7043686b41062597442031886543aeec183,EXACT_BYTES; ARCHIVE_RESTORE
artifact/raw/B3-formal-v1/M5-S1-measured-04-M5_I2R2_N1024_e12288_COLD_packed/monitor_samples.jsonl,artifact/raw/B3-formal-v1/M5-S1-measured-04-M5_I2R2_N1024_e12288_COLD_packed/monitor_samples.jsonl,b9cb00964075cb615285b90ef1dc5e00ff22a0f5c0308a06f54cc1f40ab41e70,EXACT_BYTES; ARCHIVE_RESTORE
artifact/raw/B3-formal-v1/M5-S1-measured-04-M5_I2R2_N1024_e12288_COLD_repeated/monitor_samples.jsonl,artifact/raw/B3-formal-v1/M5-S1-measured-04-M5_I2R2_N1024_e12288_COLD_repeated/monitor_samples.jsonl,41d449899fd3e50e0ad1112d8a588da4e098919da977a92680c1eed0fa91352c,EXACT_BYTES; ARCHIVE_RESTORE
artifact/raw/B3-formal-v1/M5-S1-measured-04-M5_I2R2_N1024_e12288_ONLINE_packed/monitor_samples.jsonl,artifact/raw/B3-formal-v1/M5-S1-measured-04-M5_I2R2_N1024_e12288_ONLINE_packed/monitor_samples.jsonl,c5dacfb26451d415d550f03eb6533f34f33944f611b6197e9c63fc8dbde4b08a,EXACT_BYTES; ARCHIVE_RESTORE
artifact/raw/B3-formal-v1/M5-S1-measured-04-M5_I2R2_N1024_e12288_ONLINE_repeated/monitor_samples.jsonl,artifact/raw/B3-formal-v1/M5-S1-measured-04-M5_I2R2_N1024_e12288_ONLINE_repeated/monitor_samples.jsonl,679b9b9b47717de48f1b9a0f9cb6ad27b028e0febb2c78eb4a66db11328c1bb7,EXACT_BYTES; ARCHIVE_RESTORE
artifact/raw/B3-formal-v1/M5-S1-measured-04-M5_I2R2_N1024_e16384_COLD_packed/monitor_samples.jsonl,artifact/raw/B3-formal-v1/M5-S1-measured-04-M5_I2R2_N1024_e16384_COLD_packed/monitor_samples.jsonl,eb871c425a335e315760adac845c3710101376b5f03988f955257381231a569b,EXACT_BYTES; ARCHIVE_RESTORE
artifact/raw/B3-formal-v1/M5-S1-measured-04-M5_I2R2_N1024_e16384_COLD_repeated/monitor_samples.jsonl,artifact/raw/B3-formal-v1/M5-S1-measured-04-M5_I2R2_N1024_e16384_COLD_repeated/monitor_samples.jsonl,b7da56de7aa4e8b319110732d337acb7ff1ad993a2765f984d0f28b985a87816,EXACT_BYTES; ARCHIVE_RESTORE
artifact/raw/B3-formal-v1/M5-S1-measured-04-M5_I2R2_N1024_e16384_ONLINE_packed/monitor_samples.jsonl,artifact/raw/B3-formal-v1/M5-S1-measured-04-M5_I2R2_N1024_e16384_ONLINE_packed/monitor_samples.jsonl,f8c8567e02f551b4e4a8d307b5ffd790a2150053d28342fb7aaf087ace8c7366,EXACT_BYTES; ARCHIVE_RESTORE
artifact/raw/B3-formal-v1/M5-S1-measured-04-M5_I2R2_N1024_e16384_ONLINE_repeated/monitor_samples.jsonl,artifact/raw/B3-formal-v1/M5-S1-measured-04-M5_I2R2_N1024_e16384_ONLINE_repeated/monitor_samples.jsonl,e575ce57faf85d4091c816788fc17320d92cf9dd3580f371e5abb983d5e0cc0c,EXACT_BYTES; ARCHIVE_RESTORE
artifact/raw/B3-formal-v1/M5-S1-measured-04-M5_I2R2_N1024_e4096_COLD_packed/monitor_samples.jsonl,artifact/raw/B3-formal-v1/M5-S1-measured-04-M5_I2R2_N1024_e4096_COLD_packed/monitor_samples.jsonl,5657c08954bc1e04cc57a440c23c7d68cf3462cf0a99fa278b222a5bae1a20a9,EXACT_BYTES; ARCHIVE_RESTORE
artifact/raw/B3-formal-v1/M5-S1-measured-04-M5_I2R2_N1024_e4096_COLD_repeated/monitor_samples.jsonl,artifact/raw/B3-formal-v1/M5-S1-measured-04-M5_I2R2_N1024_e4096_COLD_repeated/monitor_samples.jsonl,0ae5e236491093017232b63b73f45c83e0e58822c1a74c81d7875e2ee5d6656a,EXACT_BYTES; ARCHIVE_RESTORE
artifact/raw/B3-formal-v1/M5-S1-measured-04-M5_I2R2_N1024_e4096_ONLINE_packed/monitor_samples.jsonl,artifact/raw/B3-formal-v1/M5-S1-measured-04-M5_I2R2_N1024_e4096_ONLINE_packed/monitor_samples.jsonl,e074c6069ed9ec1828c4eb52495531d36545a47d5f44dc6aa872d282c70ef01d,EXACT_BYTES; ARCHIVE_RESTORE
artifact/raw/B3-formal-v1/M5-S1-measured-04-M5_I2R2_N1024_e4096_ONLINE_repeated/monitor_samples.jsonl,artifact/raw/B3-formal-v1/M5-S1-measured-04-M5_I2R2_N1024_e4096_ONLINE_repeated/monitor_samples.jsonl,023c79d472d1074c933bb039039a2a505f58ccaed75893b68b902f8b41cf5a16,EXACT_BYTES; ARCHIVE_RESTORE
artifact/raw/B3-formal-v1/M5-S1-measured-04-M5_I2R2_N1024_e65536_COLD_packed/monitor_samples.jsonl,artifact/raw/B3-formal-v1/M5-S1-measured-04-M5_I2R2_N1024_e65536_COLD_packed/monitor_samples.jsonl,845b609393733e5360e296160a042adaafbaf385355704e85aa822c6b1838c0f,EXACT_BYTES; ARCHIVE_RESTORE
artifact/raw/B3-formal-v1/M5-S1-measured-04-M5_I2R2_N1024_e65536_COLD_repeated/monitor_samples.jsonl,artifact/raw/B3-formal-v1/M5-S1-measured-04-M5_I2R2_N1024_e65536_COLD_repeated/monitor_samples.jsonl,ab8a7193d1d4278e8bf9fe3ca5496202a99e6555c3b45d7d32f88c61c52a78f0,EXACT_BYTES; ARCHIVE_RESTORE
artifact/raw/B3-formal-v1/M5-S1-measured-04-M5_I2R2_N1024_e65536_ONLINE_packed/monitor_samples.jsonl,artifact/raw/B3-formal-v1/M5-S1-measured-04-M5_I2R2_N1024_e65536_ONLINE_packed/monitor_samples.jsonl,e86378368c282736b8c554c86dc519a3f0c7c1b6b459c4c85d98efe7cbc4a502,EXACT_BYTES; ARCHIVE_RESTORE
artifact/raw/B3-formal-v1/M5-S1-measured-04-M5_I2R2_N1024_e65536_ONLINE_repeated/monitor_samples.jsonl,artifact/raw/B3-formal-v1/M5-S1-measured-04-M5_I2R2_N1024_e65536_ONLINE_repeated/monitor_samples.jsonl,6477bfd815418ce8833d1f9531bce7557505291226d74505494d39aa1d680bd6,EXACT_BYTES; ARCHIVE_RESTORE
artifact/raw/B3-formal-v1/M5-S1-measured-04-M5_I2R2_N1024_e8192_COLD_packed/monitor_samples.jsonl,artifact/raw/B3-formal-v1/M5-S1-measured-04-M5_I2R2_N1024_e8192_COLD_packed/monitor_samples.jsonl,b3a497e4f969d212482ce795508fe1545e2fb409ac16d22c89e233b99f093f69,EXACT_BYTES; ARCHIVE_RESTORE
artifact/raw/B3-formal-v1/M5-S1-measured-04-M5_I2R2_N1024_e8192_COLD_repeated/monitor_samples.jsonl,artifact/raw/B3-formal-v1/M5-S1-measured-04-M5_I2R2_N1024_e8192_COLD_repeated/monitor_samples.jsonl,4df5dcc7019d5a6ef3da402e69c62a7a6f3af336015b1810697f23f2f843f3fb,EXACT_BYTES; ARCHIVE_RESTORE
artifact/raw/B3-formal-v1/M5-S1-measured-04-M5_I2R2_N1024_e8192_ONLINE_packed/monitor_samples.jsonl,artifact/raw/B3-formal-v1/M5-S1-measured-04-M5_I2R2_N1024_e8192_ONLINE_packed/monitor_samples.jsonl,52ae168505420f635f3a95a5454ca858c277c2749d277d97bd4ecb303975c9c3,EXACT_BYTES; ARCHIVE_RESTORE
artifact/raw/B3-formal-v1/M5-S1-measured-04-M5_I2R2_N1024_e8192_ONLINE_repeated/monitor_samples.jsonl,artifact/raw/B3-formal-v1/M5-S1-measured-04-M5_I2R2_N1024_e8192_ONLINE_repeated/monitor_samples.jsonl,bba44bd680273a36e4eefc86beb7c7242e17e94a9794970b8fed8247ac965472,EXACT_BYTES; ARCHIVE_RESTORE
artifact/raw/B3-formal-v1/M5-S1-measured-05-M5_I2R2_N1024_e12288_COLD_packed/monitor_samples.jsonl,artifact/raw/B3-formal-v1/M5-S1-measured-05-M5_I2R2_N1024_e12288_COLD_packed/monitor_samples.jsonl,68010ef8152cf873d43c92eecb80585afc29ba243bec5d80e0a483fda9e19286,EXACT_BYTES; ARCHIVE_RESTORE
artifact/raw/B3-formal-v1/M5-S1-measured-05-M5_I2R2_N1024_e12288_COLD_repeated/monitor_samples.jsonl,artifact/raw/B3-formal-v1/M5-S1-measured-05-M5_I2R2_N1024_e12288_COLD_repeated/monitor_samples.jsonl,aed3080724b317ae7a40a9eba66a54ee64f952948dc648cc7cf57fe110a13307,EXACT_BYTES; ARCHIVE_RESTORE
artifact/raw/B3-formal-v1/M5-S1-measured-05-M5_I2R2_N1024_e12288_ONLINE_packed/monitor_samples.jsonl,artifact/raw/B3-formal-v1/M5-S1-measured-05-M5_I2R2_N1024_e12288_ONLINE_packed/monitor_samples.jsonl,cadd1e3ad36d38e2bdf2d1316f7d6a28657b979be283f53133d07e15f299ea44,EXACT_BYTES; ARCHIVE_RESTORE
artifact/raw/B3-formal-v1/M5-S1-measured-05-M5_I2R2_N1024_e12288_ONLINE_repeated/monitor_samples.jsonl,artifact/raw/B3-formal-v1/M5-S1-measured-05-M5_I2R2_N1024_e12288_ONLINE_repeated/monitor_samples.jsonl,5fb65ecee36acaafdb233084e0b8aad0758ba11d4e896d2aa7d7bf04e5e430b8,EXACT_BYTES; ARCHIVE_RESTORE
artifact/raw/B3-formal-v1/M5-S1-measured-05-M5_I2R2_N1024_e16384_COLD_packed/monitor_samples.jsonl,artifact/raw/B3-formal-v1/M5-S1-measured-05-M5_I2R2_N1024_e16384_COLD_packed/monitor_samples.jsonl,5d653eee00485edec55b77637ae023b846ef922c14ef7d0af95469fe5e0b4c87,EXACT_BYTES; ARCHIVE_RESTORE
artifact/raw/B3-formal-v1/M5-S1-measured-05-M5_I2R2_N1024_e16384_COLD_repeated/monitor_samples.jsonl,artifact/raw/B3-formal-v1/M5-S1-measured-05-M5_I2R2_N1024_e16384_COLD_repeated/monitor_samples.jsonl,5609f1fc0f4d3906690cd31408be4c4e6bf73d5fabffbc99d787e014fafbf95f,EXACT_BYTES; ARCHIVE_RESTORE
artifact/raw/B3-formal-v1/M5-S1-measured-05-M5_I2R2_N1024_e16384_ONLINE_packed/monitor_samples.jsonl,artifact/raw/B3-formal-v1/M5-S1-measured-05-M5_I2R2_N1024_e16384_ONLINE_packed/monitor_samples.jsonl,396f165ea0e2f5b5179b160f449242f03088c542368edf9ba3bd9931c071a8c5,EXACT_BYTES; ARCHIVE_RESTORE
artifact/raw/B3-formal-v1/M5-S1-measured-05-M5_I2R2_N1024_e16384_ONLINE_repeated/monitor_samples.jsonl,artifact/raw/B3-formal-v1/M5-S1-measured-05-M5_I2R2_N1024_e16384_ONLINE_repeated/monitor_samples.jsonl,b696534501b4db3ca40c558384da8ee06b139a421d95de24c170aa7e5e641c6f,EXACT_BYTES; ARCHIVE_RESTORE
artifact/raw/B3-formal-v1/M5-S1-measured-05-M5_I2R2_N1024_e4096_COLD_packed/monitor_samples.jsonl,artifact/raw/B3-formal-v1/M5-S1-measured-05-M5_I2R2_N1024_e4096_COLD_packed/monitor_samples.jsonl,c610ab0abfd17aa98777a5a25f1d25690ef6a190ed34af4e88b3cc24fbda5595,EXACT_BYTES; ARCHIVE_RESTORE
artifact/raw/B3-formal-v1/M5-S1-measured-05-M5_I2R2_N1024_e4096_COLD_repeated/monitor_samples.jsonl,artifact/raw/B3-formal-v1/M5-S1-measured-05-M5_I2R2_N1024_e4096_COLD_repeated/monitor_samples.jsonl,ac8e795571c3cb7241bb8223f6f339d40f3b45ab50ddac8cc51b1cecb4dd1470,EXACT_BYTES; ARCHIVE_RESTORE
artifact/raw/B3-formal-v1/M5-S1-measured-05-M5_I2R2_N1024_e4096_ONLINE_packed/monitor_samples.jsonl,artifact/raw/B3-formal-v1/M5-S1-measured-05-M5_I2R2_N1024_e4096_ONLINE_packed/monitor_samples.jsonl,24a2e84a6351a4f807230faa390c6281d150cb277f9efff341c6e2b75ed44dfc,EXACT_BYTES; ARCHIVE_RESTORE
artifact/raw/B3-formal-v1/M5-S1-measured-05-M5_I2R2_N1024_e4096_ONLINE_repeated/monitor_samples.jsonl,artifact/raw/B3-formal-v1/M5-S1-measured-05-M5_I2R2_N1024_e4096_ONLINE_repeated/monitor_samples.jsonl,f9b0f5409b56a432a64f1241bb347669de354cb54d18f75d0a1ded1d559cf42b,EXACT_BYTES; ARCHIVE_RESTORE
artifact/raw/B3-formal-v1/M5-S1-measured-05-M5_I2R2_N1024_e65536_COLD_packed/monitor_samples.jsonl,artifact/raw/B3-formal-v1/M5-S1-measured-05-M5_I2R2_N1024_e65536_COLD_packed/monitor_samples.jsonl,28fac1654f54c16fa57bf35d2fee92bfbeba6ada7b4b15e77d99889f7a40b392,EXACT_BYTES; ARCHIVE_RESTORE
artifact/raw/B3-formal-v1/M5-S1-measured-05-M5_I2R2_N1024_e65536_COLD_repeated/monitor_samples.jsonl,artifact/raw/B3-formal-v1/M5-S1-measured-05-M5_I2R2_N1024_e65536_COLD_repeated/monitor_samples.jsonl,c3dc996d8735343cd908ee9011a7679a66af9589ab8e96fafd97994ad7a8b4e6,EXACT_BYTES; ARCHIVE_RESTORE
artifact/raw/B3-formal-v1/M5-S1-measured-05-M5_I2R2_N1024_e65536_ONLINE_packed/monitor_samples.jsonl,artifact/raw/B3-formal-v1/M5-S1-measured-05-M5_I2R2_N1024_e65536_ONLINE_packed/monitor_samples.jsonl,63927a3181f77431dc729bc54bba1f04dbafd0cb3f0883075da503173da42622,EXACT_BYTES; ARCHIVE_RESTORE
artifact/raw/B3-formal-v1/M5-S1-measured-05-M5_I2R2_N1024_e65536_ONLINE_repeated/monitor_samples.jsonl,artifact/raw/B3-formal-v1/M5-S1-measured-05-M5_I2R2_N1024_e65536_ONLINE_repeated/monitor_samples.jsonl,fa322c780e9542478ea2c219f397ecaf70a1f9a2f6ac5e0d1dd861fb391436c2,EXACT_BYTES; ARCHIVE_RESTORE
artifact/raw/B3-formal-v1/M5-S1-measured-05-M5_I2R2_N1024_e8192_COLD_packed/monitor_samples.jsonl,artifact/raw/B3-formal-v1/M5-S1-measured-05-M5_I2R2_N1024_e8192_COLD_packed/monitor_samples.jsonl,54ca3770be942257c4a44d0270c0f82660938b3616661e6de77c129dc155a60d,EXACT_BYTES; ARCHIVE_RESTORE
artifact/raw/B3-formal-v1/M5-S1-measured-05-M5_I2R2_N1024_e8192_COLD_repeated/monitor_samples.jsonl,artifact/raw/B3-formal-v1/M5-S1-measured-05-M5_I2R2_N1024_e8192_COLD_repeated/monitor_samples.jsonl,58a636636ec1e2942a986f6dcdfdd1f162186e0d6250dcc3ab942582083b01d0,EXACT_BYTES; ARCHIVE_RESTORE
artifact/raw/B3-formal-v1/M5-S1-measured-05-M5_I2R2_N1024_e8192_ONLINE_packed/monitor_samples.jsonl,artifact/raw/B3-formal-v1/M5-S1-measured-05-M5_I2R2_N1024_e8192_ONLINE_packed/monitor_samples.jsonl,1f79ee17846860f563cd760f7c7d5f52f6d07bba512b9a27e404bc6302910fa7,EXACT_BYTES; ARCHIVE_RESTORE
artifact/raw/B3-formal-v1/M5-S1-measured-05-M5_I2R2_N1024_e8192_ONLINE_repeated/monitor_samples.jsonl,artifact/raw/B3-formal-v1/M5-S1-measured-05-M5_I2R2_N1024_e8192_ONLINE_repeated/monitor_samples.jsonl,153921c46f5c9faad8d7552874cf39db820d65fbcbd25094213e5d0459ec6837,EXACT_BYTES; ARCHIVE_RESTORE
artifact/raw/B3-formal-v1/M5-S1-measured-06-M5_I2R2_N1024_e12288_COLD_packed/monitor_samples.jsonl,artifact/raw/B3-formal-v1/M5-S1-measured-06-M5_I2R2_N1024_e12288_COLD_packed/monitor_samples.jsonl,f42b1abaa58579e586c93540f0a3565b990ad328831b9d2cb31503a40c7779e1,EXACT_BYTES; ARCHIVE_RESTORE
artifact/raw/B3-formal-v1/M5-S1-measured-06-M5_I2R2_N1024_e12288_COLD_repeated/monitor_samples.jsonl,artifact/raw/B3-formal-v1/M5-S1-measured-06-M5_I2R2_N1024_e12288_COLD_repeated/monitor_samples.jsonl,5d5f532f2c21ed48676e82af3aba5e008edc4aaedb2784a277716331e52f7976,EXACT_BYTES; ARCHIVE_RESTORE
artifact/raw/B3-formal-v1/M5-S1-measured-06-M5_I2R2_N1024_e12288_ONLINE_packed/monitor_samples.jsonl,artifact/raw/B3-formal-v1/M5-S1-measured-06-M5_I2R2_N1024_e12288_ONLINE_packed/monitor_samples.jsonl,c81a429125ba961d7fa3aeab94a1dd1e1f5ace76fba6edd48fd46ea6325f5a24,EXACT_BYTES; ARCHIVE_RESTORE
artifact/raw/B3-formal-v1/M5-S1-measured-06-M5_I2R2_N1024_e12288_ONLINE_repeated/monitor_samples.jsonl,artifact/raw/B3-formal-v1/M5-S1-measured-06-M5_I2R2_N1024_e12288_ONLINE_repeated/monitor_samples.jsonl,43bacd2129e88b640736a5d4e861103e924734935a0b47da9ec841cd4985000f,EXACT_BYTES; ARCHIVE_RESTORE
artifact/raw/B3-formal-v1/M5-S1-measured-06-M5_I2R2_N1024_e16384_COLD_packed/monitor_samples.jsonl,artifact/raw/B3-formal-v1/M5-S1-measured-06-M5_I2R2_N1024_e16384_COLD_packed/monitor_samples.jsonl,e93ed1711a5d73808aecafef98d64043aa43988cc02a745cebab4cfc1807d46b,EXACT_BYTES; ARCHIVE_RESTORE
artifact/raw/B3-formal-v1/M5-S1-measured-06-M5_I2R2_N1024_e16384_COLD_repeated/monitor_samples.jsonl,artifact/raw/B3-formal-v1/M5-S1-measured-06-M5_I2R2_N1024_e16384_COLD_repeated/monitor_samples.jsonl,b58e56acebf2b05a15b01667b813bc52b080ef4a0c0cf82e20440aa4766c993a,EXACT_BYTES; ARCHIVE_RESTORE
artifact/raw/B3-formal-v1/M5-S1-measured-06-M5_I2R2_N1024_e16384_ONLINE_packed/monitor_samples.jsonl,artifact/raw/B3-formal-v1/M5-S1-measured-06-M5_I2R2_N1024_e16384_ONLINE_packed/monitor_samples.jsonl,619f57371721413e64d0c90e1d86d3e17741b8707122301bb6ee70f2122c7d51,EXACT_BYTES; ARCHIVE_RESTORE
artifact/raw/B3-formal-v1/M5-S1-measured-06-M5_I2R2_N1024_e16384_ONLINE_repeated/monitor_samples.jsonl,artifact/raw/B3-formal-v1/M5-S1-measured-06-M5_I2R2_N1024_e16384_ONLINE_repeated/monitor_samples.jsonl,78566ebf8afdf29edddcacaddde6f74c7c07845a5f1c32d83caa26b626873d9c,EXACT_BYTES; ARCHIVE_RESTORE
artifact/raw/B3-formal-v1/M5-S1-measured-06-M5_I2R2_N1024_e4096_COLD_packed/monitor_samples.jsonl,artifact/raw/B3-formal-v1/M5-S1-measured-06-M5_I2R2_N1024_e4096_COLD_packed/monitor_samples.jsonl,dc9968d669cbcbd26dfb6f26a6dd8991f04a7630678057970b59df885746bac7,EXACT_BYTES; ARCHIVE_RESTORE
artifact/raw/B3-formal-v1/M5-S1-measured-06-M5_I2R2_N1024_e4096_COLD_repeated/monitor_samples.jsonl,artifact/raw/B3-formal-v1/M5-S1-measured-06-M5_I2R2_N1024_e4096_COLD_repeated/monitor_samples.jsonl,a8c696303dcbd9ac3b8603a2f0c702408180ce61a5be885024785a55d4944d55,EXACT_BYTES; ARCHIVE_RESTORE
artifact/raw/B3-formal-v1/M5-S1-measured-06-M5_I2R2_N1024_e4096_ONLINE_packed/monitor_samples.jsonl,artifact/raw/B3-formal-v1/M5-S1-measured-06-M5_I2R2_N1024_e4096_ONLINE_packed/monitor_samples.jsonl,bc31291aae942aaab1a077203e9df429f683c8a5294683b9cf22c107dcc1b65d,EXACT_BYTES; ARCHIVE_RESTORE
artifact/raw/B3-formal-v1/M5-S1-measured-06-M5_I2R2_N1024_e4096_ONLINE_repeated/monitor_samples.jsonl,artifact/raw/B3-formal-v1/M5-S1-measured-06-M5_I2R2_N1024_e4096_ONLINE_repeated/monitor_samples.jsonl,2b4fb71aa865deae98d9e5da48e131fa1a48c67d52555c5b9c6d11f1a8c498fb,EXACT_BYTES; ARCHIVE_RESTORE
artifact/raw/B3-formal-v1/M5-S1-measured-06-M5_I2R2_N1024_e65536_COLD_packed/monitor_samples.jsonl,artifact/raw/B3-formal-v1/M5-S1-measured-06-M5_I2R2_N1024_e65536_COLD_packed/monitor_samples.jsonl,36caaa9b016c38721273f448d9f4d932d9775dbd6c2e90dca73d33ae34d26677,EXACT_BYTES; ARCHIVE_RESTORE
artifact/raw/B3-formal-v1/M5-S1-measured-06-M5_I2R2_N1024_e65536_COLD_repeated/monitor_samples.jsonl,artifact/raw/B3-formal-v1/M5-S1-measured-06-M5_I2R2_N1024_e65536_COLD_repeated/monitor_samples.jsonl,14a3b4410c7c4556c2ae09ca76db9d76258febc0cc55e7900f16a584f5cd7b4c,EXACT_BYTES; ARCHIVE_RESTORE
artifact/raw/B3-formal-v1/M5-S1-measured-06-M5_I2R2_N1024_e65536_ONLINE_packed/monitor_samples.jsonl,artifact/raw/B3-formal-v1/M5-S1-measured-06-M5_I2R2_N1024_e65536_ONLINE_packed/monitor_samples.jsonl,aae186ce8e91cbc6650340830935feffa70640179875854f81034c9ce04e6498,EXACT_BYTES; ARCHIVE_RESTORE
artifact/raw/B3-formal-v1/M5-S1-measured-06-M5_I2R2_N1024_e65536_ONLINE_repeated/monitor_samples.jsonl,artifact/raw/B3-formal-v1/M5-S1-measured-06-M5_I2R2_N1024_e65536_ONLINE_repeated/monitor_samples.jsonl,acb0f92aada44c4bf4650335858cf4c6ff47308fc629ffffdbff514b7f1dd4df,EXACT_BYTES; ARCHIVE_RESTORE
artifact/raw/B3-formal-v1/M5-S1-measured-06-M5_I2R2_N1024_e8192_COLD_packed/monitor_samples.jsonl,artifact/raw/B3-formal-v1/M5-S1-measured-06-M5_I2R2_N1024_e8192_COLD_packed/monitor_samples.jsonl,2448dfc49fed9dc3561019eecd44407fb27b306b7251746e11954a4aa2fabdbd,EXACT_BYTES; ARCHIVE_RESTORE
artifact/raw/B3-formal-v1/M5-S1-measured-06-M5_I2R2_N1024_e8192_COLD_repeated/monitor_samples.jsonl,artifact/raw/B3-formal-v1/M5-S1-measured-06-M5_I2R2_N1024_e8192_COLD_repeated/monitor_samples.jsonl,7b031999acfc08a429d11f0d05acbdd94b8d9570de431f978c010965b738a0d4,EXACT_BYTES; ARCHIVE_RESTORE
artifact/raw/B3-formal-v1/M5-S1-measured-06-M5_I2R2_N1024_e8192_ONLINE_packed/monitor_samples.jsonl,artifact/raw/B3-formal-v1/M5-S1-measured-06-M5_I2R2_N1024_e8192_ONLINE_packed/monitor_samples.jsonl,17263c190b4c15c2e64b87bf8788b48d5e129b5a5a71194401a0005426abf39b,EXACT_BYTES; ARCHIVE_RESTORE
artifact/raw/B3-formal-v1/M5-S1-measured-06-M5_I2R2_N1024_e8192_ONLINE_repeated/monitor_samples.jsonl,artifact/raw/B3-formal-v1/M5-S1-measured-06-M5_I2R2_N1024_e8192_ONLINE_repeated/monitor_samples.jsonl,7bea10b82bd30b9ed2dee4c98aaf63ab6f7923e450682be101bb9b10e2c1e0d3,EXACT_BYTES; ARCHIVE_RESTORE
artifact/raw/B3-formal-v1/M5-S1-measured-07-M5_I2R2_N1024_e12288_COLD_packed/monitor_samples.jsonl,artifact/raw/B3-formal-v1/M5-S1-measured-07-M5_I2R2_N1024_e12288_COLD_packed/monitor_samples.jsonl,f5d26cc95681467c12652789f295d5d865eadcf6e515c5ca85a73831ebb84932,EXACT_BYTES; ARCHIVE_RESTORE
artifact/raw/B3-formal-v1/M5-S1-measured-07-M5_I2R2_N1024_e12288_COLD_repeated/monitor_samples.jsonl,artifact/raw/B3-formal-v1/M5-S1-measured-07-M5_I2R2_N1024_e12288_COLD_repeated/monitor_samples.jsonl,3bd8c376e0a606b6ca80d030443a84cfecca9d6399658f83dbec612608591062,EXACT_BYTES; ARCHIVE_RESTORE
artifact/raw/B3-formal-v1/M5-S1-measured-07-M5_I2R2_N1024_e12288_ONLINE_packed/monitor_samples.jsonl,artifact/raw/B3-formal-v1/M5-S1-measured-07-M5_I2R2_N1024_e12288_ONLINE_packed/monitor_samples.jsonl,29d434146075784df08997f89ad5ac5fa156e359e053313a84ecac72704c0867,EXACT_BYTES; ARCHIVE_RESTORE
artifact/raw/B3-formal-v1/M5-S1-measured-07-M5_I2R2_N1024_e12288_ONLINE_repeated/monitor_samples.jsonl,artifact/raw/B3-formal-v1/M5-S1-measured-07-M5_I2R2_N1024_e12288_ONLINE_repeated/monitor_samples.jsonl,86db83796f05023ff676f23185c83b6d16dd7192e57fd5c167e7f8b53cf2cfd4,EXACT_BYTES; ARCHIVE_RESTORE
artifact/raw/B3-formal-v1/M5-S1-measured-07-M5_I2R2_N1024_e16384_COLD_packed/monitor_samples.jsonl,artifact/raw/B3-formal-v1/M5-S1-measured-07-M5_I2R2_N1024_e16384_COLD_packed/monitor_samples.jsonl,468a909b9348ca750c2a3d81ad5f935e6a862a12a19363f3cdad3b7aa2219f69,EXACT_BYTES; ARCHIVE_RESTORE
artifact/raw/B3-formal-v1/M5-S1-measured-07-M5_I2R2_N1024_e16384_COLD_repeated/monitor_samples.jsonl,artifact/raw/B3-formal-v1/M5-S1-measured-07-M5_I2R2_N1024_e16384_COLD_repeated/monitor_samples.jsonl,cd1928c5fa1da4c0ad25e03c1ce85365f7aef1ecbaee1d6818fee19887623d35,EXACT_BYTES; ARCHIVE_RESTORE
artifact/raw/B3-formal-v1/M5-S1-measured-07-M5_I2R2_N1024_e16384_ONLINE_packed/monitor_samples.jsonl,artifact/raw/B3-formal-v1/M5-S1-measured-07-M5_I2R2_N1024_e16384_ONLINE_packed/monitor_samples.jsonl,3a3ff9fd01d82c73a4897412af5515a655682d7d7f15e13232f28523bd84a464,EXACT_BYTES; ARCHIVE_RESTORE
artifact/raw/B3-formal-v1/M5-S1-measured-07-M5_I2R2_N1024_e16384_ONLINE_repeated/monitor_samples.jsonl,artifact/raw/B3-formal-v1/M5-S1-measured-07-M5_I2R2_N1024_e16384_ONLINE_repeated/monitor_samples.jsonl,6d23c8d79bd65ad16151f87f6368914d6024964c5aeb34e74c5808679d96d377,EXACT_BYTES; ARCHIVE_RESTORE
artifact/raw/B3-formal-v1/M5-S1-measured-07-M5_I2R2_N1024_e4096_COLD_packed/monitor_samples.jsonl,artifact/raw/B3-formal-v1/M5-S1-measured-07-M5_I2R2_N1024_e4096_COLD_packed/monitor_samples.jsonl,40b8f3d434c768eee9fd81405acb3a444e8f449a88a4e815da9a0d00a48b4c20,EXACT_BYTES; ARCHIVE_RESTORE
artifact/raw/B3-formal-v1/M5-S1-measured-07-M5_I2R2_N1024_e4096_COLD_repeated/monitor_samples.jsonl,artifact/raw/B3-formal-v1/M5-S1-measured-07-M5_I2R2_N1024_e4096_COLD_repeated/monitor_samples.jsonl,cf2af9dcd6bff1cce7c9f159aaa3637df51c9cd5ea6c68052e7289e1417782b8,EXACT_BYTES; ARCHIVE_RESTORE
artifact/raw/B3-formal-v1/M5-S1-measured-07-M5_I2R2_N1024_e4096_ONLINE_packed/monitor_samples.jsonl,artifact/raw/B3-formal-v1/M5-S1-measured-07-M5_I2R2_N1024_e4096_ONLINE_packed/monitor_samples.jsonl,5a577a3c24b7a0a68c4d44ac9a21be22e1b57670f9b7a77fb1df242c4e128f30,EXACT_BYTES; ARCHIVE_RESTORE
artifact/raw/B3-formal-v1/M5-S1-measured-07-M5_I2R2_N1024_e4096_ONLINE_repeated/monitor_samples.jsonl,artifact/raw/B3-formal-v1/M5-S1-measured-07-M5_I2R2_N1024_e4096_ONLINE_repeated/monitor_samples.jsonl,76b87f9ef634f6e49c26e3a371b8b4149c62ae26fdeaeac3498e38a4c55db76c,EXACT_BYTES; ARCHIVE_RESTORE
artifact/raw/B3-formal-v1/M5-S1-measured-07-M5_I2R2_N1024_e65536_COLD_packed/monitor_samples.jsonl,artifact/raw/B3-formal-v1/M5-S1-measured-07-M5_I2R2_N1024_e65536_COLD_packed/monitor_samples.jsonl,b67754185e69b3f2a1b378cc7b3f90f34bbf3377e7a90cba12ec9c62c200ff2d,EXACT_BYTES; ARCHIVE_RESTORE
artifact/raw/B3-formal-v1/M5-S1-measured-07-M5_I2R2_N1024_e65536_COLD_repeated/monitor_samples.jsonl,artifact/raw/B3-formal-v1/M5-S1-measured-07-M5_I2R2_N1024_e65536_COLD_repeated/monitor_samples.jsonl,666d490a35bb62df34f5bbe5233f7f7d879207f7da3ed1d5b565dca79fdb0524,EXACT_BYTES; ARCHIVE_RESTORE
artifact/raw/B3-formal-v1/M5-S1-measured-07-M5_I2R2_N1024_e65536_ONLINE_packed/monitor_samples.jsonl,artifact/raw/B3-formal-v1/M5-S1-measured-07-M5_I2R2_N1024_e65536_ONLINE_packed/monitor_samples.jsonl,73630081f084630a647a771cf2d79c1ec37d81ceeaede03ed3f3aa216e2e2e8e,EXACT_BYTES; ARCHIVE_RESTORE
artifact/raw/B3-formal-v1/M5-S1-measured-07-M5_I2R2_N1024_e65536_ONLINE_repeated/monitor_samples.jsonl,artifact/raw/B3-formal-v1/M5-S1-measured-07-M5_I2R2_N1024_e65536_ONLINE_repeated/monitor_samples.jsonl,5bec4f8cc920233643c4607e9e8cba0e93a67b0399aa0dadb8fcc87773f9dfbe,EXACT_BYTES; ARCHIVE_RESTORE
artifact/raw/B3-formal-v1/M5-S1-measured-07-M5_I2R2_N1024_e8192_COLD_packed/monitor_samples.jsonl,artifact/raw/B3-formal-v1/M5-S1-measured-07-M5_I2R2_N1024_e8192_COLD_packed/monitor_samples.jsonl,fc3f87ebf5f103d96ee9fb0b5040662ab2133ee3e19fe5f8d5cea25590d3cd2f,EXACT_BYTES; ARCHIVE_RESTORE
artifact/raw/B3-formal-v1/M5-S1-measured-07-M5_I2R2_N1024_e8192_COLD_repeated/monitor_samples.jsonl,artifact/raw/B3-formal-v1/M5-S1-measured-07-M5_I2R2_N1024_e8192_COLD_repeated/monitor_samples.jsonl,30ece1e42855774a329799bfadc6bfe91da257284119c8076aa41cbd64f5d45c,EXACT_BYTES; ARCHIVE_RESTORE
artifact/raw/B3-formal-v1/M5-S1-measured-07-M5_I2R2_N1024_e8192_ONLINE_packed/monitor_samples.jsonl,artifact/raw/B3-formal-v1/M5-S1-measured-07-M5_I2R2_N1024_e8192_ONLINE_packed/monitor_samples.jsonl,62437b76e81ac769154d7f755089afde21b18d9ec6a23fbe771755a0391041a1,EXACT_BYTES; ARCHIVE_RESTORE
artifact/raw/B3-formal-v1/M5-S1-measured-07-M5_I2R2_N1024_e8192_ONLINE_repeated/monitor_samples.jsonl,artifact/raw/B3-formal-v1/M5-S1-measured-07-M5_I2R2_N1024_e8192_ONLINE_repeated/monitor_samples.jsonl,12ff65d15194bfff0463f0368354526079928146a721d7f72d48a2780fdd97f7,EXACT_BYTES; ARCHIVE_RESTORE
artifact/raw/B3-formal-v1/M5-S1-measured-08-M5_I2R2_N1024_e12288_COLD_packed/monitor_samples.jsonl,artifact/raw/B3-formal-v1/M5-S1-measured-08-M5_I2R2_N1024_e12288_COLD_packed/monitor_samples.jsonl,98bdfa75fced6a9bdf391303c3e035974e8797049aab33bddd517b357ad9c9bf,EXACT_BYTES; ARCHIVE_RESTORE
artifact/raw/B3-formal-v1/M5-S1-measured-08-M5_I2R2_N1024_e12288_COLD_repeated/monitor_samples.jsonl,artifact/raw/B3-formal-v1/M5-S1-measured-08-M5_I2R2_N1024_e12288_COLD_repeated/monitor_samples.jsonl,7024eca2c84c08bc0222ce03595c4e34ee98c397991c26fe7d5f97ccaebab50a,EXACT_BYTES; ARCHIVE_RESTORE
artifact/raw/B3-formal-v1/M5-S1-measured-08-M5_I2R2_N1024_e12288_ONLINE_packed/monitor_samples.jsonl,artifact/raw/B3-formal-v1/M5-S1-measured-08-M5_I2R2_N1024_e12288_ONLINE_packed/monitor_samples.jsonl,a1a7af93e7b108c5e47703e3cee867a92939ca44cd7f5cdbf0f4312fdca741f6,EXACT_BYTES; ARCHIVE_RESTORE
artifact/raw/B3-formal-v1/M5-S1-measured-08-M5_I2R2_N1024_e12288_ONLINE_repeated/monitor_samples.jsonl,artifact/raw/B3-formal-v1/M5-S1-measured-08-M5_I2R2_N1024_e12288_ONLINE_repeated/monitor_samples.jsonl,2035344709461b1a7f8eb1829f3df0ac235c2d36408ccf67e2a9c186eafcdc16,EXACT_BYTES; ARCHIVE_RESTORE
artifact/raw/B3-formal-v1/M5-S1-measured-08-M5_I2R2_N1024_e16384_COLD_packed/monitor_samples.jsonl,artifact/raw/B3-formal-v1/M5-S1-measured-08-M5_I2R2_N1024_e16384_COLD_packed/monitor_samples.jsonl,b91888a8965cc614fb0feb14206b6351da77c51804117531714dc362b8afc778,EXACT_BYTES; ARCHIVE_RESTORE
artifact/raw/B3-formal-v1/M5-S1-measured-08-M5_I2R2_N1024_e16384_COLD_repeated/monitor_samples.jsonl,artifact/raw/B3-formal-v1/M5-S1-measured-08-M5_I2R2_N1024_e16384_COLD_repeated/monitor_samples.jsonl,d0c79ce1f2ff755281b6bac7560054946ff3be77f04162910be0ea39be32d80a,EXACT_BYTES; ARCHIVE_RESTORE
artifact/raw/B3-formal-v1/M5-S1-measured-08-M5_I2R2_N1024_e16384_ONLINE_packed/monitor_samples.jsonl,artifact/raw/B3-formal-v1/M5-S1-measured-08-M5_I2R2_N1024_e16384_ONLINE_packed/monitor_samples.jsonl,6461ac169a8d65afd87d2ae982c5b538b21b748ba3cd1d3584ec8aca6aae0ffd,EXACT_BYTES; ARCHIVE_RESTORE
artifact/raw/B3-formal-v1/M5-S1-measured-08-M5_I2R2_N1024_e16384_ONLINE_repeated/monitor_samples.jsonl,artifact/raw/B3-formal-v1/M5-S1-measured-08-M5_I2R2_N1024_e16384_ONLINE_repeated/monitor_samples.jsonl,37003d3ba444461c3dbca84ee3351a5a506cff15258c32800c9997eb5af96b6e,EXACT_BYTES; ARCHIVE_RESTORE
artifact/raw/B3-formal-v1/M5-S1-measured-08-M5_I2R2_N1024_e4096_COLD_packed/monitor_samples.jsonl,artifact/raw/B3-formal-v1/M5-S1-measured-08-M5_I2R2_N1024_e4096_COLD_packed/monitor_samples.jsonl,ec6acf426b4bfee2d9e9d0d7afd176922c4976bcbc77c5fcb9cdd88a9fd6249f,EXACT_BYTES; ARCHIVE_RESTORE
artifact/raw/B3-formal-v1/M5-S1-measured-08-M5_I2R2_N1024_e4096_COLD_repeated/monitor_samples.jsonl,artifact/raw/B3-formal-v1/M5-S1-measured-08-M5_I2R2_N1024_e4096_COLD_repeated/monitor_samples.jsonl,bebf569674b5971f4b9da3f28a1f7825ed0140d9ae4c304dd9d0ef8ffd62222a,EXACT_BYTES; ARCHIVE_RESTORE
artifact/raw/B3-formal-v1/M5-S1-measured-08-M5_I2R2_N1024_e4096_ONLINE_packed/monitor_samples.jsonl,artifact/raw/B3-formal-v1/M5-S1-measured-08-M5_I2R2_N1024_e4096_ONLINE_packed/monitor_samples.jsonl,733f6622fd390e0eb816cd904cb6ff5ea153f46ebd4acf377dae33d39c56010b,EXACT_BYTES; ARCHIVE_RESTORE
artifact/raw/B3-formal-v1/M5-S1-measured-08-M5_I2R2_N1024_e4096_ONLINE_repeated/monitor_samples.jsonl,artifact/raw/B3-formal-v1/M5-S1-measured-08-M5_I2R2_N1024_e4096_ONLINE_repeated/monitor_samples.jsonl,e26173677ac0d64417b052eee6b19622089d02e838f3100f1d36b6fc5e366f27,EXACT_BYTES; ARCHIVE_RESTORE
artifact/raw/B3-formal-v1/M5-S1-measured-08-M5_I2R2_N1024_e65536_COLD_packed/monitor_samples.jsonl,artifact/raw/B3-formal-v1/M5-S1-measured-08-M5_I2R2_N1024_e65536_COLD_packed/monitor_samples.jsonl,7d649b68a151636a1b98488303164357097321081ddc9b7756aa0f19a7b7dc49,EXACT_BYTES; ARCHIVE_RESTORE
artifact/raw/B3-formal-v1/M5-S1-measured-08-M5_I2R2_N1024_e65536_COLD_repeated/monitor_samples.jsonl,artifact/raw/B3-formal-v1/M5-S1-measured-08-M5_I2R2_N1024_e65536_COLD_repeated/monitor_samples.jsonl,9bea655c36dcf64cab47fc7f3148c13b95a3a2b646ad6a95cd2350759bb3bfd2,EXACT_BYTES; ARCHIVE_RESTORE
artifact/raw/B3-formal-v1/M5-S1-measured-08-M5_I2R2_N1024_e65536_ONLINE_packed/monitor_samples.jsonl,artifact/raw/B3-formal-v1/M5-S1-measured-08-M5_I2R2_N1024_e65536_ONLINE_packed/monitor_samples.jsonl,6c82e10dd46b19461b57879b4427974c7ce897c54588324d0983382ca3fe62c4,EXACT_BYTES; ARCHIVE_RESTORE
artifact/raw/B3-formal-v1/M5-S1-measured-08-M5_I2R2_N1024_e65536_ONLINE_repeated/monitor_samples.jsonl,artifact/raw/B3-formal-v1/M5-S1-measured-08-M5_I2R2_N1024_e65536_ONLINE_repeated/monitor_samples.jsonl,518065adc98acd2e65d02e3d25e60ee6e1deb5c485551c9cd7828bf2973e36cf,EXACT_BYTES; ARCHIVE_RESTORE
artifact/raw/B3-formal-v1/M5-S1-measured-08-M5_I2R2_N1024_e8192_COLD_packed/monitor_samples.jsonl,artifact/raw/B3-formal-v1/M5-S1-measured-08-M5_I2R2_N1024_e8192_COLD_packed/monitor_samples.jsonl,047eff1eacefee6fc3b43c41de2b817a617e15bbc43e7ba8ac4d76c3a8d2cdd9,EXACT_BYTES; ARCHIVE_RESTORE
artifact/raw/B3-formal-v1/M5-S1-measured-08-M5_I2R2_N1024_e8192_COLD_repeated/monitor_samples.jsonl,artifact/raw/B3-formal-v1/M5-S1-measured-08-M5_I2R2_N1024_e8192_COLD_repeated/monitor_samples.jsonl,a54c25768c1b6a3d0cfbafde26b7cbc9c5a30a96e9cc7ef88f843a590cdf8baf,EXACT_BYTES; ARCHIVE_RESTORE
artifact/raw/B3-formal-v1/M5-S1-measured-08-M5_I2R2_N1024_e8192_ONLINE_packed/monitor_samples.jsonl,artifact/raw/B3-formal-v1/M5-S1-measured-08-M5_I2R2_N1024_e8192_ONLINE_packed/monitor_samples.jsonl,4c4351d3e08b941dab6b2b8259a54eb817c9937b81b41b48b792a60f293cf8e2,EXACT_BYTES; ARCHIVE_RESTORE
artifact/raw/B3-formal-v1/M5-S1-measured-08-M5_I2R2_N1024_e8192_ONLINE_repeated/monitor_samples.jsonl,artifact/raw/B3-formal-v1/M5-S1-measured-08-M5_I2R2_N1024_e8192_ONLINE_repeated/monitor_samples.jsonl,8fc4c6d9f533437bfe55f80a3b9b4fcb9cc1da24274b108ee704d7e23f54378e,EXACT_BYTES; ARCHIVE_RESTORE
artifact/raw/B3-formal-v1/M5-S1-measured-09-M5_I2R2_N1024_e12288_COLD_packed/monitor_samples.jsonl,artifact/raw/B3-formal-v1/M5-S1-measured-09-M5_I2R2_N1024_e12288_COLD_packed/monitor_samples.jsonl,092f6cf18c9f67ab384c71c13ac68e2f3e32f5de8bfac35444b7e31b50a5f40e,EXACT_BYTES; ARCHIVE_RESTORE
artifact/raw/B3-formal-v1/M5-S1-measured-09-M5_I2R2_N1024_e12288_COLD_repeated/monitor_samples.jsonl,artifact/raw/B3-formal-v1/M5-S1-measured-09-M5_I2R2_N1024_e12288_COLD_repeated/monitor_samples.jsonl,965d298743c19a7c0b2840d1c7aa6377585f593fb93e10dd3390fee45b62063d,EXACT_BYTES; ARCHIVE_RESTORE
artifact/raw/B3-formal-v1/M5-S1-measured-09-M5_I2R2_N1024_e12288_ONLINE_packed/monitor_samples.jsonl,artifact/raw/B3-formal-v1/M5-S1-measured-09-M5_I2R2_N1024_e12288_ONLINE_packed/monitor_samples.jsonl,a3d1626135b596796ca15c05c10d2a5c3e81b604f3e7a0af6531f8dd171ddc8c,EXACT_BYTES; ARCHIVE_RESTORE
artifact/raw/B3-formal-v1/M5-S1-measured-09-M5_I2R2_N1024_e12288_ONLINE_repeated/monitor_samples.jsonl,artifact/raw/B3-formal-v1/M5-S1-measured-09-M5_I2R2_N1024_e12288_ONLINE_repeated/monitor_samples.jsonl,7703a03d7567a77775966c07033846158b1a9c31ed01c4f25de59dfda5dbec6e,EXACT_BYTES; ARCHIVE_RESTORE
artifact/raw/B3-formal-v1/M5-S1-measured-09-M5_I2R2_N1024_e16384_COLD_packed/monitor_samples.jsonl,artifact/raw/B3-formal-v1/M5-S1-measured-09-M5_I2R2_N1024_e16384_COLD_packed/monitor_samples.jsonl,f6f60ca27bfa1a7f43f8d556a12dea184ae6871280a34a551c9b42db4493864f,EXACT_BYTES; ARCHIVE_RESTORE
artifact/raw/B3-formal-v1/M5-S1-measured-09-M5_I2R2_N1024_e16384_COLD_repeated/monitor_samples.jsonl,artifact/raw/B3-formal-v1/M5-S1-measured-09-M5_I2R2_N1024_e16384_COLD_repeated/monitor_samples.jsonl,2609ac3927b538568f324e9d28ea59f26f971f5795d2820ec054b4912fed8d1e,EXACT_BYTES; ARCHIVE_RESTORE
artifact/raw/B3-formal-v1/M5-S1-measured-09-M5_I2R2_N1024_e16384_ONLINE_packed/monitor_samples.jsonl,artifact/raw/B3-formal-v1/M5-S1-measured-09-M5_I2R2_N1024_e16384_ONLINE_packed/monitor_samples.jsonl,ae0275fabd9f28f6636b7c7c6179de44218f3f119cf80e52bd0ffc1fc555863a,EXACT_BYTES; ARCHIVE_RESTORE
artifact/raw/B3-formal-v1/M5-S1-measured-09-M5_I2R2_N1024_e16384_ONLINE_repeated/monitor_samples.jsonl,artifact/raw/B3-formal-v1/M5-S1-measured-09-M5_I2R2_N1024_e16384_ONLINE_repeated/monitor_samples.jsonl,5e3f398b39acdf4c6f24bf4095a6e3d774e52b7df240f488dda473c8286f5fc4,EXACT_BYTES; ARCHIVE_RESTORE
artifact/raw/B3-formal-v1/M5-S1-measured-09-M5_I2R2_N1024_e4096_COLD_packed/monitor_samples.jsonl,artifact/raw/B3-formal-v1/M5-S1-measured-09-M5_I2R2_N1024_e4096_COLD_packed/monitor_samples.jsonl,1e978bae91c1544050b08bf5817ed783b7208f455e0e648309665b1143152a46,EXACT_BYTES; ARCHIVE_RESTORE
artifact/raw/B3-formal-v1/M5-S1-measured-09-M5_I2R2_N1024_e4096_COLD_repeated/monitor_samples.jsonl,artifact/raw/B3-formal-v1/M5-S1-measured-09-M5_I2R2_N1024_e4096_COLD_repeated/monitor_samples.jsonl,4c09186e185915bc60c49bc4cb2f74c15cf6e092d8677ae44b30ce342b7b8d29,EXACT_BYTES; ARCHIVE_RESTORE
artifact/raw/B3-formal-v1/M5-S1-measured-09-M5_I2R2_N1024_e4096_ONLINE_packed/monitor_samples.jsonl,artifact/raw/B3-formal-v1/M5-S1-measured-09-M5_I2R2_N1024_e4096_ONLINE_packed/monitor_samples.jsonl,8f133d7fc0b9f1aeda3865c602632a51973879a94bc3ffe0d37c57003e59e8c2,EXACT_BYTES; ARCHIVE_RESTORE
artifact/raw/B3-formal-v1/M5-S1-measured-09-M5_I2R2_N1024_e4096_ONLINE_repeated/monitor_samples.jsonl,artifact/raw/B3-formal-v1/M5-S1-measured-09-M5_I2R2_N1024_e4096_ONLINE_repeated/monitor_samples.jsonl,f52bd9f40edeafb313f875b5ac548d18934210c6b952dfa3af3f10c3ccc959d2,EXACT_BYTES; ARCHIVE_RESTORE
artifact/raw/B3-formal-v1/M5-S1-measured-09-M5_I2R2_N1024_e65536_COLD_packed/monitor_samples.jsonl,artifact/raw/B3-formal-v1/M5-S1-measured-09-M5_I2R2_N1024_e65536_COLD_packed/monitor_samples.jsonl,93eef7b82c05865cb7c735e2e3200ce61ec5f5c0cb79133f751845c28fafc312,EXACT_BYTES; ARCHIVE_RESTORE
artifact/raw/B3-formal-v1/M5-S1-measured-09-M5_I2R2_N1024_e65536_COLD_repeated/monitor_samples.jsonl,artifact/raw/B3-formal-v1/M5-S1-measured-09-M5_I2R2_N1024_e65536_COLD_repeated/monitor_samples.jsonl,f82ff89c221ce06708656632f5bd33193348195342fa8908d7b6625c45792668,EXACT_BYTES; ARCHIVE_RESTORE
artifact/raw/B3-formal-v1/M5-S1-measured-09-M5_I2R2_N1024_e65536_ONLINE_packed/monitor_samples.jsonl,artifact/raw/B3-formal-v1/M5-S1-measured-09-M5_I2R2_N1024_e65536_ONLINE_packed/monitor_samples.jsonl,520eea4ddc1afe31922a8448c7d48541f6cb623a0a9160364540ce594fe8fb7c,EXACT_BYTES; ARCHIVE_RESTORE
artifact/raw/B3-formal-v1/M5-S1-measured-09-M5_I2R2_N1024_e65536_ONLINE_repeated/monitor_samples.jsonl,artifact/raw/B3-formal-v1/M5-S1-measured-09-M5_I2R2_N1024_e65536_ONLINE_repeated/monitor_samples.jsonl,cb0447c19b4f12d43aeb631b0a5cff2c062dfb64261cb1d5ba221ff3e691172a,EXACT_BYTES; ARCHIVE_RESTORE
artifact/raw/B3-formal-v1/M5-S1-measured-09-M5_I2R2_N1024_e8192_COLD_packed/monitor_samples.jsonl,artifact/raw/B3-formal-v1/M5-S1-measured-09-M5_I2R2_N1024_e8192_COLD_packed/monitor_samples.jsonl,992cde30d1da328ac33d380451e8855ae5ccceb702676c1b786b096185c7aa0e,EXACT_BYTES; ARCHIVE_RESTORE
artifact/raw/B3-formal-v1/M5-S1-measured-09-M5_I2R2_N1024_e8192_COLD_repeated/monitor_samples.jsonl,artifact/raw/B3-formal-v1/M5-S1-measured-09-M5_I2R2_N1024_e8192_COLD_repeated/monitor_samples.jsonl,56aadf16bae7b8955ff5d2b33453cc1661a0d292ffefadef9347b444227d6597,EXACT_BYTES; ARCHIVE_RESTORE
artifact/raw/B3-formal-v1/M5-S1-measured-09-M5_I2R2_N1024_e8192_ONLINE_packed/monitor_samples.jsonl,artifact/raw/B3-formal-v1/M5-S1-measured-09-M5_I2R2_N1024_e8192_ONLINE_packed/monitor_samples.jsonl,e317410cc9a312f022188280019b1d3f70d9e335fcd07fda5486dfacdc912c6d,EXACT_BYTES; ARCHIVE_RESTORE
artifact/raw/B3-formal-v1/M5-S1-measured-09-M5_I2R2_N1024_e8192_ONLINE_repeated/monitor_samples.jsonl,artifact/raw/B3-formal-v1/M5-S1-measured-09-M5_I2R2_N1024_e8192_ONLINE_repeated/monitor_samples.jsonl,dbe8eaa937e0b5053115e9a9cc06eab8eec8cc87db3526ecd58a50a69783ccf0,EXACT_BYTES; ARCHIVE_RESTORE
artifact/raw/B3-formal-v1/M5-S1-measured-10-M5_I2R2_N1024_e12288_COLD_packed/monitor_samples.jsonl,artifact/raw/B3-formal-v1/M5-S1-measured-10-M5_I2R2_N1024_e12288_COLD_packed/monitor_samples.jsonl,3c67f2b3f8a3f4c0cc43aa8c1e67a7f52141364011c06f797a2d4cd9e86793f0,EXACT_BYTES; ARCHIVE_RESTORE
artifact/raw/B3-formal-v1/M5-S1-measured-10-M5_I2R2_N1024_e12288_COLD_repeated/monitor_samples.jsonl,artifact/raw/B3-formal-v1/M5-S1-measured-10-M5_I2R2_N1024_e12288_COLD_repeated/monitor_samples.jsonl,58852a9f8a0081164c02fbc403c6c8bf0f9a79ca162460180f42e1f15a9ab847,EXACT_BYTES; ARCHIVE_RESTORE
artifact/raw/B3-formal-v1/M5-S1-measured-10-M5_I2R2_N1024_e12288_ONLINE_packed/monitor_samples.jsonl,artifact/raw/B3-formal-v1/M5-S1-measured-10-M5_I2R2_N1024_e12288_ONLINE_packed/monitor_samples.jsonl,fc095db3ca1a43e5c94e1f296fd9bb56b9ecc16fa9e5b1139f8007964a6b8060,EXACT_BYTES; ARCHIVE_RESTORE
artifact/raw/B3-formal-v1/M5-S1-measured-10-M5_I2R2_N1024_e12288_ONLINE_repeated/monitor_samples.jsonl,artifact/raw/B3-formal-v1/M5-S1-measured-10-M5_I2R2_N1024_e12288_ONLINE_repeated/monitor_samples.jsonl,e3f93f618b115ed024b3ca2093b7df4c27fd9adf7f7c506b3a7c7725c0a8c3d0,EXACT_BYTES; ARCHIVE_RESTORE
artifact/raw/B3-formal-v1/M5-S1-measured-10-M5_I2R2_N1024_e16384_COLD_packed/monitor_samples.jsonl,artifact/raw/B3-formal-v1/M5-S1-measured-10-M5_I2R2_N1024_e16384_COLD_packed/monitor_samples.jsonl,3c850ae647692935ec20e982ad657c0bf79f738bbc1d1f484a6a71f36f09473e,EXACT_BYTES; ARCHIVE_RESTORE
artifact/raw/B3-formal-v1/M5-S1-measured-10-M5_I2R2_N1024_e16384_COLD_repeated/monitor_samples.jsonl,artifact/raw/B3-formal-v1/M5-S1-measured-10-M5_I2R2_N1024_e16384_COLD_repeated/monitor_samples.jsonl,a084484ff0e75ae1cabbb6fe22d2ae747e210831db245a6b3ecdad2aaa55219e,EXACT_BYTES; ARCHIVE_RESTORE
artifact/raw/B3-formal-v1/M5-S1-measured-10-M5_I2R2_N1024_e16384_ONLINE_packed/monitor_samples.jsonl,artifact/raw/B3-formal-v1/M5-S1-measured-10-M5_I2R2_N1024_e16384_ONLINE_packed/monitor_samples.jsonl,0739cd2f4f3cbe70aa76b9438eae0ba63ae7af1c1abd6aa1f3cb2de982384994,EXACT_BYTES; ARCHIVE_RESTORE
artifact/raw/B3-formal-v1/M5-S1-measured-10-M5_I2R2_N1024_e16384_ONLINE_repeated/monitor_samples.jsonl,artifact/raw/B3-formal-v1/M5-S1-measured-10-M5_I2R2_N1024_e16384_ONLINE_repeated/monitor_samples.jsonl,16116768aa48985398faf461c5ef1884251bdd3dee583add70cb3f0272adc664,EXACT_BYTES; ARCHIVE_RESTORE
artifact/raw/B3-formal-v1/M5-S1-measured-10-M5_I2R2_N1024_e4096_COLD_packed/monitor_samples.jsonl,artifact/raw/B3-formal-v1/M5-S1-measured-10-M5_I2R2_N1024_e4096_COLD_packed/monitor_samples.jsonl,caf15654bc09528fff4f01e104c9a0a85eee9e3890646276ad60f9ac0f3bfd20,EXACT_BYTES; ARCHIVE_RESTORE
artifact/raw/B3-formal-v1/M5-S1-measured-10-M5_I2R2_N1024_e4096_COLD_repeated/monitor_samples.jsonl,artifact/raw/B3-formal-v1/M5-S1-measured-10-M5_I2R2_N1024_e4096_COLD_repeated/monitor_samples.jsonl,d725d59a8c0a906a5b7f6f23deba2ef677149700271d6a1bed7a7f12de3447ca,EXACT_BYTES; ARCHIVE_RESTORE
artifact/raw/B3-formal-v1/M5-S1-measured-10-M5_I2R2_N1024_e4096_ONLINE_packed/monitor_samples.jsonl,artifact/raw/B3-formal-v1/M5-S1-measured-10-M5_I2R2_N1024_e4096_ONLINE_packed/monitor_samples.jsonl,f831218236c3f5f804240fb4edf4268c13c54b1468f3b94e0e7ceb487ff9f139,EXACT_BYTES; ARCHIVE_RESTORE
artifact/raw/B3-formal-v1/M5-S1-measured-10-M5_I2R2_N1024_e4096_ONLINE_repeated/monitor_samples.jsonl,artifact/raw/B3-formal-v1/M5-S1-measured-10-M5_I2R2_N1024_e4096_ONLINE_repeated/monitor_samples.jsonl,413066f1562f563ce393bc0a5a96083ddd7e8a4684d7fa2565ce692ea2a9141a,EXACT_BYTES; ARCHIVE_RESTORE
artifact/raw/B3-formal-v1/M5-S1-measured-10-M5_I2R2_N1024_e65536_COLD_packed/monitor_samples.jsonl,artifact/raw/B3-formal-v1/M5-S1-measured-10-M5_I2R2_N1024_e65536_COLD_packed/monitor_samples.jsonl,f161415cffb36bedd0d5472fc7de5e55c3521bd88f4bc0276846228b29fba432,EXACT_BYTES; ARCHIVE_RESTORE
artifact/raw/B3-formal-v1/M5-S1-measured-10-M5_I2R2_N1024_e65536_COLD_repeated/monitor_samples.jsonl,artifact/raw/B3-formal-v1/M5-S1-measured-10-M5_I2R2_N1024_e65536_COLD_repeated/monitor_samples.jsonl,86a9f27d1e24ba32268d336c934fd1582536bc4d6119b60b9889d72b31a0d5a9,EXACT_BYTES; ARCHIVE_RESTORE
artifact/raw/B3-formal-v1/M5-S1-measured-10-M5_I2R2_N1024_e65536_ONLINE_packed/monitor_samples.jsonl,artifact/raw/B3-formal-v1/M5-S1-measured-10-M5_I2R2_N1024_e65536_ONLINE_packed/monitor_samples.jsonl,8c06b4abbbdeb82f19ab607f46a39dbc5fd17858d62cbc557a215f2ee6761fcb,EXACT_BYTES; ARCHIVE_RESTORE
artifact/raw/B3-formal-v1/M5-S1-measured-10-M5_I2R2_N1024_e65536_ONLINE_repeated/monitor_samples.jsonl,artifact/raw/B3-formal-v1/M5-S1-measured-10-M5_I2R2_N1024_e65536_ONLINE_repeated/monitor_samples.jsonl,3447ec2b58d21036fc39e3e4df1b1c2205ae0bb75e029c5497e9af1186075d71,EXACT_BYTES; ARCHIVE_RESTORE
artifact/raw/B3-formal-v1/M5-S1-measured-10-M5_I2R2_N1024_e8192_COLD_packed/monitor_samples.jsonl,artifact/raw/B3-formal-v1/M5-S1-measured-10-M5_I2R2_N1024_e8192_COLD_packed/monitor_samples.jsonl,1efc8e8755b6d5c0109485bece0ed27df50317ad4d87f5f58fd38cc7e00a9da4,EXACT_BYTES; ARCHIVE_RESTORE
artifact/raw/B3-formal-v1/M5-S1-measured-10-M5_I2R2_N1024_e8192_COLD_repeated/monitor_samples.jsonl,artifact/raw/B3-formal-v1/M5-S1-measured-10-M5_I2R2_N1024_e8192_COLD_repeated/monitor_samples.jsonl,68a0df1da1f52cf907ac674578a4713fbb074ed2054a17fcb660063f04ef4d75,EXACT_BYTES; ARCHIVE_RESTORE
artifact/raw/B3-formal-v1/M5-S1-measured-10-M5_I2R2_N1024_e8192_ONLINE_packed/monitor_samples.jsonl,artifact/raw/B3-formal-v1/M5-S1-measured-10-M5_I2R2_N1024_e8192_ONLINE_packed/monitor_samples.jsonl,d97bad7b6e622d0d61d283d769bbfb18dd490a0e98db64c55e760685856eeabd,EXACT_BYTES; ARCHIVE_RESTORE
artifact/raw/B3-formal-v1/M5-S1-measured-10-M5_I2R2_N1024_e8192_ONLINE_repeated/monitor_samples.jsonl,artifact/raw/B3-formal-v1/M5-S1-measured-10-M5_I2R2_N1024_e8192_ONLINE_repeated/monitor_samples.jsonl,36ff496f534c9c18b5489109ba3f6521c97aeb0022207387f32e792b7a450620,EXACT_BYTES; ARCHIVE_RESTORE
artifact/raw/B3-formal-v1/M5-S1-warmup-01-M5_I2R2_N1024_e12288_COLD_packed/monitor_samples.jsonl,artifact/raw/B3-formal-v1/M5-S1-warmup-01-M5_I2R2_N1024_e12288_COLD_packed/monitor_samples.jsonl,eb13126e505b9e515fa09f2ba355ebe7952da07a1c331675a4f10ecb249e36ab,EXACT_BYTES; ARCHIVE_RESTORE
artifact/raw/B3-formal-v1/M5-S1-warmup-01-M5_I2R2_N1024_e12288_COLD_repeated/monitor_samples.jsonl,artifact/raw/B3-formal-v1/M5-S1-warmup-01-M5_I2R2_N1024_e12288_COLD_repeated/monitor_samples.jsonl,6e72114f01f8ffe7e9493e532192fdb4cf4cf9573800bc7d4dbacbedf89e9065,EXACT_BYTES; ARCHIVE_RESTORE
artifact/raw/B3-formal-v1/M5-S1-warmup-01-M5_I2R2_N1024_e12288_ONLINE_packed/monitor_samples.jsonl,artifact/raw/B3-formal-v1/M5-S1-warmup-01-M5_I2R2_N1024_e12288_ONLINE_packed/monitor_samples.jsonl,0e9bbc64642c30d6eb6d04aaaa70378cfb4d5d76f42b75c1c769dca04ed306eb,EXACT_BYTES; ARCHIVE_RESTORE
artifact/raw/B3-formal-v1/M5-S1-warmup-01-M5_I2R2_N1024_e12288_ONLINE_repeated/monitor_samples.jsonl,artifact/raw/B3-formal-v1/M5-S1-warmup-01-M5_I2R2_N1024_e12288_ONLINE_repeated/monitor_samples.jsonl,8c97a95361bdd7730454423fe46a26c2e826ccd335f22247120980cfb53d0668,EXACT_BYTES; ARCHIVE_RESTORE
artifact/raw/B3-formal-v1/M5-S1-warmup-01-M5_I2R2_N1024_e16384_COLD_packed/monitor_samples.jsonl,artifact/raw/B3-formal-v1/M5-S1-warmup-01-M5_I2R2_N1024_e16384_COLD_packed/monitor_samples.jsonl,f7714e86453750253787d900be8a6e6d27013e57193b9cdaf5dc73c71a25f944,EXACT_BYTES; ARCHIVE_RESTORE
artifact/raw/B3-formal-v1/M5-S1-warmup-01-M5_I2R2_N1024_e16384_COLD_repeated/monitor_samples.jsonl,artifact/raw/B3-formal-v1/M5-S1-warmup-01-M5_I2R2_N1024_e16384_COLD_repeated/monitor_samples.jsonl,0dabbb7d47bd12c8c96b92c517ea88708e99abec0b3be278bfbea8a94c6fab6b,EXACT_BYTES; ARCHIVE_RESTORE
artifact/raw/B3-formal-v1/M5-S1-warmup-01-M5_I2R2_N1024_e16384_ONLINE_packed/monitor_samples.jsonl,artifact/raw/B3-formal-v1/M5-S1-warmup-01-M5_I2R2_N1024_e16384_ONLINE_packed/monitor_samples.jsonl,5800ee6cb3b04acf790110779dfe9309186413a7ce948a1d067ef2b1026e5cc8,EXACT_BYTES; ARCHIVE_RESTORE
artifact/raw/B3-formal-v1/M5-S1-warmup-01-M5_I2R2_N1024_e16384_ONLINE_repeated/monitor_samples.jsonl,artifact/raw/B3-formal-v1/M5-S1-warmup-01-M5_I2R2_N1024_e16384_ONLINE_repeated/monitor_samples.jsonl,9d0dbc4ecc7fbbcc695e0f9952586c4b778f7019e610e57a1c4400b0e71fc0e6,EXACT_BYTES; ARCHIVE_RESTORE
artifact/raw/B3-formal-v1/M5-S1-warmup-01-M5_I2R2_N1024_e4096_COLD_packed/monitor_samples.jsonl,artifact/raw/B3-formal-v1/M5-S1-warmup-01-M5_I2R2_N1024_e4096_COLD_packed/monitor_samples.jsonl,d132f3f5358d2df994e92c82f0255f5c84b6d9697ea1b2fa695bf2f730e39854,EXACT_BYTES; ARCHIVE_RESTORE
artifact/raw/B3-formal-v1/M5-S1-warmup-01-M5_I2R2_N1024_e4096_COLD_repeated/monitor_samples.jsonl,artifact/raw/B3-formal-v1/M5-S1-warmup-01-M5_I2R2_N1024_e4096_COLD_repeated/monitor_samples.jsonl,0f52540c79308ccbccf3e0f5b87027a7a0a3adad1ad0f1613cd853bee1d776b5,EXACT_BYTES; ARCHIVE_RESTORE
artifact/raw/B3-formal-v1/M5-S1-warmup-01-M5_I2R2_N1024_e4096_ONLINE_packed/monitor_samples.jsonl,artifact/raw/B3-formal-v1/M5-S1-warmup-01-M5_I2R2_N1024_e4096_ONLINE_packed/monitor_samples.jsonl,57614a78c4b032761ba9dcc5a9599f4d73244ec2f3d5659a394d256a416449c7,EXACT_BYTES; ARCHIVE_RESTORE
artifact/raw/B3-formal-v1/M5-S1-warmup-01-M5_I2R2_N1024_e4096_ONLINE_repeated/monitor_samples.jsonl,artifact/raw/B3-formal-v1/M5-S1-warmup-01-M5_I2R2_N1024_e4096_ONLINE_repeated/monitor_samples.jsonl,ff998387e16d5119fac235da3a00e8a8026bdd771017e968390d76cd393fb76a,EXACT_BYTES; ARCHIVE_RESTORE
artifact/raw/B3-formal-v1/M5-S1-warmup-01-M5_I2R2_N1024_e65536_COLD_packed/monitor_samples.jsonl,artifact/raw/B3-formal-v1/M5-S1-warmup-01-M5_I2R2_N1024_e65536_COLD_packed/monitor_samples.jsonl,a91ac62356b6bac7f9ccc3801e8e86810aa6c4b3362cb8e678c6ebd7e2711663,EXACT_BYTES; ARCHIVE_RESTORE
artifact/raw/B3-formal-v1/M5-S1-warmup-01-M5_I2R2_N1024_e65536_COLD_repeated/monitor_samples.jsonl,artifact/raw/B3-formal-v1/M5-S1-warmup-01-M5_I2R2_N1024_e65536_COLD_repeated/monitor_samples.jsonl,c13a8630241102f54c8eb24d551e706db163b9b99e8bd4b6d300697d9b0a240d,EXACT_BYTES; ARCHIVE_RESTORE
artifact/raw/B3-formal-v1/M5-S1-warmup-01-M5_I2R2_N1024_e65536_ONLINE_packed/monitor_samples.jsonl,artifact/raw/B3-formal-v1/M5-S1-warmup-01-M5_I2R2_N1024_e65536_ONLINE_packed/monitor_samples.jsonl,26ad226e1ef384262fabf3fb4f735665c5ccaaed0d9a522e2805e6b9448ac30a,EXACT_BYTES; ARCHIVE_RESTORE
artifact/raw/B3-formal-v1/M5-S1-warmup-01-M5_I2R2_N1024_e65536_ONLINE_repeated/monitor_samples.jsonl,artifact/raw/B3-formal-v1/M5-S1-warmup-01-M5_I2R2_N1024_e65536_ONLINE_repeated/monitor_samples.jsonl,4c24076b3b0c2c34c6bd08c994f5274503bf9d071d2a93f0ee2595a9c111d6c2,EXACT_BYTES; ARCHIVE_RESTORE
artifact/raw/B3-formal-v1/M5-S1-warmup-01-M5_I2R2_N1024_e8192_COLD_packed/monitor_samples.jsonl,artifact/raw/B3-formal-v1/M5-S1-warmup-01-M5_I2R2_N1024_e8192_COLD_packed/monitor_samples.jsonl,86f04ebdf518fc352dd74009a45297d53cbb9ccbaf4756dacb926ba6b60d9bdc,EXACT_BYTES; ARCHIVE_RESTORE
artifact/raw/B3-formal-v1/M5-S1-warmup-01-M5_I2R2_N1024_e8192_COLD_repeated/monitor_samples.jsonl,artifact/raw/B3-formal-v1/M5-S1-warmup-01-M5_I2R2_N1024_e8192_COLD_repeated/monitor_samples.jsonl,31854c7e35ace550b079b03c3f01335e04b6f46ff7ea5ebffa94b27a2af52887,EXACT_BYTES; ARCHIVE_RESTORE
artifact/raw/B3-formal-v1/M5-S1-warmup-01-M5_I2R2_N1024_e8192_ONLINE_packed/monitor_samples.jsonl,artifact/raw/B3-formal-v1/M5-S1-warmup-01-M5_I2R2_N1024_e8192_ONLINE_packed/monitor_samples.jsonl,0cb05d86df47836f2bf721c9ceea8514389d5f941d3a5d854031339e88858a43,EXACT_BYTES; ARCHIVE_RESTORE
artifact/raw/B3-formal-v1/M5-S1-warmup-01-M5_I2R2_N1024_e8192_ONLINE_repeated/monitor_samples.jsonl,artifact/raw/B3-formal-v1/M5-S1-warmup-01-M5_I2R2_N1024_e8192_ONLINE_repeated/monitor_samples.jsonl,ec022717715548abcc4776a4be16ae4e5a12c4a8c8ef00a1327bd8f6144050ed,EXACT_BYTES; ARCHIVE_RESTORE
artifact/raw/B3-formal-v1/M5-S1-warmup-02-M5_I2R2_N1024_e12288_COLD_packed/monitor_samples.jsonl,artifact/raw/B3-formal-v1/M5-S1-warmup-02-M5_I2R2_N1024_e12288_COLD_packed/monitor_samples.jsonl,e15f0053839c220ac5a7f6cec7d4b209c092b2ec01f0128212d2042527aeed4b,EXACT_BYTES; ARCHIVE_RESTORE
artifact/raw/B3-formal-v1/M5-S1-warmup-02-M5_I2R2_N1024_e12288_COLD_repeated/monitor_samples.jsonl,artifact/raw/B3-formal-v1/M5-S1-warmup-02-M5_I2R2_N1024_e12288_COLD_repeated/monitor_samples.jsonl,40a6737be90b0680a8c743223edaf573b8eefd62dad2c3d06e222b55f5c634d3,EXACT_BYTES; ARCHIVE_RESTORE
artifact/raw/B3-formal-v1/M5-S1-warmup-02-M5_I2R2_N1024_e12288_ONLINE_packed/monitor_samples.jsonl,artifact/raw/B3-formal-v1/M5-S1-warmup-02-M5_I2R2_N1024_e12288_ONLINE_packed/monitor_samples.jsonl,a741df03631f46e5dfa345431197ad9fc0e83de85f0fd2e44149fbb0004227bf,EXACT_BYTES; ARCHIVE_RESTORE
artifact/raw/B3-formal-v1/M5-S1-warmup-02-M5_I2R2_N1024_e12288_ONLINE_repeated/monitor_samples.jsonl,artifact/raw/B3-formal-v1/M5-S1-warmup-02-M5_I2R2_N1024_e12288_ONLINE_repeated/monitor_samples.jsonl,d5799bf52cd6931410d2523242613f546958faf0e163e86ab1a1e81ea095c5dc,EXACT_BYTES; ARCHIVE_RESTORE
artifact/raw/B3-formal-v1/M5-S1-warmup-02-M5_I2R2_N1024_e16384_COLD_packed/monitor_samples.jsonl,artifact/raw/B3-formal-v1/M5-S1-warmup-02-M5_I2R2_N1024_e16384_COLD_packed/monitor_samples.jsonl,289ac27d52609ade3f795f6393af6d4c807a2a3197ff7a998030e3a59daadd08,EXACT_BYTES; ARCHIVE_RESTORE
artifact/raw/B3-formal-v1/M5-S1-warmup-02-M5_I2R2_N1024_e16384_COLD_repeated/monitor_samples.jsonl,artifact/raw/B3-formal-v1/M5-S1-warmup-02-M5_I2R2_N1024_e16384_COLD_repeated/monitor_samples.jsonl,8525d364f44645dda297395528fb904daede8b47298001ef52832381ab5fb66e,EXACT_BYTES; ARCHIVE_RESTORE
artifact/raw/B3-formal-v1/M5-S1-warmup-02-M5_I2R2_N1024_e16384_ONLINE_packed/monitor_samples.jsonl,artifact/raw/B3-formal-v1/M5-S1-warmup-02-M5_I2R2_N1024_e16384_ONLINE_packed/monitor_samples.jsonl,7fbc077863daa107eef7ea8486213ed8f118c91bd7a754c798147e5fa9eda5c5,EXACT_BYTES; ARCHIVE_RESTORE
artifact/raw/B3-formal-v1/M5-S1-warmup-02-M5_I2R2_N1024_e16384_ONLINE_repeated/monitor_samples.jsonl,artifact/raw/B3-formal-v1/M5-S1-warmup-02-M5_I2R2_N1024_e16384_ONLINE_repeated/monitor_samples.jsonl,8ffadecc4af0d25ac7b79711537d2b91c9470442c5432820675a16f511a8334e,EXACT_BYTES; ARCHIVE_RESTORE
artifact/raw/B3-formal-v1/M5-S1-warmup-02-M5_I2R2_N1024_e4096_COLD_packed/monitor_samples.jsonl,artifact/raw/B3-formal-v1/M5-S1-warmup-02-M5_I2R2_N1024_e4096_COLD_packed/monitor_samples.jsonl,103136f3453550666d350c3739d0511e363c97c1f79e98b32e23a5add10e5af2,EXACT_BYTES; ARCHIVE_RESTORE
artifact/raw/B3-formal-v1/M5-S1-warmup-02-M5_I2R2_N1024_e4096_COLD_repeated/monitor_samples.jsonl,artifact/raw/B3-formal-v1/M5-S1-warmup-02-M5_I2R2_N1024_e4096_COLD_repeated/monitor_samples.jsonl,2a945983d1afd039d8339fba3ce59a491c1b76105a03e8594100f04adf7dc087,EXACT_BYTES; ARCHIVE_RESTORE
artifact/raw/B3-formal-v1/M5-S1-warmup-02-M5_I2R2_N1024_e4096_ONLINE_packed/monitor_samples.jsonl,artifact/raw/B3-formal-v1/M5-S1-warmup-02-M5_I2R2_N1024_e4096_ONLINE_packed/monitor_samples.jsonl,0eddde0b75bf4da8b0470daa1dd9278eea819e42a691f69d7055bc1fe53bc699,EXACT_BYTES; ARCHIVE_RESTORE
artifact/raw/B3-formal-v1/M5-S1-warmup-02-M5_I2R2_N1024_e4096_ONLINE_repeated/monitor_samples.jsonl,artifact/raw/B3-formal-v1/M5-S1-warmup-02-M5_I2R2_N1024_e4096_ONLINE_repeated/monitor_samples.jsonl,f02234d233bc4c19967e50093209622392e8240159b6e8a7a7f774f96faf6144,EXACT_BYTES; ARCHIVE_RESTORE
artifact/raw/B3-formal-v1/M5-S1-warmup-02-M5_I2R2_N1024_e65536_COLD_packed/monitor_samples.jsonl,artifact/raw/B3-formal-v1/M5-S1-warmup-02-M5_I2R2_N1024_e65536_COLD_packed/monitor_samples.jsonl,5e027825a4315e65e09b4cce378de0638e8edf29066c45a52805dbf48af747f3,EXACT_BYTES; ARCHIVE_RESTORE
artifact/raw/B3-formal-v1/M5-S1-warmup-02-M5_I2R2_N1024_e65536_COLD_repeated/monitor_samples.jsonl,artifact/raw/B3-formal-v1/M5-S1-warmup-02-M5_I2R2_N1024_e65536_COLD_repeated/monitor_samples.jsonl,3dfa90891e753879c32178cf563c4b51c31de8d7aa4b394f08e9a101ccebede1,EXACT_BYTES; ARCHIVE_RESTORE
artifact/raw/B3-formal-v1/M5-S1-warmup-02-M5_I2R2_N1024_e65536_ONLINE_packed/monitor_samples.jsonl,artifact/raw/B3-formal-v1/M5-S1-warmup-02-M5_I2R2_N1024_e65536_ONLINE_packed/monitor_samples.jsonl,ec813469bc0be59b75de902d60cd7668a48d71f72bb39f31606cc8d8b8c3654e,EXACT_BYTES; ARCHIVE_RESTORE
artifact/raw/B3-formal-v1/M5-S1-warmup-02-M5_I2R2_N1024_e65536_ONLINE_repeated/monitor_samples.jsonl,artifact/raw/B3-formal-v1/M5-S1-warmup-02-M5_I2R2_N1024_e65536_ONLINE_repeated/monitor_samples.jsonl,04f629e21e38f94d519ca7d44fa841674862582967dd52395f756b1f3098b307,EXACT_BYTES; ARCHIVE_RESTORE
artifact/raw/B3-formal-v1/M5-S1-warmup-02-M5_I2R2_N1024_e8192_COLD_packed/monitor_samples.jsonl,artifact/raw/B3-formal-v1/M5-S1-warmup-02-M5_I2R2_N1024_e8192_COLD_packed/monitor_samples.jsonl,52e724838f18b375f2d651e90abdcd6944a292967ce1a8560bc1a2de704acf11,EXACT_BYTES; ARCHIVE_RESTORE
artifact/raw/B3-formal-v1/M5-S1-warmup-02-M5_I2R2_N1024_e8192_COLD_repeated/monitor_samples.jsonl,artifact/raw/B3-formal-v1/M5-S1-warmup-02-M5_I2R2_N1024_e8192_COLD_repeated/monitor_samples.jsonl,4e7a84bba1d9112790a368b2c2a2122da651cb17b18bb637eb6e81c4464ddbe4,EXACT_BYTES; ARCHIVE_RESTORE
artifact/raw/B3-formal-v1/M5-S1-warmup-02-M5_I2R2_N1024_e8192_ONLINE_packed/monitor_samples.jsonl,artifact/raw/B3-formal-v1/M5-S1-warmup-02-M5_I2R2_N1024_e8192_ONLINE_packed/monitor_samples.jsonl,b79bc846c479c35a70846ada836e7f66f714d9aea8c8439b3076201636379e56,EXACT_BYTES; ARCHIVE_RESTORE
artifact/raw/B3-formal-v1/M5-S1-warmup-02-M5_I2R2_N1024_e8192_ONLINE_repeated/monitor_samples.jsonl,artifact/raw/B3-formal-v1/M5-S1-warmup-02-M5_I2R2_N1024_e8192_ONLINE_repeated/monitor_samples.jsonl,10923d1fed525a6457edfc79c05b0bbfc70b6391a360ac349edcc1d894769c83,EXACT_BYTES; ARCHIVE_RESTORE
artifact/raw/B3-formal-v1/M5-S1-warmup-03-M5_I2R2_N1024_e12288_COLD_packed/monitor_samples.jsonl,artifact/raw/B3-formal-v1/M5-S1-warmup-03-M5_I2R2_N1024_e12288_COLD_packed/monitor_samples.jsonl,cd2e5d4d6779df33e137e74574dda9f53f918a118a2b9c586e57cf2a16ea9cdc,EXACT_BYTES; ARCHIVE_RESTORE
artifact/raw/B3-formal-v1/M5-S1-warmup-03-M5_I2R2_N1024_e12288_COLD_repeated/monitor_samples.jsonl,artifact/raw/B3-formal-v1/M5-S1-warmup-03-M5_I2R2_N1024_e12288_COLD_repeated/monitor_samples.jsonl,82574eed7833dc6684e9695add3cd4134dbf03bdcd5d578f15d862db2c34ab4e,EXACT_BYTES; ARCHIVE_RESTORE
artifact/raw/B3-formal-v1/M5-S1-warmup-03-M5_I2R2_N1024_e12288_ONLINE_packed/monitor_samples.jsonl,artifact/raw/B3-formal-v1/M5-S1-warmup-03-M5_I2R2_N1024_e12288_ONLINE_packed/monitor_samples.jsonl,f80588027bea12182bab01749fbf8c2aa8c1c2b7a335e1a139b9a7629521321a,EXACT_BYTES; ARCHIVE_RESTORE
artifact/raw/B3-formal-v1/M5-S1-warmup-03-M5_I2R2_N1024_e12288_ONLINE_repeated/monitor_samples.jsonl,artifact/raw/B3-formal-v1/M5-S1-warmup-03-M5_I2R2_N1024_e12288_ONLINE_repeated/monitor_samples.jsonl,c2b25030554f22c8be72567cddb18a5703689c861c6a30ca9d325b04a6bf1506,EXACT_BYTES; ARCHIVE_RESTORE
artifact/raw/B3-formal-v1/M5-S1-warmup-03-M5_I2R2_N1024_e16384_COLD_packed/monitor_samples.jsonl,artifact/raw/B3-formal-v1/M5-S1-warmup-03-M5_I2R2_N1024_e16384_COLD_packed/monitor_samples.jsonl,a5a766b921985062a8e87249242189b9758706a6b28a2c75b0ed83129b91c2c8,EXACT_BYTES; ARCHIVE_RESTORE
artifact/raw/B3-formal-v1/M5-S1-warmup-03-M5_I2R2_N1024_e16384_COLD_repeated/monitor_samples.jsonl,artifact/raw/B3-formal-v1/M5-S1-warmup-03-M5_I2R2_N1024_e16384_COLD_repeated/monitor_samples.jsonl,440b84a82effd23bdfdc90a3306dab1a8e341d16a89ff3b8f0c437dca1f157bc,EXACT_BYTES; ARCHIVE_RESTORE
artifact/raw/B3-formal-v1/M5-S1-warmup-03-M5_I2R2_N1024_e16384_ONLINE_packed/monitor_samples.jsonl,artifact/raw/B3-formal-v1/M5-S1-warmup-03-M5_I2R2_N1024_e16384_ONLINE_packed/monitor_samples.jsonl,c8c3dc0aa4179f4e1107a56d7e66bab36a75046d519594c9d2448e9723e41999,EXACT_BYTES; ARCHIVE_RESTORE
artifact/raw/B3-formal-v1/M5-S1-warmup-03-M5_I2R2_N1024_e16384_ONLINE_repeated/monitor_samples.jsonl,artifact/raw/B3-formal-v1/M5-S1-warmup-03-M5_I2R2_N1024_e16384_ONLINE_repeated/monitor_samples.jsonl,2709550cb4aafa05381bfcacabd5daf536e803acc23e13ab5174196ab81fdf1c,EXACT_BYTES; ARCHIVE_RESTORE
artifact/raw/B3-formal-v1/M5-S1-warmup-03-M5_I2R2_N1024_e4096_COLD_packed/monitor_samples.jsonl,artifact/raw/B3-formal-v1/M5-S1-warmup-03-M5_I2R2_N1024_e4096_COLD_packed/monitor_samples.jsonl,3e6719e9d1e1e8b806fa9320b9577e90df425df456fe87e9eaebbde27c032277,EXACT_BYTES; ARCHIVE_RESTORE
artifact/raw/B3-formal-v1/M5-S1-warmup-03-M5_I2R2_N1024_e4096_COLD_repeated/monitor_samples.jsonl,artifact/raw/B3-formal-v1/M5-S1-warmup-03-M5_I2R2_N1024_e4096_COLD_repeated/monitor_samples.jsonl,27e173297aaaf9b3a3488514b6bed2bea55e150ac34bfa0c167ad8f0c534457b,EXACT_BYTES; ARCHIVE_RESTORE
artifact/raw/B3-formal-v1/M5-S1-warmup-03-M5_I2R2_N1024_e4096_ONLINE_packed/monitor_samples.jsonl,artifact/raw/B3-formal-v1/M5-S1-warmup-03-M5_I2R2_N1024_e4096_ONLINE_packed/monitor_samples.jsonl,5c49d02ee2e03553728a189b4a46c55120fd4b411269320bede853079d22321a,EXACT_BYTES; ARCHIVE_RESTORE
artifact/raw/B3-formal-v1/M5-S1-warmup-03-M5_I2R2_N1024_e4096_ONLINE_repeated/monitor_samples.jsonl,artifact/raw/B3-formal-v1/M5-S1-warmup-03-M5_I2R2_N1024_e4096_ONLINE_repeated/monitor_samples.jsonl,a2520d0922e8fdb527ede6b6ef99908a1728275cecd80339f26bfcd83453cd6d,EXACT_BYTES; ARCHIVE_RESTORE
artifact/raw/B3-formal-v1/M5-S1-warmup-03-M5_I2R2_N1024_e65536_COLD_packed/monitor_samples.jsonl,artifact/raw/B3-formal-v1/M5-S1-warmup-03-M5_I2R2_N1024_e65536_COLD_packed/monitor_samples.jsonl,03e0e2bbcebd1271795ae717775d7770533f03f4983f369171a675c533c4aa80,EXACT_BYTES; ARCHIVE_RESTORE
artifact/raw/B3-formal-v1/M5-S1-warmup-03-M5_I2R2_N1024_e65536_COLD_repeated/monitor_samples.jsonl,artifact/raw/B3-formal-v1/M5-S1-warmup-03-M5_I2R2_N1024_e65536_COLD_repeated/monitor_samples.jsonl,92662a5034ac8d4bf40059228a9b5964892867e3c83d81048174b70c26a31957,EXACT_BYTES; ARCHIVE_RESTORE
artifact/raw/B3-formal-v1/M5-S1-warmup-03-M5_I2R2_N1024_e65536_ONLINE_packed/monitor_samples.jsonl,artifact/raw/B3-formal-v1/M5-S1-warmup-03-M5_I2R2_N1024_e65536_ONLINE_packed/monitor_samples.jsonl,897215bc31f5becf1cda4c331685521c7ad479b756ff748cafd742449f458c88,EXACT_BYTES; ARCHIVE_RESTORE
artifact/raw/B3-formal-v1/M5-S1-warmup-03-M5_I2R2_N1024_e65536_ONLINE_repeated/monitor_samples.jsonl,artifact/raw/B3-formal-v1/M5-S1-warmup-03-M5_I2R2_N1024_e65536_ONLINE_repeated/monitor_samples.jsonl,79dad5642a8d3615e034ee1421130103566e61b0e6a8f052d195690a78d609af,EXACT_BYTES; ARCHIVE_RESTORE
artifact/raw/B3-formal-v1/M5-S1-warmup-03-M5_I2R2_N1024_e8192_COLD_packed/monitor_samples.jsonl,artifact/raw/B3-formal-v1/M5-S1-warmup-03-M5_I2R2_N1024_e8192_COLD_packed/monitor_samples.jsonl,cdada4be383d97e5cca2659c1003118657a233f07deb2739dd7e00f4064a9b40,EXACT_BYTES; ARCHIVE_RESTORE
artifact/raw/B3-formal-v1/M5-S1-warmup-03-M5_I2R2_N1024_e8192_COLD_repeated/monitor_samples.jsonl,artifact/raw/B3-formal-v1/M5-S1-warmup-03-M5_I2R2_N1024_e8192_COLD_repeated/monitor_samples.jsonl,d8e4650e8be14742e39a8187aca6775d2d38c842375820021b64f1a8d80b85e5,EXACT_BYTES; ARCHIVE_RESTORE
artifact/raw/B3-formal-v1/M5-S1-warmup-03-M5_I2R2_N1024_e8192_ONLINE_packed/monitor_samples.jsonl,artifact/raw/B3-formal-v1/M5-S1-warmup-03-M5_I2R2_N1024_e8192_ONLINE_packed/monitor_samples.jsonl,6b7247346801d3d13aefe3b0e91427073227c201bacbb0f0e384d79d02d79c76,EXACT_BYTES; ARCHIVE_RESTORE
artifact/raw/B3-formal-v1/M5-S1-warmup-03-M5_I2R2_N1024_e8192_ONLINE_repeated/monitor_samples.jsonl,artifact/raw/B3-formal-v1/M5-S1-warmup-03-M5_I2R2_N1024_e8192_ONLINE_repeated/monitor_samples.jsonl,551b2e1255e5bb515f64162188b91b9b2e4f378653f6b6c128e9ac7aa328aa2b,EXACT_BYTES; ARCHIVE_RESTORE
artifact/raw/B3-formal-v1/M5-S2-measured-01-M5_I2R2_N1024_e12288_COLD_packed/monitor_samples.jsonl,artifact/raw/B3-formal-v1/M5-S2-measured-01-M5_I2R2_N1024_e12288_COLD_packed/monitor_samples.jsonl,17778a86c502956573e5cce803eaa3f81d29df47a1051406dceead93ee6a579d,EXACT_BYTES; ARCHIVE_RESTORE
artifact/raw/B3-formal-v1/M5-S2-measured-01-M5_I2R2_N1024_e12288_COLD_repeated/monitor_samples.jsonl,artifact/raw/B3-formal-v1/M5-S2-measured-01-M5_I2R2_N1024_e12288_COLD_repeated/monitor_samples.jsonl,4003fabeb4c472ca1473f17fe02c86d2679fee840ed3c459ff7ea46e55327d34,EXACT_BYTES; ARCHIVE_RESTORE
artifact/raw/B3-formal-v1/M5-S2-measured-01-M5_I2R2_N1024_e12288_ONLINE_packed/monitor_samples.jsonl,artifact/raw/B3-formal-v1/M5-S2-measured-01-M5_I2R2_N1024_e12288_ONLINE_packed/monitor_samples.jsonl,c280b0ccb3644ea3aa0dcbb9a2afabc6fece68781bc939d70cb451fcd982fa98,EXACT_BYTES; ARCHIVE_RESTORE
artifact/raw/B3-formal-v1/M5-S2-measured-01-M5_I2R2_N1024_e12288_ONLINE_repeated/monitor_samples.jsonl,artifact/raw/B3-formal-v1/M5-S2-measured-01-M5_I2R2_N1024_e12288_ONLINE_repeated/monitor_samples.jsonl,2e93b00feadb03b4d231fda84e0e554e29656c033b847a84d93ed97638e88031,EXACT_BYTES; ARCHIVE_RESTORE
artifact/raw/B3-formal-v1/M5-S2-measured-01-M5_I2R2_N1024_e16384_COLD_packed/monitor_samples.jsonl,artifact/raw/B3-formal-v1/M5-S2-measured-01-M5_I2R2_N1024_e16384_COLD_packed/monitor_samples.jsonl,141f6b4dd3ae3f63e725562d11b1b13de7f9d1ffae61c4b90971041a714bb99d,EXACT_BYTES; ARCHIVE_RESTORE
artifact/raw/B3-formal-v1/M5-S2-measured-01-M5_I2R2_N1024_e16384_COLD_repeated/monitor_samples.jsonl,artifact/raw/B3-formal-v1/M5-S2-measured-01-M5_I2R2_N1024_e16384_COLD_repeated/monitor_samples.jsonl,d6d537b8704ca70ea122918a1c11a25a6fe2b7b5285dc2bdd57666bd936d3ddd,EXACT_BYTES; ARCHIVE_RESTORE
artifact/raw/B3-formal-v1/M5-S2-measured-01-M5_I2R2_N1024_e16384_ONLINE_packed/monitor_samples.jsonl,artifact/raw/B3-formal-v1/M5-S2-measured-01-M5_I2R2_N1024_e16384_ONLINE_packed/monitor_samples.jsonl,898269116f5965b170c05bd4fd325a76f6861b1fb9b61eb9cdb782ce5cd92329,EXACT_BYTES; ARCHIVE_RESTORE
artifact/raw/B3-formal-v1/M5-S2-measured-01-M5_I2R2_N1024_e16384_ONLINE_repeated/monitor_samples.jsonl,artifact/raw/B3-formal-v1/M5-S2-measured-01-M5_I2R2_N1024_e16384_ONLINE_repeated/monitor_samples.jsonl,cc8201fee2fc4de55279b34832a65dd28b7398409fa2c887e6db73e6ed8a4cec,EXACT_BYTES; ARCHIVE_RESTORE
artifact/raw/B3-formal-v1/M5-S2-measured-01-M5_I2R2_N1024_e4096_COLD_packed/monitor_samples.jsonl,artifact/raw/B3-formal-v1/M5-S2-measured-01-M5_I2R2_N1024_e4096_COLD_packed/monitor_samples.jsonl,ff56454144050491e4f98e6236dd9d57b9f2ab11e8253aa665305ff133113bde,EXACT_BYTES; ARCHIVE_RESTORE
artifact/raw/B3-formal-v1/M5-S2-measured-01-M5_I2R2_N1024_e4096_COLD_repeated/monitor_samples.jsonl,artifact/raw/B3-formal-v1/M5-S2-measured-01-M5_I2R2_N1024_e4096_COLD_repeated/monitor_samples.jsonl,43ecd4ca7c811836ce6c30ef23c4ad4ae82e82d94fee599746c8fe396e318735,EXACT_BYTES; ARCHIVE_RESTORE
artifact/raw/B3-formal-v1/M5-S2-measured-01-M5_I2R2_N1024_e4096_ONLINE_packed/monitor_samples.jsonl,artifact/raw/B3-formal-v1/M5-S2-measured-01-M5_I2R2_N1024_e4096_ONLINE_packed/monitor_samples.jsonl,1eb68c9eb946e02eafd4db4b194422dc1152144f99aa032d4cc46c7ac046f870,EXACT_BYTES; ARCHIVE_RESTORE
artifact/raw/B3-formal-v1/M5-S2-measured-01-M5_I2R2_N1024_e4096_ONLINE_repeated/monitor_samples.jsonl,artifact/raw/B3-formal-v1/M5-S2-measured-01-M5_I2R2_N1024_e4096_ONLINE_repeated/monitor_samples.jsonl,f012bb615d757af51125155806d182626fcde9f0613d3e4fb4f8cb46b407d476,EXACT_BYTES; ARCHIVE_RESTORE
artifact/raw/B3-formal-v1/M5-S2-measured-01-M5_I2R2_N1024_e65536_COLD_packed/monitor_samples.jsonl,artifact/raw/B3-formal-v1/M5-S2-measured-01-M5_I2R2_N1024_e65536_COLD_packed/monitor_samples.jsonl,94ee5a2f235884eac28a23594409cdf78b9ab62ec275b7d0af22139886de0e2a,EXACT_BYTES; ARCHIVE_RESTORE
artifact/raw/B3-formal-v1/M5-S2-measured-01-M5_I2R2_N1024_e65536_COLD_repeated/monitor_samples.jsonl,artifact/raw/B3-formal-v1/M5-S2-measured-01-M5_I2R2_N1024_e65536_COLD_repeated/monitor_samples.jsonl,bfc1142ad7a9492f6f2235bd34cf822b71ce13f1f5ed05c8178891cca982d629,EXACT_BYTES; ARCHIVE_RESTORE
artifact/raw/B3-formal-v1/M5-S2-measured-01-M5_I2R2_N1024_e65536_ONLINE_packed/monitor_samples.jsonl,artifact/raw/B3-formal-v1/M5-S2-measured-01-M5_I2R2_N1024_e65536_ONLINE_packed/monitor_samples.jsonl,2519076e44ad587545949db1ea177beffdc685f8449c11fdecedb45b9dd6bbf8,EXACT_BYTES; ARCHIVE_RESTORE
artifact/raw/B3-formal-v1/M5-S2-measured-01-M5_I2R2_N1024_e65536_ONLINE_repeated/monitor_samples.jsonl,artifact/raw/B3-formal-v1/M5-S2-measured-01-M5_I2R2_N1024_e65536_ONLINE_repeated/monitor_samples.jsonl,5b2d828ad86281c9b474144c218736a62da17a475058ad1e4bbf9e7460c6d308,EXACT_BYTES; ARCHIVE_RESTORE
artifact/raw/B3-formal-v1/M5-S2-measured-01-M5_I2R2_N1024_e8192_COLD_packed/monitor_samples.jsonl,artifact/raw/B3-formal-v1/M5-S2-measured-01-M5_I2R2_N1024_e8192_COLD_packed/monitor_samples.jsonl,8927bac946c6254d177491a1facb6e0fcbac990cf647f9e9ab9a88a8b1c550a6,EXACT_BYTES; ARCHIVE_RESTORE
artifact/raw/B3-formal-v1/M5-S2-measured-01-M5_I2R2_N1024_e8192_COLD_repeated/monitor_samples.jsonl,artifact/raw/B3-formal-v1/M5-S2-measured-01-M5_I2R2_N1024_e8192_COLD_repeated/monitor_samples.jsonl,9ea34e4efcd42312c5991568232f41c7d51ed1986f3840e7422ca18d18e292a3,EXACT_BYTES; ARCHIVE_RESTORE
artifact/raw/B3-formal-v1/M5-S2-measured-01-M5_I2R2_N1024_e8192_ONLINE_packed/monitor_samples.jsonl,artifact/raw/B3-formal-v1/M5-S2-measured-01-M5_I2R2_N1024_e8192_ONLINE_packed/monitor_samples.jsonl,65f04269955304446dd78b94278799bb4374218abbd46fcf01555c06ca469696,EXACT_BYTES; ARCHIVE_RESTORE
artifact/raw/B3-formal-v1/M5-S2-measured-01-M5_I2R2_N1024_e8192_ONLINE_repeated/monitor_samples.jsonl,artifact/raw/B3-formal-v1/M5-S2-measured-01-M5_I2R2_N1024_e8192_ONLINE_repeated/monitor_samples.jsonl,7ab4cf8dc6e6966728f54e72a4355905dd125c5fbaee9857b5325935ba3b337e,EXACT_BYTES; ARCHIVE_RESTORE
artifact/raw/B3-formal-v1/M5-S2-measured-02-M5_I2R2_N1024_e12288_COLD_packed/monitor_samples.jsonl,artifact/raw/B3-formal-v1/M5-S2-measured-02-M5_I2R2_N1024_e12288_COLD_packed/monitor_samples.jsonl,136230b42ee7a7386d8d614a7631a452df81b1ec931fdcc986ac8cbc542ef17d,EXACT_BYTES; ARCHIVE_RESTORE
artifact/raw/B3-formal-v1/M5-S2-measured-02-M5_I2R2_N1024_e12288_COLD_repeated/monitor_samples.jsonl,artifact/raw/B3-formal-v1/M5-S2-measured-02-M5_I2R2_N1024_e12288_COLD_repeated/monitor_samples.jsonl,4c6356c9f62f164198d32364646bffb77855b05be0dedca1b06dc7c768f138e7,EXACT_BYTES; ARCHIVE_RESTORE
artifact/raw/B3-formal-v1/M5-S2-measured-02-M5_I2R2_N1024_e12288_ONLINE_packed/monitor_samples.jsonl,artifact/raw/B3-formal-v1/M5-S2-measured-02-M5_I2R2_N1024_e12288_ONLINE_packed/monitor_samples.jsonl,08a27ae81b61e268191fe12e79e467adc6bff4275d7e0f9d066da4af91cc16da,EXACT_BYTES; ARCHIVE_RESTORE
artifact/raw/B3-formal-v1/M5-S2-measured-02-M5_I2R2_N1024_e12288_ONLINE_repeated/monitor_samples.jsonl,artifact/raw/B3-formal-v1/M5-S2-measured-02-M5_I2R2_N1024_e12288_ONLINE_repeated/monitor_samples.jsonl,cda3becf3435f9e29faf04573ab5061fd792c1994c5cbd68856ce82ae8d43dee,EXACT_BYTES; ARCHIVE_RESTORE
artifact/raw/B3-formal-v1/M5-S2-measured-02-M5_I2R2_N1024_e16384_COLD_packed/monitor_samples.jsonl,artifact/raw/B3-formal-v1/M5-S2-measured-02-M5_I2R2_N1024_e16384_COLD_packed/monitor_samples.jsonl,4f107dc7fbb949cf2f89021bd1d673f065f35899c5a9eca02365a8c3ee37480f,EXACT_BYTES; ARCHIVE_RESTORE
artifact/raw/B3-formal-v1/M5-S2-measured-02-M5_I2R2_N1024_e16384_COLD_repeated/monitor_samples.jsonl,artifact/raw/B3-formal-v1/M5-S2-measured-02-M5_I2R2_N1024_e16384_COLD_repeated/monitor_samples.jsonl,eb52f07fadbdc764db4b3c25afd01cc874fea579b7a62b957e157937f2b0c30d,EXACT_BYTES; ARCHIVE_RESTORE
artifact/raw/B3-formal-v1/M5-S2-measured-02-M5_I2R2_N1024_e16384_ONLINE_packed/monitor_samples.jsonl,artifact/raw/B3-formal-v1/M5-S2-measured-02-M5_I2R2_N1024_e16384_ONLINE_packed/monitor_samples.jsonl,231ba9235de1bb43f0005c286711226a48787a4073a3965d6f05197f03f6b0c8,EXACT_BYTES; ARCHIVE_RESTORE
artifact/raw/B3-formal-v1/M5-S2-measured-02-M5_I2R2_N1024_e16384_ONLINE_repeated/monitor_samples.jsonl,artifact/raw/B3-formal-v1/M5-S2-measured-02-M5_I2R2_N1024_e16384_ONLINE_repeated/monitor_samples.jsonl,cd1aa5650e655c3e8030076db310d68ef4172268a0f2080b9c51dbb26599fdcf,EXACT_BYTES; ARCHIVE_RESTORE
artifact/raw/B3-formal-v1/M5-S2-measured-02-M5_I2R2_N1024_e4096_COLD_packed/monitor_samples.jsonl,artifact/raw/B3-formal-v1/M5-S2-measured-02-M5_I2R2_N1024_e4096_COLD_packed/monitor_samples.jsonl,2b69aa4b903d200d72780e1f1c17d24c57a031b02cc81ff6a6f290542722e3f5,EXACT_BYTES; ARCHIVE_RESTORE
artifact/raw/B3-formal-v1/M5-S2-measured-02-M5_I2R2_N1024_e4096_COLD_repeated/monitor_samples.jsonl,artifact/raw/B3-formal-v1/M5-S2-measured-02-M5_I2R2_N1024_e4096_COLD_repeated/monitor_samples.jsonl,b72d79af7812a8e4065cdc414855e147eddd3f016e118f8d57bf9e6f936c8ffe,EXACT_BYTES; ARCHIVE_RESTORE
artifact/raw/B3-formal-v1/M5-S2-measured-02-M5_I2R2_N1024_e4096_ONLINE_packed/monitor_samples.jsonl,artifact/raw/B3-formal-v1/M5-S2-measured-02-M5_I2R2_N1024_e4096_ONLINE_packed/monitor_samples.jsonl,ca338471b23b999ce3af5ecb255f2c344c12ac2da4577c0bab946848d2ddf745,EXACT_BYTES; ARCHIVE_RESTORE
artifact/raw/B3-formal-v1/M5-S2-measured-02-M5_I2R2_N1024_e4096_ONLINE_repeated/monitor_samples.jsonl,artifact/raw/B3-formal-v1/M5-S2-measured-02-M5_I2R2_N1024_e4096_ONLINE_repeated/monitor_samples.jsonl,ffcf713ba4b5073ee8fc3c9404c8e8599f816d74d35047c7668598eceb057e07,EXACT_BYTES; ARCHIVE_RESTORE
artifact/raw/B3-formal-v1/M5-S2-measured-02-M5_I2R2_N1024_e65536_COLD_packed/monitor_samples.jsonl,artifact/raw/B3-formal-v1/M5-S2-measured-02-M5_I2R2_N1024_e65536_COLD_packed/monitor_samples.jsonl,d781af204bf44cc584be8ce40c52f865f26bfbc76388f892e8dcab576bd27e5e,EXACT_BYTES; ARCHIVE_RESTORE
artifact/raw/B3-formal-v1/M5-S2-measured-02-M5_I2R2_N1024_e65536_COLD_repeated/monitor_samples.jsonl,artifact/raw/B3-formal-v1/M5-S2-measured-02-M5_I2R2_N1024_e65536_COLD_repeated/monitor_samples.jsonl,0cad82e5ef7b7cd238e6eb93a38442cfebc0ce38de879dc7e7679cfd6192776c,EXACT_BYTES; ARCHIVE_RESTORE
artifact/raw/B3-formal-v1/M5-S2-measured-02-M5_I2R2_N1024_e65536_ONLINE_packed/monitor_samples.jsonl,artifact/raw/B3-formal-v1/M5-S2-measured-02-M5_I2R2_N1024_e65536_ONLINE_packed/monitor_samples.jsonl,681f3017330a6554179678982fcc59855f6f6b68040d3fa1f887df6642994519,EXACT_BYTES; ARCHIVE_RESTORE
artifact/raw/B3-formal-v1/M5-S2-measured-02-M5_I2R2_N1024_e65536_ONLINE_repeated/monitor_samples.jsonl,artifact/raw/B3-formal-v1/M5-S2-measured-02-M5_I2R2_N1024_e65536_ONLINE_repeated/monitor_samples.jsonl,9c678aaa0a2ec19c0421bff4dd98ad1ed8d3e468c6a06eb899302c324971724a,EXACT_BYTES; ARCHIVE_RESTORE
artifact/raw/B3-formal-v1/M5-S2-measured-02-M5_I2R2_N1024_e8192_COLD_packed/monitor_samples.jsonl,artifact/raw/B3-formal-v1/M5-S2-measured-02-M5_I2R2_N1024_e8192_COLD_packed/monitor_samples.jsonl,26254ccd40f2dad394fbf9f63720a1f68e2ae481d3da80441dbb8975e802d848,EXACT_BYTES; ARCHIVE_RESTORE
artifact/raw/B3-formal-v1/M5-S2-measured-02-M5_I2R2_N1024_e8192_COLD_repeated/monitor_samples.jsonl,artifact/raw/B3-formal-v1/M5-S2-measured-02-M5_I2R2_N1024_e8192_COLD_repeated/monitor_samples.jsonl,e4480a656caa462d1fc2f4a9ba8a043b25d2f6609506da8c4a067bd9611ba773,EXACT_BYTES; ARCHIVE_RESTORE
artifact/raw/B3-formal-v1/M5-S2-measured-02-M5_I2R2_N1024_e8192_ONLINE_packed/monitor_samples.jsonl,artifact/raw/B3-formal-v1/M5-S2-measured-02-M5_I2R2_N1024_e8192_ONLINE_packed/monitor_samples.jsonl,a13de8c36b9a0776da32d56e73195127def1a98a13568db7436050eab0d7447d,EXACT_BYTES; ARCHIVE_RESTORE
artifact/raw/B3-formal-v1/M5-S2-measured-02-M5_I2R2_N1024_e8192_ONLINE_repeated/monitor_samples.jsonl,artifact/raw/B3-formal-v1/M5-S2-measured-02-M5_I2R2_N1024_e8192_ONLINE_repeated/monitor_samples.jsonl,07469943a03c1352f583077535b5f8c650295f6fa36e861b25803a25074b4666,EXACT_BYTES; ARCHIVE_RESTORE
artifact/raw/B3-formal-v1/M5-S2-measured-03-M5_I2R2_N1024_e12288_COLD_packed/monitor_samples.jsonl,artifact/raw/B3-formal-v1/M5-S2-measured-03-M5_I2R2_N1024_e12288_COLD_packed/monitor_samples.jsonl,38bf877fed5fbcf48b7aedded5a90c34c5e53f69ec5a84d6829e6e2a965e39ed,EXACT_BYTES; ARCHIVE_RESTORE
artifact/raw/B3-formal-v1/M5-S2-measured-03-M5_I2R2_N1024_e12288_COLD_repeated/monitor_samples.jsonl,artifact/raw/B3-formal-v1/M5-S2-measured-03-M5_I2R2_N1024_e12288_COLD_repeated/monitor_samples.jsonl,435131ae31f6b1fd9a9bd46e8999424eb60675bf4f4ef79ca230b051347cf48b,EXACT_BYTES; ARCHIVE_RESTORE
artifact/raw/B3-formal-v1/M5-S2-measured-03-M5_I2R2_N1024_e12288_ONLINE_packed/monitor_samples.jsonl,artifact/raw/B3-formal-v1/M5-S2-measured-03-M5_I2R2_N1024_e12288_ONLINE_packed/monitor_samples.jsonl,d76a4daf9260b030a4f39b2394e920ed30cc66b7bb7d7315a8763d1be3f96f47,EXACT_BYTES; ARCHIVE_RESTORE
artifact/raw/B3-formal-v1/M5-S2-measured-03-M5_I2R2_N1024_e12288_ONLINE_repeated/monitor_samples.jsonl,artifact/raw/B3-formal-v1/M5-S2-measured-03-M5_I2R2_N1024_e12288_ONLINE_repeated/monitor_samples.jsonl,7735b5b58d2fe3f792ac766e333e075fe7a5e1950b55edca37983b5c403a41ba,EXACT_BYTES; ARCHIVE_RESTORE
artifact/raw/B3-formal-v1/M5-S2-measured-03-M5_I2R2_N1024_e16384_COLD_packed/monitor_samples.jsonl,artifact/raw/B3-formal-v1/M5-S2-measured-03-M5_I2R2_N1024_e16384_COLD_packed/monitor_samples.jsonl,f6ceb00f30beee50984b046d5f503a152bbb540ca4e0af763a8bfb2888f3846e,EXACT_BYTES; ARCHIVE_RESTORE
artifact/raw/B3-formal-v1/M5-S2-measured-03-M5_I2R2_N1024_e16384_COLD_repeated/monitor_samples.jsonl,artifact/raw/B3-formal-v1/M5-S2-measured-03-M5_I2R2_N1024_e16384_COLD_repeated/monitor_samples.jsonl,f484cff16842cd7fe3ea8f583c4cd69ae83c1e68b12d1b871f68527b06866126,EXACT_BYTES; ARCHIVE_RESTORE
artifact/raw/B3-formal-v1/M5-S2-measured-03-M5_I2R2_N1024_e16384_ONLINE_packed/monitor_samples.jsonl,artifact/raw/B3-formal-v1/M5-S2-measured-03-M5_I2R2_N1024_e16384_ONLINE_packed/monitor_samples.jsonl,130027fccd1ee397e0ac1e52a971f2239bde725ec182653037c5b9c05737c86c,EXACT_BYTES; ARCHIVE_RESTORE
artifact/raw/B3-formal-v1/M5-S2-measured-03-M5_I2R2_N1024_e16384_ONLINE_repeated/monitor_samples.jsonl,artifact/raw/B3-formal-v1/M5-S2-measured-03-M5_I2R2_N1024_e16384_ONLINE_repeated/monitor_samples.jsonl,80918cc144dd4e6df4588773b3b7dbbef36f9a9545a11e7b37e3224059a8bdd9,EXACT_BYTES; ARCHIVE_RESTORE
artifact/raw/B3-formal-v1/M5-S2-measured-03-M5_I2R2_N1024_e4096_COLD_packed/monitor_samples.jsonl,artifact/raw/B3-formal-v1/M5-S2-measured-03-M5_I2R2_N1024_e4096_COLD_packed/monitor_samples.jsonl,9c72ebfe9664abd0c13fcc998ce5a1b20ee63fe8700fffd66c4954e4629f086a,EXACT_BYTES; ARCHIVE_RESTORE
artifact/raw/B3-formal-v1/M5-S2-measured-03-M5_I2R2_N1024_e4096_COLD_repeated/monitor_samples.jsonl,artifact/raw/B3-formal-v1/M5-S2-measured-03-M5_I2R2_N1024_e4096_COLD_repeated/monitor_samples.jsonl,9f91a10df5858f98fc3c40728f1776524c03163c271e83c4c835a60a68d70c51,EXACT_BYTES; ARCHIVE_RESTORE
artifact/raw/B3-formal-v1/M5-S2-measured-03-M5_I2R2_N1024_e4096_ONLINE_packed/monitor_samples.jsonl,artifact/raw/B3-formal-v1/M5-S2-measured-03-M5_I2R2_N1024_e4096_ONLINE_packed/monitor_samples.jsonl,0e13c969c6d5a5a0d77fd1b754b2c5c61b5d1c7cc4d6321dc901d9b4659b08fd,EXACT_BYTES; ARCHIVE_RESTORE
artifact/raw/B3-formal-v1/M5-S2-measured-03-M5_I2R2_N1024_e4096_ONLINE_repeated/monitor_samples.jsonl,artifact/raw/B3-formal-v1/M5-S2-measured-03-M5_I2R2_N1024_e4096_ONLINE_repeated/monitor_samples.jsonl,5951ee98d4e96d3faedcd95d000ab2b78066c77cb10a9cc37d5188ba45edfaa2,EXACT_BYTES; ARCHIVE_RESTORE
artifact/raw/B3-formal-v1/M5-S2-measured-03-M5_I2R2_N1024_e65536_COLD_packed/monitor_samples.jsonl,artifact/raw/B3-formal-v1/M5-S2-measured-03-M5_I2R2_N1024_e65536_COLD_packed/monitor_samples.jsonl,e530ea4b42ff7474f6bfed270e71d78d054bcacea3ac4c14d7a12e6f184d3cd4,EXACT_BYTES; ARCHIVE_RESTORE
artifact/raw/B3-formal-v1/M5-S2-measured-03-M5_I2R2_N1024_e65536_COLD_repeated/monitor_samples.jsonl,artifact/raw/B3-formal-v1/M5-S2-measured-03-M5_I2R2_N1024_e65536_COLD_repeated/monitor_samples.jsonl,3bafad183f8b1ee83e381c045db8c657af70b4a54bcb72ff9e13eb73a3edf0a6,EXACT_BYTES; ARCHIVE_RESTORE
artifact/raw/B3-formal-v1/M5-S2-measured-03-M5_I2R2_N1024_e65536_ONLINE_packed/monitor_samples.jsonl,artifact/raw/B3-formal-v1/M5-S2-measured-03-M5_I2R2_N1024_e65536_ONLINE_packed/monitor_samples.jsonl,a568d1f72abcf737821dd1821f5c49503fce19f5448ce0908eeedbc329e8c1d8,EXACT_BYTES; ARCHIVE_RESTORE
artifact/raw/B3-formal-v1/M5-S2-measured-03-M5_I2R2_N1024_e65536_ONLINE_repeated/monitor_samples.jsonl,artifact/raw/B3-formal-v1/M5-S2-measured-03-M5_I2R2_N1024_e65536_ONLINE_repeated/monitor_samples.jsonl,b1b75b75676f765affaf924e29ce14b3ea7e20ba0b7403a0703140ce90655c9e,EXACT_BYTES; ARCHIVE_RESTORE
artifact/raw/B3-formal-v1/M5-S2-measured-03-M5_I2R2_N1024_e8192_COLD_packed/monitor_samples.jsonl,artifact/raw/B3-formal-v1/M5-S2-measured-03-M5_I2R2_N1024_e8192_COLD_packed/monitor_samples.jsonl,cca51b6f17b2e1eb3e244601c74e72310712eeef4a19c511c70a3657c912a5ef,EXACT_BYTES; ARCHIVE_RESTORE
artifact/raw/B3-formal-v1/M5-S2-measured-03-M5_I2R2_N1024_e8192_COLD_repeated/monitor_samples.jsonl,artifact/raw/B3-formal-v1/M5-S2-measured-03-M5_I2R2_N1024_e8192_COLD_repeated/monitor_samples.jsonl,6f1a62e5d6af57d097ca91883dd69aaee069ead2c1c92c009571706aa82161e1,EXACT_BYTES; ARCHIVE_RESTORE
artifact/raw/B3-formal-v1/M5-S2-measured-03-M5_I2R2_N1024_e8192_ONLINE_packed/monitor_samples.jsonl,artifact/raw/B3-formal-v1/M5-S2-measured-03-M5_I2R2_N1024_e8192_ONLINE_packed/monitor_samples.jsonl,1c75dc0db407c92096e77634f3d1f298633539cf6c3dd099a00163ddd1e83d1a,EXACT_BYTES; ARCHIVE_RESTORE
artifact/raw/B3-formal-v1/M5-S2-measured-03-M5_I2R2_N1024_e8192_ONLINE_repeated/monitor_samples.jsonl,artifact/raw/B3-formal-v1/M5-S2-measured-03-M5_I2R2_N1024_e8192_ONLINE_repeated/monitor_samples.jsonl,a73ac01fba7f81bbacaf6fb18119ca6e75642338cd4a50e4622d3d59ba71bf2d,EXACT_BYTES; ARCHIVE_RESTORE
artifact/raw/B3-formal-v1/M5-S2-measured-04-M5_I2R2_N1024_e12288_COLD_packed/monitor_samples.jsonl,artifact/raw/B3-formal-v1/M5-S2-measured-04-M5_I2R2_N1024_e12288_COLD_packed/monitor_samples.jsonl,7618b3c36a4611d3ee98dc483ed762b8aabd04e077186ab735c5889ea8c01fc9,EXACT_BYTES; ARCHIVE_RESTORE
artifact/raw/B3-formal-v1/M5-S2-measured-04-M5_I2R2_N1024_e12288_COLD_repeated/monitor_samples.jsonl,artifact/raw/B3-formal-v1/M5-S2-measured-04-M5_I2R2_N1024_e12288_COLD_repeated/monitor_samples.jsonl,89c8d56094e547730ca0ce95084f7fbb384bd55762062feaeeeda565c578940e,EXACT_BYTES; ARCHIVE_RESTORE
artifact/raw/B3-formal-v1/M5-S2-measured-04-M5_I2R2_N1024_e12288_ONLINE_packed/monitor_samples.jsonl,artifact/raw/B3-formal-v1/M5-S2-measured-04-M5_I2R2_N1024_e12288_ONLINE_packed/monitor_samples.jsonl,4a9f1213d900cc08a07993d61a62fe8ea8dbb2a2ce6628a9fdd6ec8335f7faab,EXACT_BYTES; ARCHIVE_RESTORE
artifact/raw/B3-formal-v1/M5-S2-measured-04-M5_I2R2_N1024_e12288_ONLINE_repeated/monitor_samples.jsonl,artifact/raw/B3-formal-v1/M5-S2-measured-04-M5_I2R2_N1024_e12288_ONLINE_repeated/monitor_samples.jsonl,4fd7fb6223bb07153ff94cac33082b2ffea73ac9cb1d8eca6d1329fd10dd3d07,EXACT_BYTES; ARCHIVE_RESTORE
artifact/raw/B3-formal-v1/M5-S2-measured-04-M5_I2R2_N1024_e16384_COLD_packed/monitor_samples.jsonl,artifact/raw/B3-formal-v1/M5-S2-measured-04-M5_I2R2_N1024_e16384_COLD_packed/monitor_samples.jsonl,7a5fe3573b8debd60de6228c33d04b9d52523313710e4420f228e9fc8136abd9,EXACT_BYTES; ARCHIVE_RESTORE
artifact/raw/B3-formal-v1/M5-S2-measured-04-M5_I2R2_N1024_e16384_COLD_repeated/monitor_samples.jsonl,artifact/raw/B3-formal-v1/M5-S2-measured-04-M5_I2R2_N1024_e16384_COLD_repeated/monitor_samples.jsonl,10341afd99f8cbc8219e309461f2d50b9c59da7f2d885ba661463cf7837893ab,EXACT_BYTES; ARCHIVE_RESTORE
artifact/raw/B3-formal-v1/M5-S2-measured-04-M5_I2R2_N1024_e16384_ONLINE_packed/monitor_samples.jsonl,artifact/raw/B3-formal-v1/M5-S2-measured-04-M5_I2R2_N1024_e16384_ONLINE_packed/monitor_samples.jsonl,8285f180d14bec1d5da413c998bcdc5fba4793b11e718ea2abf60ff8609c1e71,EXACT_BYTES; ARCHIVE_RESTORE
artifact/raw/B3-formal-v1/M5-S2-measured-04-M5_I2R2_N1024_e16384_ONLINE_repeated/monitor_samples.jsonl,artifact/raw/B3-formal-v1/M5-S2-measured-04-M5_I2R2_N1024_e16384_ONLINE_repeated/monitor_samples.jsonl,15be9828d15548d59cc4a71808e7a36ced5649849f646b25b9d1a82f443d25ac,EXACT_BYTES; ARCHIVE_RESTORE
artifact/raw/B3-formal-v1/M5-S2-measured-04-M5_I2R2_N1024_e4096_COLD_packed/monitor_samples.jsonl,artifact/raw/B3-formal-v1/M5-S2-measured-04-M5_I2R2_N1024_e4096_COLD_packed/monitor_samples.jsonl,229f82b6c3a2470dfb3d35596c94a18eb6532b92df9a8c76d88bf09438d338f7,EXACT_BYTES; ARCHIVE_RESTORE
artifact/raw/B3-formal-v1/M5-S2-measured-04-M5_I2R2_N1024_e4096_COLD_repeated/monitor_samples.jsonl,artifact/raw/B3-formal-v1/M5-S2-measured-04-M5_I2R2_N1024_e4096_COLD_repeated/monitor_samples.jsonl,bc43761842166b203eceaa3a6b8ec4e326431dd42932ab3010bdafe017481ea1,EXACT_BYTES; ARCHIVE_RESTORE
artifact/raw/B3-formal-v1/M5-S2-measured-04-M5_I2R2_N1024_e4096_ONLINE_packed/monitor_samples.jsonl,artifact/raw/B3-formal-v1/M5-S2-measured-04-M5_I2R2_N1024_e4096_ONLINE_packed/monitor_samples.jsonl,6026aa56ce147f2130147a22aa208f00c74feec208fc631f8ecaf331a8300c10,EXACT_BYTES; ARCHIVE_RESTORE
artifact/raw/B3-formal-v1/M5-S2-measured-04-M5_I2R2_N1024_e4096_ONLINE_repeated/monitor_samples.jsonl,artifact/raw/B3-formal-v1/M5-S2-measured-04-M5_I2R2_N1024_e4096_ONLINE_repeated/monitor_samples.jsonl,6bab2edfe994174ba7f5d3c184038cecffacb8d2bffd24b49fb1cda8c80f85e8,EXACT_BYTES; ARCHIVE_RESTORE
artifact/raw/B3-formal-v1/M5-S2-measured-04-M5_I2R2_N1024_e65536_COLD_packed/monitor_samples.jsonl,artifact/raw/B3-formal-v1/M5-S2-measured-04-M5_I2R2_N1024_e65536_COLD_packed/monitor_samples.jsonl,24ac03446fc9222be1f2ca12aebae48124574f20e7e34cd7b37512ee4eea882c,EXACT_BYTES; ARCHIVE_RESTORE
artifact/raw/B3-formal-v1/M5-S2-measured-04-M5_I2R2_N1024_e65536_COLD_repeated/monitor_samples.jsonl,artifact/raw/B3-formal-v1/M5-S2-measured-04-M5_I2R2_N1024_e65536_COLD_repeated/monitor_samples.jsonl,05f56ca50aaee0b71970201436efdc5e0134c6c492f97b4e875579c010b079cf,EXACT_BYTES; ARCHIVE_RESTORE
artifact/raw/B3-formal-v1/M5-S2-measured-04-M5_I2R2_N1024_e65536_ONLINE_packed/monitor_samples.jsonl,artifact/raw/B3-formal-v1/M5-S2-measured-04-M5_I2R2_N1024_e65536_ONLINE_packed/monitor_samples.jsonl,c439a1ce4dcd5c6140c0687b5cd9276e4774aea0bd285dbf3499a396be947307,EXACT_BYTES; ARCHIVE_RESTORE
artifact/raw/B3-formal-v1/M5-S2-measured-04-M5_I2R2_N1024_e65536_ONLINE_repeated/monitor_samples.jsonl,artifact/raw/B3-formal-v1/M5-S2-measured-04-M5_I2R2_N1024_e65536_ONLINE_repeated/monitor_samples.jsonl,5e881f5ebf22edcab7cde7f65bd213689af6c3a3aff2bbc23fb27c5dc11e90b0,EXACT_BYTES; ARCHIVE_RESTORE
artifact/raw/B3-formal-v1/M5-S2-measured-04-M5_I2R2_N1024_e8192_COLD_packed/monitor_samples.jsonl,artifact/raw/B3-formal-v1/M5-S2-measured-04-M5_I2R2_N1024_e8192_COLD_packed/monitor_samples.jsonl,d3c5dbc053b2112688383ad74f3d94e4835fd0df6a03daf112ae1ec20479a16c,EXACT_BYTES; ARCHIVE_RESTORE
artifact/raw/B3-formal-v1/M5-S2-measured-04-M5_I2R2_N1024_e8192_COLD_repeated/monitor_samples.jsonl,artifact/raw/B3-formal-v1/M5-S2-measured-04-M5_I2R2_N1024_e8192_COLD_repeated/monitor_samples.jsonl,d617ab7eda6d4468d4eac0de23f79f6fd0e8798faff9407ae804cbe127c35ef1,EXACT_BYTES; ARCHIVE_RESTORE
artifact/raw/B3-formal-v1/M5-S2-measured-04-M5_I2R2_N1024_e8192_ONLINE_packed/monitor_samples.jsonl,artifact/raw/B3-formal-v1/M5-S2-measured-04-M5_I2R2_N1024_e8192_ONLINE_packed/monitor_samples.jsonl,f886948ca8c6a02feab8e0172985ecce22532e7f53dd08750fc208cd9906a61e,EXACT_BYTES; ARCHIVE_RESTORE
artifact/raw/B3-formal-v1/M5-S2-measured-04-M5_I2R2_N1024_e8192_ONLINE_repeated/monitor_samples.jsonl,artifact/raw/B3-formal-v1/M5-S2-measured-04-M5_I2R2_N1024_e8192_ONLINE_repeated/monitor_samples.jsonl,d48805e142f0830ca4902176382615296ec9454985c90e3c30537fdaf6cdf5dd,EXACT_BYTES; ARCHIVE_RESTORE
artifact/raw/B3-formal-v1/M5-S2-measured-05-M5_I2R2_N1024_e12288_COLD_packed/monitor_samples.jsonl,artifact/raw/B3-formal-v1/M5-S2-measured-05-M5_I2R2_N1024_e12288_COLD_packed/monitor_samples.jsonl,87ffc4a737431c4c2b23c7e5a08cced6e2b6791eb224f1b0189d1b1d9a3d6085,EXACT_BYTES; ARCHIVE_RESTORE
artifact/raw/B3-formal-v1/M5-S2-measured-05-M5_I2R2_N1024_e12288_COLD_repeated/monitor_samples.jsonl,artifact/raw/B3-formal-v1/M5-S2-measured-05-M5_I2R2_N1024_e12288_COLD_repeated/monitor_samples.jsonl,9d249026fca58e83ad8c87773e2cadf1511df3f87c33e56e8fc57def60fadbf2,EXACT_BYTES; ARCHIVE_RESTORE
artifact/raw/B3-formal-v1/M5-S2-measured-05-M5_I2R2_N1024_e12288_ONLINE_packed/monitor_samples.jsonl,artifact/raw/B3-formal-v1/M5-S2-measured-05-M5_I2R2_N1024_e12288_ONLINE_packed/monitor_samples.jsonl,9a8ed77a902dd14ffd9a56f061dd83dfecb53df490abc8eba14616061e060e3d,EXACT_BYTES; ARCHIVE_RESTORE
artifact/raw/B3-formal-v1/M5-S2-measured-05-M5_I2R2_N1024_e12288_ONLINE_repeated/monitor_samples.jsonl,artifact/raw/B3-formal-v1/M5-S2-measured-05-M5_I2R2_N1024_e12288_ONLINE_repeated/monitor_samples.jsonl,f64039b1587b3fd38bf025aae77df868f76e0139b61dc969311023e60ea1c4cc,EXACT_BYTES; ARCHIVE_RESTORE
artifact/raw/B3-formal-v1/M5-S2-measured-05-M5_I2R2_N1024_e16384_COLD_packed/monitor_samples.jsonl,artifact/raw/B3-formal-v1/M5-S2-measured-05-M5_I2R2_N1024_e16384_COLD_packed/monitor_samples.jsonl,437c0fa712afab1be2348853dcfcf0ddf0128017b29a3d1643c232c7490b9426,EXACT_BYTES; ARCHIVE_RESTORE
artifact/raw/B3-formal-v1/M5-S2-measured-05-M5_I2R2_N1024_e16384_COLD_repeated/monitor_samples.jsonl,artifact/raw/B3-formal-v1/M5-S2-measured-05-M5_I2R2_N1024_e16384_COLD_repeated/monitor_samples.jsonl,07ae22a62fd89f804fe9f60311b056f385c3d374173280b6469e748d7bfda4dc,EXACT_BYTES; ARCHIVE_RESTORE
artifact/raw/B3-formal-v1/M5-S2-measured-05-M5_I2R2_N1024_e16384_ONLINE_packed/monitor_samples.jsonl,artifact/raw/B3-formal-v1/M5-S2-measured-05-M5_I2R2_N1024_e16384_ONLINE_packed/monitor_samples.jsonl,a5f4e8e70a19b549008b425d8670fd385f5a8f633f9984d3e485b0a9f27183df,EXACT_BYTES; ARCHIVE_RESTORE
artifact/raw/B3-formal-v1/M5-S2-measured-05-M5_I2R2_N1024_e16384_ONLINE_repeated/monitor_samples.jsonl,artifact/raw/B3-formal-v1/M5-S2-measured-05-M5_I2R2_N1024_e16384_ONLINE_repeated/monitor_samples.jsonl,a14b1f2074f7755f9d3a28cdc8d469c099c417f54e23d40a2c1bc0488ada44f3,EXACT_BYTES; ARCHIVE_RESTORE
artifact/raw/B3-formal-v1/M5-S2-measured-05-M5_I2R2_N1024_e4096_COLD_packed/monitor_samples.jsonl,artifact/raw/B3-formal-v1/M5-S2-measured-05-M5_I2R2_N1024_e4096_COLD_packed/monitor_samples.jsonl,75575124253891953adfbc8dd70cb997b7295d47b27879d6cf92a6c18e0de845,EXACT_BYTES; ARCHIVE_RESTORE
artifact/raw/B3-formal-v1/M5-S2-measured-05-M5_I2R2_N1024_e4096_COLD_repeated/monitor_samples.jsonl,artifact/raw/B3-formal-v1/M5-S2-measured-05-M5_I2R2_N1024_e4096_COLD_repeated/monitor_samples.jsonl,e86800406e4e96e89e6f287e4b71c0c34fed83f3ff087e498a26b752b96c32ef,EXACT_BYTES; ARCHIVE_RESTORE
artifact/raw/B3-formal-v1/M5-S2-measured-05-M5_I2R2_N1024_e4096_ONLINE_packed/monitor_samples.jsonl,artifact/raw/B3-formal-v1/M5-S2-measured-05-M5_I2R2_N1024_e4096_ONLINE_packed/monitor_samples.jsonl,9bd14fbdb2c80c51e24c2c0eea7c0e742dff26c19eca31f0e96120c8621302e2,EXACT_BYTES; ARCHIVE_RESTORE
artifact/raw/B3-formal-v1/M5-S2-measured-05-M5_I2R2_N1024_e4096_ONLINE_repeated/monitor_samples.jsonl,artifact/raw/B3-formal-v1/M5-S2-measured-05-M5_I2R2_N1024_e4096_ONLINE_repeated/monitor_samples.jsonl,efdaf3834e37a80a1fda42dad4f4c6de8a7f2f6b5f69a544f92bb81478471730,EXACT_BYTES; ARCHIVE_RESTORE
artifact/raw/B3-formal-v1/M5-S2-measured-05-M5_I2R2_N1024_e65536_COLD_packed/monitor_samples.jsonl,artifact/raw/B3-formal-v1/M5-S2-measured-05-M5_I2R2_N1024_e65536_COLD_packed/monitor_samples.jsonl,6a83174d483324f65e94230a4fd534b5c22af013a4be41780cdc7d6a9ac7093a,EXACT_BYTES; ARCHIVE_RESTORE
artifact/raw/B3-formal-v1/M5-S2-measured-05-M5_I2R2_N1024_e65536_COLD_repeated/monitor_samples.jsonl,artifact/raw/B3-formal-v1/M5-S2-measured-05-M5_I2R2_N1024_e65536_COLD_repeated/monitor_samples.jsonl,b886e6f5e2e854739dee68479857c89e358f080de2d4d731b749148810f1408c,EXACT_BYTES; ARCHIVE_RESTORE
artifact/raw/B3-formal-v1/M5-S2-measured-05-M5_I2R2_N1024_e65536_ONLINE_packed/monitor_samples.jsonl,artifact/raw/B3-formal-v1/M5-S2-measured-05-M5_I2R2_N1024_e65536_ONLINE_packed/monitor_samples.jsonl,d9dbb9d5c6ce9194bf7fbfb9d02b2627328a5cad45d3cc1c6d4829ef2a8193c9,EXACT_BYTES; ARCHIVE_RESTORE
artifact/raw/B3-formal-v1/M5-S2-measured-05-M5_I2R2_N1024_e65536_ONLINE_repeated/monitor_samples.jsonl,artifact/raw/B3-formal-v1/M5-S2-measured-05-M5_I2R2_N1024_e65536_ONLINE_repeated/monitor_samples.jsonl,b0187c725dceca38e57d442464749788d8178f7adefa781af3aec442f5a9ccd8,EXACT_BYTES; ARCHIVE_RESTORE
artifact/raw/B3-formal-v1/M5-S2-measured-05-M5_I2R2_N1024_e8192_COLD_packed/monitor_samples.jsonl,artifact/raw/B3-formal-v1/M5-S2-measured-05-M5_I2R2_N1024_e8192_COLD_packed/monitor_samples.jsonl,d9e29c598d81ac2e11509fa57559b6e4785885269432bf24ec6e7eb3bd5e42bb,EXACT_BYTES; ARCHIVE_RESTORE
artifact/raw/B3-formal-v1/M5-S2-measured-05-M5_I2R2_N1024_e8192_COLD_repeated/monitor_samples.jsonl,artifact/raw/B3-formal-v1/M5-S2-measured-05-M5_I2R2_N1024_e8192_COLD_repeated/monitor_samples.jsonl,c6ffa4dde6c9a9fadd20aec1673e35b24f74a310d349b393de4f393e3ff09e17,EXACT_BYTES; ARCHIVE_RESTORE
artifact/raw/B3-formal-v1/M5-S2-measured-05-M5_I2R2_N1024_e8192_ONLINE_packed/monitor_samples.jsonl,artifact/raw/B3-formal-v1/M5-S2-measured-05-M5_I2R2_N1024_e8192_ONLINE_packed/monitor_samples.jsonl,985ba738432720b6390dac581d95894b17c5cfb4513fa0bab21f7988ccea3680,EXACT_BYTES; ARCHIVE_RESTORE
artifact/raw/B3-formal-v1/M5-S2-measured-05-M5_I2R2_N1024_e8192_ONLINE_repeated/monitor_samples.jsonl,artifact/raw/B3-formal-v1/M5-S2-measured-05-M5_I2R2_N1024_e8192_ONLINE_repeated/monitor_samples.jsonl,f03f41a3cd201eba206fa684edd898919869728b7129e22895e934a5197ad27a,EXACT_BYTES; ARCHIVE_RESTORE
artifact/raw/B3-formal-v1/M5-S2-measured-06-M5_I2R2_N1024_e12288_COLD_packed/monitor_samples.jsonl,artifact/raw/B3-formal-v1/M5-S2-measured-06-M5_I2R2_N1024_e12288_COLD_packed/monitor_samples.jsonl,6e9d777821523369d2e61d034390fe7af0a5872e0f80ef95118531174064c2a8,EXACT_BYTES; ARCHIVE_RESTORE
artifact/raw/B3-formal-v1/M5-S2-measured-06-M5_I2R2_N1024_e12288_COLD_repeated/monitor_samples.jsonl,artifact/raw/B3-formal-v1/M5-S2-measured-06-M5_I2R2_N1024_e12288_COLD_repeated/monitor_samples.jsonl,ea1e8b10d26310bc1ea7054223472fabb7d2d837cc811492921cfed41dcdb13d,EXACT_BYTES; ARCHIVE_RESTORE
artifact/raw/B3-formal-v1/M5-S2-measured-06-M5_I2R2_N1024_e12288_ONLINE_packed/monitor_samples.jsonl,artifact/raw/B3-formal-v1/M5-S2-measured-06-M5_I2R2_N1024_e12288_ONLINE_packed/monitor_samples.jsonl,51da411c156ba1fdc8a01d9ce50383b40439097b0c1e263e2ee382619d237e1e,EXACT_BYTES; ARCHIVE_RESTORE
artifact/raw/B3-formal-v1/M5-S2-measured-06-M5_I2R2_N1024_e12288_ONLINE_repeated/monitor_samples.jsonl,artifact/raw/B3-formal-v1/M5-S2-measured-06-M5_I2R2_N1024_e12288_ONLINE_repeated/monitor_samples.jsonl,f9f378b5a9955e1b8072537ded864412857831a63974159fda8c2040c9665c50,EXACT_BYTES; ARCHIVE_RESTORE
artifact/raw/B3-formal-v1/M5-S2-measured-06-M5_I2R2_N1024_e16384_COLD_packed/monitor_samples.jsonl,artifact/raw/B3-formal-v1/M5-S2-measured-06-M5_I2R2_N1024_e16384_COLD_packed/monitor_samples.jsonl,48537f76b6be8b823ae47bba583bcfd3e06a60cdc4dc9597d4bf85bfdbb2d075,EXACT_BYTES; ARCHIVE_RESTORE
artifact/raw/B3-formal-v1/M5-S2-measured-06-M5_I2R2_N1024_e16384_COLD_repeated/monitor_samples.jsonl,artifact/raw/B3-formal-v1/M5-S2-measured-06-M5_I2R2_N1024_e16384_COLD_repeated/monitor_samples.jsonl,d464081fe63c086f914da6f069644b9746801f6805701ebd4ddc760f94d30b55,EXACT_BYTES; ARCHIVE_RESTORE
artifact/raw/B3-formal-v1/M5-S2-measured-06-M5_I2R2_N1024_e16384_ONLINE_packed/monitor_samples.jsonl,artifact/raw/B3-formal-v1/M5-S2-measured-06-M5_I2R2_N1024_e16384_ONLINE_packed/monitor_samples.jsonl,f81d7e2df689510ff057b0c1c4ca5a7f06d4bb11bf2394214ea1612fd87433a8,EXACT_BYTES; ARCHIVE_RESTORE
artifact/raw/B3-formal-v1/M5-S2-measured-06-M5_I2R2_N1024_e16384_ONLINE_repeated/monitor_samples.jsonl,artifact/raw/B3-formal-v1/M5-S2-measured-06-M5_I2R2_N1024_e16384_ONLINE_repeated/monitor_samples.jsonl,84b25ff28e25bac71c1dc67bfd603c391c892618adaca1d730bd4f5130993e79,EXACT_BYTES; ARCHIVE_RESTORE
artifact/raw/B3-formal-v1/M5-S2-measured-06-M5_I2R2_N1024_e4096_COLD_packed/monitor_samples.jsonl,artifact/raw/B3-formal-v1/M5-S2-measured-06-M5_I2R2_N1024_e4096_COLD_packed/monitor_samples.jsonl,af5197ebec716feef87ded348989c84e09002785ebdb405350f528e595b9d4cc,EXACT_BYTES; ARCHIVE_RESTORE
artifact/raw/B3-formal-v1/M5-S2-measured-06-M5_I2R2_N1024_e4096_COLD_repeated/monitor_samples.jsonl,artifact/raw/B3-formal-v1/M5-S2-measured-06-M5_I2R2_N1024_e4096_COLD_repeated/monitor_samples.jsonl,93d5b0a0e42a3d4cdcc2c94b57304c1b6ffb775bb46e424a29d9deaca3a7624f,EXACT_BYTES; ARCHIVE_RESTORE
artifact/raw/B3-formal-v1/M5-S2-measured-06-M5_I2R2_N1024_e4096_ONLINE_packed/monitor_samples.jsonl,artifact/raw/B3-formal-v1/M5-S2-measured-06-M5_I2R2_N1024_e4096_ONLINE_packed/monitor_samples.jsonl,898e65226479311cb15ec4edbb0391fcf81a3aa8a9994dbcec30833a037724f5,EXACT_BYTES; ARCHIVE_RESTORE
artifact/raw/B3-formal-v1/M5-S2-measured-06-M5_I2R2_N1024_e4096_ONLINE_repeated/monitor_samples.jsonl,artifact/raw/B3-formal-v1/M5-S2-measured-06-M5_I2R2_N1024_e4096_ONLINE_repeated/monitor_samples.jsonl,4d29a966a3718f60625556d875cb86ade79f1b76a2e5822b9ed30d5fc115d885,EXACT_BYTES; ARCHIVE_RESTORE
artifact/raw/B3-formal-v1/M5-S2-measured-06-M5_I2R2_N1024_e65536_COLD_packed/monitor_samples.jsonl,artifact/raw/B3-formal-v1/M5-S2-measured-06-M5_I2R2_N1024_e65536_COLD_packed/monitor_samples.jsonl,1ac97790c2c36e993930a027c32731fe1b01fbdf0d897535bed3d2035c72ea86,EXACT_BYTES; ARCHIVE_RESTORE
artifact/raw/B3-formal-v1/M5-S2-measured-06-M5_I2R2_N1024_e65536_COLD_repeated/monitor_samples.jsonl,artifact/raw/B3-formal-v1/M5-S2-measured-06-M5_I2R2_N1024_e65536_COLD_repeated/monitor_samples.jsonl,6e4e6a7911532c3473b26c13a22623546c20e0658551a8893a5a1b66dc431e0d,EXACT_BYTES; ARCHIVE_RESTORE
artifact/raw/B3-formal-v1/M5-S2-measured-06-M5_I2R2_N1024_e65536_ONLINE_packed/monitor_samples.jsonl,artifact/raw/B3-formal-v1/M5-S2-measured-06-M5_I2R2_N1024_e65536_ONLINE_packed/monitor_samples.jsonl,019e291bf42ffb25458f732e5682b8347229b481a27887164e62f901d9962d9c,EXACT_BYTES; ARCHIVE_RESTORE
artifact/raw/B3-formal-v1/M5-S2-measured-06-M5_I2R2_N1024_e65536_ONLINE_repeated/monitor_samples.jsonl,artifact/raw/B3-formal-v1/M5-S2-measured-06-M5_I2R2_N1024_e65536_ONLINE_repeated/monitor_samples.jsonl,28c3bbb00ded47b712d18f76d2f9c8dd5aca81dce2669217fd5b8dd053594a11,EXACT_BYTES; ARCHIVE_RESTORE
artifact/raw/B3-formal-v1/M5-S2-measured-06-M5_I2R2_N1024_e8192_COLD_packed/monitor_samples.jsonl,artifact/raw/B3-formal-v1/M5-S2-measured-06-M5_I2R2_N1024_e8192_COLD_packed/monitor_samples.jsonl,ed560742ab12bdb085d7f11db4086dbaec7f0788f5e25be2a6f863485d3323b5,EXACT_BYTES; ARCHIVE_RESTORE
artifact/raw/B3-formal-v1/M5-S2-measured-06-M5_I2R2_N1024_e8192_COLD_repeated/monitor_samples.jsonl,artifact/raw/B3-formal-v1/M5-S2-measured-06-M5_I2R2_N1024_e8192_COLD_repeated/monitor_samples.jsonl,7a2f975fc99254aae731f4760825455c8e2b6464b5f032861d72e9135dbf9b0f,EXACT_BYTES; ARCHIVE_RESTORE
artifact/raw/B3-formal-v1/M5-S2-measured-06-M5_I2R2_N1024_e8192_ONLINE_packed/monitor_samples.jsonl,artifact/raw/B3-formal-v1/M5-S2-measured-06-M5_I2R2_N1024_e8192_ONLINE_packed/monitor_samples.jsonl,7d82ca06b7b4f218fec161db391e52a52b67d443e350bcd718660950c2e20647,EXACT_BYTES; ARCHIVE_RESTORE
artifact/raw/B3-formal-v1/M5-S2-measured-06-M5_I2R2_N1024_e8192_ONLINE_repeated/monitor_samples.jsonl,artifact/raw/B3-formal-v1/M5-S2-measured-06-M5_I2R2_N1024_e8192_ONLINE_repeated/monitor_samples.jsonl,3c06914047aa7927f93bf196ae1f2660b3f6720a8b1d1b76b3e1949f626354c0,EXACT_BYTES; ARCHIVE_RESTORE
artifact/raw/B3-formal-v1/M5-S2-measured-07-M5_I2R2_N1024_e12288_COLD_packed/monitor_samples.jsonl,artifact/raw/B3-formal-v1/M5-S2-measured-07-M5_I2R2_N1024_e12288_COLD_packed/monitor_samples.jsonl,e38dff18f8e9ada41b373e29ce6c77a4c69f951ca668f0f5e407580e110e5876,EXACT_BYTES; ARCHIVE_RESTORE
artifact/raw/B3-formal-v1/M5-S2-measured-07-M5_I2R2_N1024_e12288_COLD_repeated/monitor_samples.jsonl,artifact/raw/B3-formal-v1/M5-S2-measured-07-M5_I2R2_N1024_e12288_COLD_repeated/monitor_samples.jsonl,7fe1b3c5f87b24830831809dcb80d1ad17264301d924ce230ad1aca3f59b751e,EXACT_BYTES; ARCHIVE_RESTORE
artifact/raw/B3-formal-v1/M5-S2-measured-07-M5_I2R2_N1024_e12288_ONLINE_packed/monitor_samples.jsonl,artifact/raw/B3-formal-v1/M5-S2-measured-07-M5_I2R2_N1024_e12288_ONLINE_packed/monitor_samples.jsonl,42fbd5566d95f5f11bda7ab1e4fa9ff67d7e0bac88f0b9b7c930b38cc6e96b68,EXACT_BYTES; ARCHIVE_RESTORE
artifact/raw/B3-formal-v1/M5-S2-measured-07-M5_I2R2_N1024_e12288_ONLINE_repeated/monitor_samples.jsonl,artifact/raw/B3-formal-v1/M5-S2-measured-07-M5_I2R2_N1024_e12288_ONLINE_repeated/monitor_samples.jsonl,0d86bb966669489763596fc614f30ac9797c67f5103f6b04f8cbf0a7e175a7b4,EXACT_BYTES; ARCHIVE_RESTORE
artifact/raw/B3-formal-v1/M5-S2-measured-07-M5_I2R2_N1024_e16384_COLD_packed/monitor_samples.jsonl,artifact/raw/B3-formal-v1/M5-S2-measured-07-M5_I2R2_N1024_e16384_COLD_packed/monitor_samples.jsonl,21065a0954d99c301ae11c665d58e106b2403a8774add7b60220185fc7f9145e,EXACT_BYTES; ARCHIVE_RESTORE
artifact/raw/B3-formal-v1/M5-S2-measured-07-M5_I2R2_N1024_e16384_COLD_repeated/monitor_samples.jsonl,artifact/raw/B3-formal-v1/M5-S2-measured-07-M5_I2R2_N1024_e16384_COLD_repeated/monitor_samples.jsonl,e65ac243d23a32585479b9368e720c8504c17148ee7a7404dd7edd81ea56d2bf,EXACT_BYTES; ARCHIVE_RESTORE
artifact/raw/B3-formal-v1/M5-S2-measured-07-M5_I2R2_N1024_e16384_ONLINE_packed/monitor_samples.jsonl,artifact/raw/B3-formal-v1/M5-S2-measured-07-M5_I2R2_N1024_e16384_ONLINE_packed/monitor_samples.jsonl,6863a0ae012c6dff6b42baa3badb9aa4fb9d2d56daa0789f19ec6060fc09e549,EXACT_BYTES; ARCHIVE_RESTORE
artifact/raw/B3-formal-v1/M5-S2-measured-07-M5_I2R2_N1024_e16384_ONLINE_repeated/monitor_samples.jsonl,artifact/raw/B3-formal-v1/M5-S2-measured-07-M5_I2R2_N1024_e16384_ONLINE_repeated/monitor_samples.jsonl,d23ac7d7ab5aa9a932c6695c1da9cf85b88537b6ede50b3e3f19b4e7dcb223a0,EXACT_BYTES; ARCHIVE_RESTORE
artifact/raw/B3-formal-v1/M5-S2-measured-07-M5_I2R2_N1024_e4096_COLD_packed/monitor_samples.jsonl,artifact/raw/B3-formal-v1/M5-S2-measured-07-M5_I2R2_N1024_e4096_COLD_packed/monitor_samples.jsonl,66c5658ec805747fc0cbc7cd2174bb63c6a344ea35b3f38b0b3732b817a50166,EXACT_BYTES; ARCHIVE_RESTORE
artifact/raw/B3-formal-v1/M5-S2-measured-07-M5_I2R2_N1024_e4096_COLD_repeated/monitor_samples.jsonl,artifact/raw/B3-formal-v1/M5-S2-measured-07-M5_I2R2_N1024_e4096_COLD_repeated/monitor_samples.jsonl,2f7fe13f601bc6ac654eff65f03ddf998db87ce740b5b64f7e7d2a88c3c8e2dc,EXACT_BYTES; ARCHIVE_RESTORE
artifact/raw/B3-formal-v1/M5-S2-measured-07-M5_I2R2_N1024_e4096_ONLINE_packed/monitor_samples.jsonl,artifact/raw/B3-formal-v1/M5-S2-measured-07-M5_I2R2_N1024_e4096_ONLINE_packed/monitor_samples.jsonl,d443d0d227c2cd83ee068869fec31f4ca13d3711059fb873bd2f0af2e87e9e47,EXACT_BYTES; ARCHIVE_RESTORE
artifact/raw/B3-formal-v1/M5-S2-measured-07-M5_I2R2_N1024_e4096_ONLINE_repeated/monitor_samples.jsonl,artifact/raw/B3-formal-v1/M5-S2-measured-07-M5_I2R2_N1024_e4096_ONLINE_repeated/monitor_samples.jsonl,4a11786cef88f6645e2c8e68d9410693511c65a8662510b9710b988e3661a9bf,EXACT_BYTES; ARCHIVE_RESTORE
artifact/raw/B3-formal-v1/M5-S2-measured-07-M5_I2R2_N1024_e65536_COLD_packed/monitor_samples.jsonl,artifact/raw/B3-formal-v1/M5-S2-measured-07-M5_I2R2_N1024_e65536_COLD_packed/monitor_samples.jsonl,a3a2e4fbfb01e4d45efa4bb3865816e88d0a146d015049e85699fd3430649159,EXACT_BYTES; ARCHIVE_RESTORE
artifact/raw/B3-formal-v1/M5-S2-measured-07-M5_I2R2_N1024_e65536_COLD_repeated/monitor_samples.jsonl,artifact/raw/B3-formal-v1/M5-S2-measured-07-M5_I2R2_N1024_e65536_COLD_repeated/monitor_samples.jsonl,932e27a1b9ac9f28ba7baeb9c3622b3fa98400f2cb6f21d4b9949b31c1beb30a,EXACT_BYTES; ARCHIVE_RESTORE
artifact/raw/B3-formal-v1/M5-S2-measured-07-M5_I2R2_N1024_e65536_ONLINE_packed/monitor_samples.jsonl,artifact/raw/B3-formal-v1/M5-S2-measured-07-M5_I2R2_N1024_e65536_ONLINE_packed/monitor_samples.jsonl,91c00e6b676473162e94aa27f82fce8cddd7a0bd40e5bcf7ccceb9ee9687d720,EXACT_BYTES; ARCHIVE_RESTORE
artifact/raw/B3-formal-v1/M5-S2-measured-07-M5_I2R2_N1024_e65536_ONLINE_repeated/monitor_samples.jsonl,artifact/raw/B3-formal-v1/M5-S2-measured-07-M5_I2R2_N1024_e65536_ONLINE_repeated/monitor_samples.jsonl,62efe0576dc80028f85f8f8903bdc4b349ee012e751c898afcb6ad3df1c71f1b,EXACT_BYTES; ARCHIVE_RESTORE
artifact/raw/B3-formal-v1/M5-S2-measured-07-M5_I2R2_N1024_e8192_COLD_packed/monitor_samples.jsonl,artifact/raw/B3-formal-v1/M5-S2-measured-07-M5_I2R2_N1024_e8192_COLD_packed/monitor_samples.jsonl,155c4a0f5975379688668c240a9a30bbb3bdb92ed601e3e97194f7a68f3e46e3,EXACT_BYTES; ARCHIVE_RESTORE
artifact/raw/B3-formal-v1/M5-S2-measured-07-M5_I2R2_N1024_e8192_COLD_repeated/monitor_samples.jsonl,artifact/raw/B3-formal-v1/M5-S2-measured-07-M5_I2R2_N1024_e8192_COLD_repeated/monitor_samples.jsonl,fdc6180abaaab0d415192035c12762ef74d9cbe4a16e3c57e85acc5fd9d19c73,EXACT_BYTES; ARCHIVE_RESTORE
artifact/raw/B3-formal-v1/M5-S2-measured-07-M5_I2R2_N1024_e8192_ONLINE_packed/monitor_samples.jsonl,artifact/raw/B3-formal-v1/M5-S2-measured-07-M5_I2R2_N1024_e8192_ONLINE_packed/monitor_samples.jsonl,dec79502df1dee9747957c156aca69504325ebe404298d01b9f3f11436c50197,EXACT_BYTES; ARCHIVE_RESTORE
artifact/raw/B3-formal-v1/M5-S2-measured-07-M5_I2R2_N1024_e8192_ONLINE_repeated/monitor_samples.jsonl,artifact/raw/B3-formal-v1/M5-S2-measured-07-M5_I2R2_N1024_e8192_ONLINE_repeated/monitor_samples.jsonl,f58b37aa15264fed30348890e7435b8e7917702ae7c8146af0778e5638b89375,EXACT_BYTES; ARCHIVE_RESTORE
artifact/raw/B3-formal-v1/M5-S2-measured-08-M5_I2R2_N1024_e12288_COLD_packed/monitor_samples.jsonl,artifact/raw/B3-formal-v1/M5-S2-measured-08-M5_I2R2_N1024_e12288_COLD_packed/monitor_samples.jsonl,2eea524d90e242923b1c02f85cd8acb3fb3f6b52f927204a75451bca65d58cb9,EXACT_BYTES; ARCHIVE_RESTORE
artifact/raw/B3-formal-v1/M5-S2-measured-08-M5_I2R2_N1024_e12288_COLD_repeated/monitor_samples.jsonl,artifact/raw/B3-formal-v1/M5-S2-measured-08-M5_I2R2_N1024_e12288_COLD_repeated/monitor_samples.jsonl,48d1f3aa183be3331d4d77d31d6bc35c3e4e0acdd742f018abe4a7fb1628826f,EXACT_BYTES; ARCHIVE_RESTORE
artifact/raw/B3-formal-v1/M5-S2-measured-08-M5_I2R2_N1024_e12288_ONLINE_packed/monitor_samples.jsonl,artifact/raw/B3-formal-v1/M5-S2-measured-08-M5_I2R2_N1024_e12288_ONLINE_packed/monitor_samples.jsonl,c0caeb196357bde57f7b8754d3dfe38dee0616fc8fa530f70307110c68d085ec,EXACT_BYTES; ARCHIVE_RESTORE
artifact/raw/B3-formal-v1/M5-S2-measured-08-M5_I2R2_N1024_e12288_ONLINE_repeated/monitor_samples.jsonl,artifact/raw/B3-formal-v1/M5-S2-measured-08-M5_I2R2_N1024_e12288_ONLINE_repeated/monitor_samples.jsonl,105544c96b5ff79c59cf482e8558209075deffef9de4eb499307ff81476a71e5,EXACT_BYTES; ARCHIVE_RESTORE
artifact/raw/B3-formal-v1/M5-S2-measured-08-M5_I2R2_N1024_e16384_COLD_packed/monitor_samples.jsonl,artifact/raw/B3-formal-v1/M5-S2-measured-08-M5_I2R2_N1024_e16384_COLD_packed/monitor_samples.jsonl,bf8e21cba811c87d3a0f56be293622810f61668282ba5c1c184e0495c047c065,EXACT_BYTES; ARCHIVE_RESTORE
artifact/raw/B3-formal-v1/M5-S2-measured-08-M5_I2R2_N1024_e16384_COLD_repeated/monitor_samples.jsonl,artifact/raw/B3-formal-v1/M5-S2-measured-08-M5_I2R2_N1024_e16384_COLD_repeated/monitor_samples.jsonl,e6560c8770c10d1c7ae702d941e5d8111b9d95941577dc1a2d69c160d3452f53,EXACT_BYTES; ARCHIVE_RESTORE
artifact/raw/B3-formal-v1/M5-S2-measured-08-M5_I2R2_N1024_e16384_ONLINE_packed/monitor_samples.jsonl,artifact/raw/B3-formal-v1/M5-S2-measured-08-M5_I2R2_N1024_e16384_ONLINE_packed/monitor_samples.jsonl,d2f93ed1a22cf07f7ae57a3825834081a93df70e09069e5db9a3bcc7f38e80b1,EXACT_BYTES; ARCHIVE_RESTORE
artifact/raw/B3-formal-v1/M5-S2-measured-08-M5_I2R2_N1024_e16384_ONLINE_repeated/monitor_samples.jsonl,artifact/raw/B3-formal-v1/M5-S2-measured-08-M5_I2R2_N1024_e16384_ONLINE_repeated/monitor_samples.jsonl,b40361098cc6993cac7800b6b02f2b4b27bd13e692c26b32310f9b9b8c547e12,EXACT_BYTES; ARCHIVE_RESTORE
artifact/raw/B3-formal-v1/M5-S2-measured-08-M5_I2R2_N1024_e4096_COLD_packed/monitor_samples.jsonl,artifact/raw/B3-formal-v1/M5-S2-measured-08-M5_I2R2_N1024_e4096_COLD_packed/monitor_samples.jsonl,3508873e30d309efd03ff5f17d3a661bee861bd63106fe47b02ec11f9cf91d85,EXACT_BYTES; ARCHIVE_RESTORE
artifact/raw/B3-formal-v1/M5-S2-measured-08-M5_I2R2_N1024_e4096_COLD_repeated/monitor_samples.jsonl,artifact/raw/B3-formal-v1/M5-S2-measured-08-M5_I2R2_N1024_e4096_COLD_repeated/monitor_samples.jsonl,1a1199dc2bd5a9f9e46a7baef88fc716b4e77e8f2c04287a1afd5825ab836108,EXACT_BYTES; ARCHIVE_RESTORE
artifact/raw/B3-formal-v1/M5-S2-measured-08-M5_I2R2_N1024_e4096_ONLINE_packed/monitor_samples.jsonl,artifact/raw/B3-formal-v1/M5-S2-measured-08-M5_I2R2_N1024_e4096_ONLINE_packed/monitor_samples.jsonl,a6951a65bac32a098643905c3afd49e11149dc133667112588f76066fc2a3a3f,EXACT_BYTES; ARCHIVE_RESTORE
artifact/raw/B3-formal-v1/M5-S2-measured-08-M5_I2R2_N1024_e4096_ONLINE_repeated/monitor_samples.jsonl,artifact/raw/B3-formal-v1/M5-S2-measured-08-M5_I2R2_N1024_e4096_ONLINE_repeated/monitor_samples.jsonl,49639dd35eabe6d87bb189c1f043fd17145ae24db3bcac7c7b5deda074863449,EXACT_BYTES; ARCHIVE_RESTORE
artifact/raw/B3-formal-v1/M5-S2-measured-08-M5_I2R2_N1024_e65536_COLD_packed/monitor_samples.jsonl,artifact/raw/B3-formal-v1/M5-S2-measured-08-M5_I2R2_N1024_e65536_COLD_packed/monitor_samples.jsonl,319e18eb91df148f2e193b2b768f1efa200aeaf5cb412183bc01f1b74c25161c,EXACT_BYTES; ARCHIVE_RESTORE
artifact/raw/B3-formal-v1/M5-S2-measured-08-M5_I2R2_N1024_e65536_COLD_repeated/monitor_samples.jsonl,artifact/raw/B3-formal-v1/M5-S2-measured-08-M5_I2R2_N1024_e65536_COLD_repeated/monitor_samples.jsonl,960677a376e7781e55344e8f23e88701bc619d3337a3399be71329f198a37746,EXACT_BYTES; ARCHIVE_RESTORE
artifact/raw/B3-formal-v1/M5-S2-measured-08-M5_I2R2_N1024_e65536_ONLINE_packed/monitor_samples.jsonl,artifact/raw/B3-formal-v1/M5-S2-measured-08-M5_I2R2_N1024_e65536_ONLINE_packed/monitor_samples.jsonl,c8e359dd6912d073229ae47b0feeb903ed785860547ab7b56e072d397938a450,EXACT_BYTES; ARCHIVE_RESTORE
artifact/raw/B3-formal-v1/M5-S2-measured-08-M5_I2R2_N1024_e65536_ONLINE_repeated/monitor_samples.jsonl,artifact/raw/B3-formal-v1/M5-S2-measured-08-M5_I2R2_N1024_e65536_ONLINE_repeated/monitor_samples.jsonl,7c48c5fad489f8424c5c9f20ba31bbe8f67f571801e71532f671ad3ee96585e7,EXACT_BYTES; ARCHIVE_RESTORE
artifact/raw/B3-formal-v1/M5-S2-measured-08-M5_I2R2_N1024_e8192_COLD_packed/monitor_samples.jsonl,artifact/raw/B3-formal-v1/M5-S2-measured-08-M5_I2R2_N1024_e8192_COLD_packed/monitor_samples.jsonl,a5103c0c9130212cff141e92f08d5e8dc97cb9f2783f275d4583122fa055b5e9,EXACT_BYTES; ARCHIVE_RESTORE
artifact/raw/B3-formal-v1/M5-S2-measured-08-M5_I2R2_N1024_e8192_COLD_repeated/monitor_samples.jsonl,artifact/raw/B3-formal-v1/M5-S2-measured-08-M5_I2R2_N1024_e8192_COLD_repeated/monitor_samples.jsonl,8e6b9fe8b3e228f6d51858cb6956bdcfced8ab0e42910f5e43af915f2948e5d4,EXACT_BYTES; ARCHIVE_RESTORE
artifact/raw/B3-formal-v1/M5-S2-measured-08-M5_I2R2_N1024_e8192_ONLINE_packed/monitor_samples.jsonl,artifact/raw/B3-formal-v1/M5-S2-measured-08-M5_I2R2_N1024_e8192_ONLINE_packed/monitor_samples.jsonl,6b87061f95d849c236e802fcc6fb65c751dcfe385be30570ced2167852fb03cc,EXACT_BYTES; ARCHIVE_RESTORE
artifact/raw/B3-formal-v1/M5-S2-measured-08-M5_I2R2_N1024_e8192_ONLINE_repeated/monitor_samples.jsonl,artifact/raw/B3-formal-v1/M5-S2-measured-08-M5_I2R2_N1024_e8192_ONLINE_repeated/monitor_samples.jsonl,ac922c7220965ceace64d5cd49e5fdf507b52277739095eef162bc372d97055a,EXACT_BYTES; ARCHIVE_RESTORE
artifact/raw/B3-formal-v1/M5-S2-measured-09-M5_I2R2_N1024_e12288_COLD_packed/monitor_samples.jsonl,artifact/raw/B3-formal-v1/M5-S2-measured-09-M5_I2R2_N1024_e12288_COLD_packed/monitor_samples.jsonl,93823fbf48d8f84944849d37d1fd3f50a1934a6160ec40397503a616163f167d,EXACT_BYTES; ARCHIVE_RESTORE
artifact/raw/B3-formal-v1/M5-S2-measured-09-M5_I2R2_N1024_e12288_COLD_repeated/monitor_samples.jsonl,artifact/raw/B3-formal-v1/M5-S2-measured-09-M5_I2R2_N1024_e12288_COLD_repeated/monitor_samples.jsonl,fbc32411a79142408d7f0ae6f92c33237c78e7ff06aa342d230b305f8914d530,EXACT_BYTES; ARCHIVE_RESTORE
artifact/raw/B3-formal-v1/M5-S2-measured-09-M5_I2R2_N1024_e12288_ONLINE_packed/monitor_samples.jsonl,artifact/raw/B3-formal-v1/M5-S2-measured-09-M5_I2R2_N1024_e12288_ONLINE_packed/monitor_samples.jsonl,7d66fece55b096110383c646e0f027071685a300c569bb89acbb163ce78fef01,EXACT_BYTES; ARCHIVE_RESTORE
artifact/raw/B3-formal-v1/M5-S2-measured-09-M5_I2R2_N1024_e12288_ONLINE_repeated/monitor_samples.jsonl,artifact/raw/B3-formal-v1/M5-S2-measured-09-M5_I2R2_N1024_e12288_ONLINE_repeated/monitor_samples.jsonl,08cc127cc72cff1b257c669a2a3606b4153208f691132a67bcef0da0a289add0,EXACT_BYTES; ARCHIVE_RESTORE
artifact/raw/B3-formal-v1/M5-S2-measured-09-M5_I2R2_N1024_e16384_COLD_packed/monitor_samples.jsonl,artifact/raw/B3-formal-v1/M5-S2-measured-09-M5_I2R2_N1024_e16384_COLD_packed/monitor_samples.jsonl,e7bf8113a5871671ea842f607b6a28ef3f5d7f4b4791ef852f0e6ee0dae4d68a,EXACT_BYTES; ARCHIVE_RESTORE
artifact/raw/B3-formal-v1/M5-S2-measured-09-M5_I2R2_N1024_e16384_COLD_repeated/monitor_samples.jsonl,artifact/raw/B3-formal-v1/M5-S2-measured-09-M5_I2R2_N1024_e16384_COLD_repeated/monitor_samples.jsonl,07fca7f328546fa0e8a97edcb81443a694ba2a6091054e06da570b34a82061c0,EXACT_BYTES; ARCHIVE_RESTORE
artifact/raw/B3-formal-v1/M5-S2-measured-09-M5_I2R2_N1024_e16384_ONLINE_packed/monitor_samples.jsonl,artifact/raw/B3-formal-v1/M5-S2-measured-09-M5_I2R2_N1024_e16384_ONLINE_packed/monitor_samples.jsonl,1d32f2334eaaed04cee63215fe99b18b0c87a6aa0322d0671c02940c05c0be93,EXACT_BYTES; ARCHIVE_RESTORE
artifact/raw/B3-formal-v1/M5-S2-measured-09-M5_I2R2_N1024_e16384_ONLINE_repeated/monitor_samples.jsonl,artifact/raw/B3-formal-v1/M5-S2-measured-09-M5_I2R2_N1024_e16384_ONLINE_repeated/monitor_samples.jsonl,8800f854ddac874b97cab9233e15eb1f2acfad7af8d665f9e5b05d59f80ba836,EXACT_BYTES; ARCHIVE_RESTORE
artifact/raw/B3-formal-v1/M5-S2-measured-09-M5_I2R2_N1024_e4096_COLD_packed/monitor_samples.jsonl,artifact/raw/B3-formal-v1/M5-S2-measured-09-M5_I2R2_N1024_e4096_COLD_packed/monitor_samples.jsonl,43955165a27562096674830b8095ed4e49c31c47f9c00951004a9bccf6279bf6,EXACT_BYTES; ARCHIVE_RESTORE
artifact/raw/B3-formal-v1/M5-S2-measured-09-M5_I2R2_N1024_e4096_COLD_repeated/monitor_samples.jsonl,artifact/raw/B3-formal-v1/M5-S2-measured-09-M5_I2R2_N1024_e4096_COLD_repeated/monitor_samples.jsonl,585195618b5c6593679d205c49d1da6caa82f63a8e8d213701415f41cdae96b5,EXACT_BYTES; ARCHIVE_RESTORE
artifact/raw/B3-formal-v1/M5-S2-measured-09-M5_I2R2_N1024_e4096_ONLINE_packed/monitor_samples.jsonl,artifact/raw/B3-formal-v1/M5-S2-measured-09-M5_I2R2_N1024_e4096_ONLINE_packed/monitor_samples.jsonl,693e6a48fde983695ca41d8f8565da3680d4d0091c8ba8df98e824e4c28c520d,EXACT_BYTES; ARCHIVE_RESTORE
artifact/raw/B3-formal-v1/M5-S2-measured-09-M5_I2R2_N1024_e4096_ONLINE_repeated/monitor_samples.jsonl,artifact/raw/B3-formal-v1/M5-S2-measured-09-M5_I2R2_N1024_e4096_ONLINE_repeated/monitor_samples.jsonl,da16adbcd452e8cc1a1a06a5060127e4e15413666466c7c82902ffbd3724397c,EXACT_BYTES; ARCHIVE_RESTORE
artifact/raw/B3-formal-v1/M5-S2-measured-09-M5_I2R2_N1024_e65536_COLD_packed/monitor_samples.jsonl,artifact/raw/B3-formal-v1/M5-S2-measured-09-M5_I2R2_N1024_e65536_COLD_packed/monitor_samples.jsonl,da28412b4a85ab0f4be338577637f716b538238a550e221ed42c7222fca169d1,EXACT_BYTES; ARCHIVE_RESTORE
artifact/raw/B3-formal-v1/M5-S2-measured-09-M5_I2R2_N1024_e65536_COLD_repeated/monitor_samples.jsonl,artifact/raw/B3-formal-v1/M5-S2-measured-09-M5_I2R2_N1024_e65536_COLD_repeated/monitor_samples.jsonl,54ba48e94f09db21374adb3ad0e7bf2530ca704ec98cc65452eded7cc11b1831,EXACT_BYTES; ARCHIVE_RESTORE
artifact/raw/B3-formal-v1/M5-S2-measured-09-M5_I2R2_N1024_e65536_ONLINE_packed/monitor_samples.jsonl,artifact/raw/B3-formal-v1/M5-S2-measured-09-M5_I2R2_N1024_e65536_ONLINE_packed/monitor_samples.jsonl,1d677796e19deda80a7fa3ec09e6dbfe0934dadef164ad42d50561348c91b2a0,EXACT_BYTES; ARCHIVE_RESTORE
artifact/raw/B3-formal-v1/M5-S2-measured-09-M5_I2R2_N1024_e65536_ONLINE_repeated/monitor_samples.jsonl,artifact/raw/B3-formal-v1/M5-S2-measured-09-M5_I2R2_N1024_e65536_ONLINE_repeated/monitor_samples.jsonl,a525afdabcf943eefda8bb3ca6d3eba0dcc758e46f171525747c49f211e704f4,EXACT_BYTES; ARCHIVE_RESTORE
artifact/raw/B3-formal-v1/M5-S2-measured-09-M5_I2R2_N1024_e8192_COLD_packed/monitor_samples.jsonl,artifact/raw/B3-formal-v1/M5-S2-measured-09-M5_I2R2_N1024_e8192_COLD_packed/monitor_samples.jsonl,fa5e8c5b27896ea66ca24015d13ecec2f8c02c25b7b91271041016e150230878,EXACT_BYTES; ARCHIVE_RESTORE
artifact/raw/B3-formal-v1/M5-S2-measured-09-M5_I2R2_N1024_e8192_COLD_repeated/monitor_samples.jsonl,artifact/raw/B3-formal-v1/M5-S2-measured-09-M5_I2R2_N1024_e8192_COLD_repeated/monitor_samples.jsonl,027f337fa4d95d5b470276c68194ef69aa4101e713feaadc9767dd1f02531e35,EXACT_BYTES; ARCHIVE_RESTORE
artifact/raw/B3-formal-v1/M5-S2-measured-09-M5_I2R2_N1024_e8192_ONLINE_packed/monitor_samples.jsonl,artifact/raw/B3-formal-v1/M5-S2-measured-09-M5_I2R2_N1024_e8192_ONLINE_packed/monitor_samples.jsonl,e5e423b8c287714b1e448a877d8167308171d0a4e52039e2003ff60a5e4423e5,EXACT_BYTES; ARCHIVE_RESTORE
artifact/raw/B3-formal-v1/M5-S2-measured-09-M5_I2R2_N1024_e8192_ONLINE_repeated/monitor_samples.jsonl,artifact/raw/B3-formal-v1/M5-S2-measured-09-M5_I2R2_N1024_e8192_ONLINE_repeated/monitor_samples.jsonl,089f29fd036fd29df4f49c5e57b8f0637f11cb5c1913e09fa49f527bd2f4744c,EXACT_BYTES; ARCHIVE_RESTORE
artifact/raw/B3-formal-v1/M5-S2-measured-10-M5_I2R2_N1024_e12288_COLD_packed/monitor_samples.jsonl,artifact/raw/B3-formal-v1/M5-S2-measured-10-M5_I2R2_N1024_e12288_COLD_packed/monitor_samples.jsonl,2f7404f418824af4db74b86a9c4e184a36bea96eee606db81a38a3ad27f05fab,EXACT_BYTES; ARCHIVE_RESTORE
artifact/raw/B3-formal-v1/M5-S2-measured-10-M5_I2R2_N1024_e12288_COLD_repeated/monitor_samples.jsonl,artifact/raw/B3-formal-v1/M5-S2-measured-10-M5_I2R2_N1024_e12288_COLD_repeated/monitor_samples.jsonl,c181db158851417de37770e3d77cfc7eeab560ea1cee0c09f89dbf8aede9056d,EXACT_BYTES; ARCHIVE_RESTORE
artifact/raw/B3-formal-v1/M5-S2-measured-10-M5_I2R2_N1024_e12288_ONLINE_packed/monitor_samples.jsonl,artifact/raw/B3-formal-v1/M5-S2-measured-10-M5_I2R2_N1024_e12288_ONLINE_packed/monitor_samples.jsonl,e2d943f89ff7b76e5bd1ed16a2366b100cf73e27acef8943688515e408bb13fd,EXACT_BYTES; ARCHIVE_RESTORE
artifact/raw/B3-formal-v1/M5-S2-measured-10-M5_I2R2_N1024_e12288_ONLINE_repeated/monitor_samples.jsonl,artifact/raw/B3-formal-v1/M5-S2-measured-10-M5_I2R2_N1024_e12288_ONLINE_repeated/monitor_samples.jsonl,4578279712cb44d255c2c1cf024bf71e4b81b58aa89b75f1d9e7cdd1e4b6f8a7,EXACT_BYTES; ARCHIVE_RESTORE
artifact/raw/B3-formal-v1/M5-S2-measured-10-M5_I2R2_N1024_e16384_COLD_packed/monitor_samples.jsonl,artifact/raw/B3-formal-v1/M5-S2-measured-10-M5_I2R2_N1024_e16384_COLD_packed/monitor_samples.jsonl,735dd93925afd683dad6b1422b1be3b3caec19dbbfdb59ee80dcc622d53afe75,EXACT_BYTES; ARCHIVE_RESTORE
artifact/raw/B3-formal-v1/M5-S2-measured-10-M5_I2R2_N1024_e16384_COLD_repeated/monitor_samples.jsonl,artifact/raw/B3-formal-v1/M5-S2-measured-10-M5_I2R2_N1024_e16384_COLD_repeated/monitor_samples.jsonl,844260c82d66eabcb068a64cccd273b4f52480efe425dd65a90ae10940aa1177,EXACT_BYTES; ARCHIVE_RESTORE
artifact/raw/B3-formal-v1/M5-S2-measured-10-M5_I2R2_N1024_e16384_ONLINE_packed/monitor_samples.jsonl,artifact/raw/B3-formal-v1/M5-S2-measured-10-M5_I2R2_N1024_e16384_ONLINE_packed/monitor_samples.jsonl,e27707f35c0f5627838de0e4abd87ff17687e49b88c6a4154c65e8b604582078,EXACT_BYTES; ARCHIVE_RESTORE
artifact/raw/B3-formal-v1/M5-S2-measured-10-M5_I2R2_N1024_e16384_ONLINE_repeated/monitor_samples.jsonl,artifact/raw/B3-formal-v1/M5-S2-measured-10-M5_I2R2_N1024_e16384_ONLINE_repeated/monitor_samples.jsonl,4bc1a123c6290e496548a5d690a85e41f8e99f9b441def5160b4cf248e9848d8,EXACT_BYTES; ARCHIVE_RESTORE
artifact/raw/B3-formal-v1/M5-S2-measured-10-M5_I2R2_N1024_e4096_COLD_packed/monitor_samples.jsonl,artifact/raw/B3-formal-v1/M5-S2-measured-10-M5_I2R2_N1024_e4096_COLD_packed/monitor_samples.jsonl,4a5f349e3c130c9edf6b90a532f73236addff975a24a6802041ddd40099158bb,EXACT_BYTES; ARCHIVE_RESTORE
artifact/raw/B3-formal-v1/M5-S2-measured-10-M5_I2R2_N1024_e4096_COLD_repeated/monitor_samples.jsonl,artifact/raw/B3-formal-v1/M5-S2-measured-10-M5_I2R2_N1024_e4096_COLD_repeated/monitor_samples.jsonl,6154f058e6bd325daecd7b8e9e2133aec0cd8fc676c075a187b53f28b4696b6c,EXACT_BYTES; ARCHIVE_RESTORE
artifact/raw/B3-formal-v1/M5-S2-measured-10-M5_I2R2_N1024_e4096_ONLINE_packed/monitor_samples.jsonl,artifact/raw/B3-formal-v1/M5-S2-measured-10-M5_I2R2_N1024_e4096_ONLINE_packed/monitor_samples.jsonl,2ed8e734a037e11da9dfe292c897e201d805cb2bdeecd55fc93d82b75a57c34b,EXACT_BYTES; ARCHIVE_RESTORE
artifact/raw/B3-formal-v1/M5-S2-measured-10-M5_I2R2_N1024_e4096_ONLINE_repeated/monitor_samples.jsonl,artifact/raw/B3-formal-v1/M5-S2-measured-10-M5_I2R2_N1024_e4096_ONLINE_repeated/monitor_samples.jsonl,4c74b9fdeb097c758d5fcda4149800286d1d0cb3d2e024f1a4788fe02c7dac55,EXACT_BYTES; ARCHIVE_RESTORE
artifact/raw/B3-formal-v1/M5-S2-measured-10-M5_I2R2_N1024_e65536_COLD_packed/monitor_samples.jsonl,artifact/raw/B3-formal-v1/M5-S2-measured-10-M5_I2R2_N1024_e65536_COLD_packed/monitor_samples.jsonl,ff0b0f0d9f0465cc8c663cb7a10889e5e4749ca9dda4ee7212a71002756841a4,EXACT_BYTES; ARCHIVE_RESTORE
artifact/raw/B3-formal-v1/M5-S2-measured-10-M5_I2R2_N1024_e65536_COLD_repeated/monitor_samples.jsonl,artifact/raw/B3-formal-v1/M5-S2-measured-10-M5_I2R2_N1024_e65536_COLD_repeated/monitor_samples.jsonl,c5951a384be3e05d63086f76646fe9dc8024b92385d719ed9a4403f4fdc1f49d,EXACT_BYTES; ARCHIVE_RESTORE
artifact/raw/B3-formal-v1/M5-S2-measured-10-M5_I2R2_N1024_e65536_ONLINE_packed/monitor_samples.jsonl,artifact/raw/B3-formal-v1/M5-S2-measured-10-M5_I2R2_N1024_e65536_ONLINE_packed/monitor_samples.jsonl,439e13e2216c13dc0f893b80838700a222fd240f4bba4d7ae32e3898e16b847c,EXACT_BYTES; ARCHIVE_RESTORE
artifact/raw/B3-formal-v1/M5-S2-measured-10-M5_I2R2_N1024_e65536_ONLINE_repeated/monitor_samples.jsonl,artifact/raw/B3-formal-v1/M5-S2-measured-10-M5_I2R2_N1024_e65536_ONLINE_repeated/monitor_samples.jsonl,519d82d72b30e9001d93b7825429381eb430eea1426f6567fdef02202bda5343,EXACT_BYTES; ARCHIVE_RESTORE
artifact/raw/B3-formal-v1/M5-S2-measured-10-M5_I2R2_N1024_e8192_COLD_packed/monitor_samples.jsonl,artifact/raw/B3-formal-v1/M5-S2-measured-10-M5_I2R2_N1024_e8192_COLD_packed/monitor_samples.jsonl,4c3360e8ee3353f1d369c7f43adcccc4253348dd0487abfc5210feadbd2e3a89,EXACT_BYTES; ARCHIVE_RESTORE
artifact/raw/B3-formal-v1/M5-S2-measured-10-M5_I2R2_N1024_e8192_COLD_repeated/monitor_samples.jsonl,artifact/raw/B3-formal-v1/M5-S2-measured-10-M5_I2R2_N1024_e8192_COLD_repeated/monitor_samples.jsonl,823df861c1dec66a2597c76c92a12a87cdbfa040d366f938b9d10840bcae16e7,EXACT_BYTES; ARCHIVE_RESTORE
artifact/raw/B3-formal-v1/M5-S2-measured-10-M5_I2R2_N1024_e8192_ONLINE_packed/monitor_samples.jsonl,artifact/raw/B3-formal-v1/M5-S2-measured-10-M5_I2R2_N1024_e8192_ONLINE_packed/monitor_samples.jsonl,2421fabb1b53e678877a30a69ab7756ce91ef09702efc6932e0be495c7a6abb2,EXACT_BYTES; ARCHIVE_RESTORE
artifact/raw/B3-formal-v1/M5-S2-measured-10-M5_I2R2_N1024_e8192_ONLINE_repeated/monitor_samples.jsonl,artifact/raw/B3-formal-v1/M5-S2-measured-10-M5_I2R2_N1024_e8192_ONLINE_repeated/monitor_samples.jsonl,8a1638710adaa9607092c76ffffe469ea5f78728dabdfcd37dcb7cf461bbc98f,EXACT_BYTES; ARCHIVE_RESTORE
artifact/raw/B3-formal-v1/M5-S2-warmup-01-M5_I2R2_N1024_e12288_COLD_packed/monitor_samples.jsonl,artifact/raw/B3-formal-v1/M5-S2-warmup-01-M5_I2R2_N1024_e12288_COLD_packed/monitor_samples.jsonl,d1812bdbad452c5e9d7421e85465f6adf4ca9c461bdbdf7bf03fca2de89636ac,EXACT_BYTES; ARCHIVE_RESTORE
artifact/raw/B3-formal-v1/M5-S2-warmup-01-M5_I2R2_N1024_e12288_COLD_repeated/monitor_samples.jsonl,artifact/raw/B3-formal-v1/M5-S2-warmup-01-M5_I2R2_N1024_e12288_COLD_repeated/monitor_samples.jsonl,0771c20b9e35ed254411a65365713613a0dbae2be87d886ee62ee4415e445e93,EXACT_BYTES; ARCHIVE_RESTORE
artifact/raw/B3-formal-v1/M5-S2-warmup-01-M5_I2R2_N1024_e12288_ONLINE_packed/monitor_samples.jsonl,artifact/raw/B3-formal-v1/M5-S2-warmup-01-M5_I2R2_N1024_e12288_ONLINE_packed/monitor_samples.jsonl,7ac73a7240e8fbb0e3fb344d82a20ad0b45d690e04eec8130ea3bee55e9aaca3,EXACT_BYTES; ARCHIVE_RESTORE
artifact/raw/B3-formal-v1/M5-S2-warmup-01-M5_I2R2_N1024_e12288_ONLINE_repeated/monitor_samples.jsonl,artifact/raw/B3-formal-v1/M5-S2-warmup-01-M5_I2R2_N1024_e12288_ONLINE_repeated/monitor_samples.jsonl,8f9cd83393a558cb25c82fa417c9a375ed1b1cdd81f3eb15955860e7a9893dbd,EXACT_BYTES; ARCHIVE_RESTORE
artifact/raw/B3-formal-v1/M5-S2-warmup-01-M5_I2R2_N1024_e16384_COLD_packed/monitor_samples.jsonl,artifact/raw/B3-formal-v1/M5-S2-warmup-01-M5_I2R2_N1024_e16384_COLD_packed/monitor_samples.jsonl,ac7dc9c4d25a2138c3b30af1e838dde72ce1fc39e1e53aba8ca417369c4e24d8,EXACT_BYTES; ARCHIVE_RESTORE
artifact/raw/B3-formal-v1/M5-S2-warmup-01-M5_I2R2_N1024_e16384_COLD_repeated/monitor_samples.jsonl,artifact/raw/B3-formal-v1/M5-S2-warmup-01-M5_I2R2_N1024_e16384_COLD_repeated/monitor_samples.jsonl,af8bf97ca4cbf69befc092c7f8d838ed7501052dd221b9d06ba4a8164a26f3fe,EXACT_BYTES; ARCHIVE_RESTORE
artifact/raw/B3-formal-v1/M5-S2-warmup-01-M5_I2R2_N1024_e16384_ONLINE_packed/monitor_samples.jsonl,artifact/raw/B3-formal-v1/M5-S2-warmup-01-M5_I2R2_N1024_e16384_ONLINE_packed/monitor_samples.jsonl,c92b74ed671bdd64d9daa2a9afe9374adc9bef38bcb018978f5f5db4f885a0ff,EXACT_BYTES; ARCHIVE_RESTORE
artifact/raw/B3-formal-v1/M5-S2-warmup-01-M5_I2R2_N1024_e16384_ONLINE_repeated/monitor_samples.jsonl,artifact/raw/B3-formal-v1/M5-S2-warmup-01-M5_I2R2_N1024_e16384_ONLINE_repeated/monitor_samples.jsonl,f9c1257f3882256d93533ba4ba52b62322cb6fd32cd399a555455f7cba2a8ebb,EXACT_BYTES; ARCHIVE_RESTORE
artifact/raw/B3-formal-v1/M5-S2-warmup-01-M5_I2R2_N1024_e4096_COLD_packed/monitor_samples.jsonl,artifact/raw/B3-formal-v1/M5-S2-warmup-01-M5_I2R2_N1024_e4096_COLD_packed/monitor_samples.jsonl,e9c8176572e1345487aa0b9621f135a7f6d2798eea0180a10f41a92fe963c6b6,EXACT_BYTES; ARCHIVE_RESTORE
artifact/raw/B3-formal-v1/M5-S2-warmup-01-M5_I2R2_N1024_e4096_COLD_repeated/monitor_samples.jsonl,artifact/raw/B3-formal-v1/M5-S2-warmup-01-M5_I2R2_N1024_e4096_COLD_repeated/monitor_samples.jsonl,bff0728760759e79fc4e903dfe873b8c4e9da05ea0e43e017f349ce893aa3ff3,EXACT_BYTES; ARCHIVE_RESTORE
artifact/raw/B3-formal-v1/M5-S2-warmup-01-M5_I2R2_N1024_e4096_ONLINE_packed/monitor_samples.jsonl,artifact/raw/B3-formal-v1/M5-S2-warmup-01-M5_I2R2_N1024_e4096_ONLINE_packed/monitor_samples.jsonl,8bded3efa41607a697daba1cb736726f7a2cff7cf4b8c61bbd665b1c82f89d71,EXACT_BYTES; ARCHIVE_RESTORE
artifact/raw/B3-formal-v1/M5-S2-warmup-01-M5_I2R2_N1024_e4096_ONLINE_repeated/monitor_samples.jsonl,artifact/raw/B3-formal-v1/M5-S2-warmup-01-M5_I2R2_N1024_e4096_ONLINE_repeated/monitor_samples.jsonl,4f4acc615ca57ca042845c9b54671a41f6c32303824953cd9ac9a61fadb6437c,EXACT_BYTES; ARCHIVE_RESTORE
artifact/raw/B3-formal-v1/M5-S2-warmup-01-M5_I2R2_N1024_e65536_COLD_packed/monitor_samples.jsonl,artifact/raw/B3-formal-v1/M5-S2-warmup-01-M5_I2R2_N1024_e65536_COLD_packed/monitor_samples.jsonl,88adbcc3bad5babd7fa3ace5926627d3a26eaf883a6b3604fad393719b197228,EXACT_BYTES; ARCHIVE_RESTORE
artifact/raw/B3-formal-v1/M5-S2-warmup-01-M5_I2R2_N1024_e65536_COLD_repeated/monitor_samples.jsonl,artifact/raw/B3-formal-v1/M5-S2-warmup-01-M5_I2R2_N1024_e65536_COLD_repeated/monitor_samples.jsonl,2cefd5e71a2b9d7ad3a91a68aac57d20c018481c9f47fd8f58cff676b717e1c2,EXACT_BYTES; ARCHIVE_RESTORE
artifact/raw/B3-formal-v1/M5-S2-warmup-01-M5_I2R2_N1024_e65536_ONLINE_packed/monitor_samples.jsonl,artifact/raw/B3-formal-v1/M5-S2-warmup-01-M5_I2R2_N1024_e65536_ONLINE_packed/monitor_samples.jsonl,b09d9fedd76fd2ca549d368ecf1293a4337d9169509d3cee40c4350561ae0efc,EXACT_BYTES; ARCHIVE_RESTORE
artifact/raw/B3-formal-v1/M5-S2-warmup-01-M5_I2R2_N1024_e65536_ONLINE_repeated/monitor_samples.jsonl,artifact/raw/B3-formal-v1/M5-S2-warmup-01-M5_I2R2_N1024_e65536_ONLINE_repeated/monitor_samples.jsonl,8c2ea8113755e14480ccd6c2a5c93e853d4c1493de4bbbf2e728c2290908be98,EXACT_BYTES; ARCHIVE_RESTORE
artifact/raw/B3-formal-v1/M5-S2-warmup-01-M5_I2R2_N1024_e8192_COLD_packed/monitor_samples.jsonl,artifact/raw/B3-formal-v1/M5-S2-warmup-01-M5_I2R2_N1024_e8192_COLD_packed/monitor_samples.jsonl,d6e46a35635b8b7d7ef5a59131a61002280aa3942ac0a678e5ec921d11452bd0,EXACT_BYTES; ARCHIVE_RESTORE
artifact/raw/B3-formal-v1/M5-S2-warmup-01-M5_I2R2_N1024_e8192_COLD_repeated/monitor_samples.jsonl,artifact/raw/B3-formal-v1/M5-S2-warmup-01-M5_I2R2_N1024_e8192_COLD_repeated/monitor_samples.jsonl,b8fe676b7973b2ea9021da3860daaa230339009b32e1fef7f7e66fbaadce9a4b,EXACT_BYTES; ARCHIVE_RESTORE
artifact/raw/B3-formal-v1/M5-S2-warmup-01-M5_I2R2_N1024_e8192_ONLINE_packed/monitor_samples.jsonl,artifact/raw/B3-formal-v1/M5-S2-warmup-01-M5_I2R2_N1024_e8192_ONLINE_packed/monitor_samples.jsonl,d3aee0029578a255569150fd1d295131f636356105465564bab04f2481545b90,EXACT_BYTES; ARCHIVE_RESTORE
artifact/raw/B3-formal-v1/M5-S2-warmup-01-M5_I2R2_N1024_e8192_ONLINE_repeated/monitor_samples.jsonl,artifact/raw/B3-formal-v1/M5-S2-warmup-01-M5_I2R2_N1024_e8192_ONLINE_repeated/monitor_samples.jsonl,f907fe4c8319f97269441e8b3ddaf70a185ff32836a287340ef34b70b56380c6,EXACT_BYTES; ARCHIVE_RESTORE
artifact/raw/B3-formal-v1/M5-S2-warmup-02-M5_I2R2_N1024_e12288_COLD_packed/monitor_samples.jsonl,artifact/raw/B3-formal-v1/M5-S2-warmup-02-M5_I2R2_N1024_e12288_COLD_packed/monitor_samples.jsonl,f5fbd1afba84fecb1b71b584c0f96907b80da7c89714b3100b1d2aed0c8c80c8,EXACT_BYTES; ARCHIVE_RESTORE
artifact/raw/B3-formal-v1/M5-S2-warmup-02-M5_I2R2_N1024_e12288_COLD_repeated/monitor_samples.jsonl,artifact/raw/B3-formal-v1/M5-S2-warmup-02-M5_I2R2_N1024_e12288_COLD_repeated/monitor_samples.jsonl,d4d51c0f5963a7023af24ed176e5f825a53009588b197ba28b5c0f76eddcd9c7,EXACT_BYTES; ARCHIVE_RESTORE
artifact/raw/B3-formal-v1/M5-S2-warmup-02-M5_I2R2_N1024_e12288_ONLINE_packed/monitor_samples.jsonl,artifact/raw/B3-formal-v1/M5-S2-warmup-02-M5_I2R2_N1024_e12288_ONLINE_packed/monitor_samples.jsonl,e550f679c973366972bcc3137996de7eb11731797920769181ea72d4743b1b8b,EXACT_BYTES; ARCHIVE_RESTORE
artifact/raw/B3-formal-v1/M5-S2-warmup-02-M5_I2R2_N1024_e12288_ONLINE_repeated/monitor_samples.jsonl,artifact/raw/B3-formal-v1/M5-S2-warmup-02-M5_I2R2_N1024_e12288_ONLINE_repeated/monitor_samples.jsonl,534595dac1897b5a03e2f0c3865c9be467798789649b8157f4301c3b5f4b7e61,EXACT_BYTES; ARCHIVE_RESTORE
artifact/raw/B3-formal-v1/M5-S2-warmup-02-M5_I2R2_N1024_e16384_COLD_packed/monitor_samples.jsonl,artifact/raw/B3-formal-v1/M5-S2-warmup-02-M5_I2R2_N1024_e16384_COLD_packed/monitor_samples.jsonl,d7d8ed3ab5b55946efa8f641d98a114d96af89c929752b1a46070b9b5e7d9b62,EXACT_BYTES; ARCHIVE_RESTORE
artifact/raw/B3-formal-v1/M5-S2-warmup-02-M5_I2R2_N1024_e16384_COLD_repeated/monitor_samples.jsonl,artifact/raw/B3-formal-v1/M5-S2-warmup-02-M5_I2R2_N1024_e16384_COLD_repeated/monitor_samples.jsonl,4db80f81fe6eb1f6f441ffe787a79b2423cfb17265121d61e427d6910911830f,EXACT_BYTES; ARCHIVE_RESTORE
artifact/raw/B3-formal-v1/M5-S2-warmup-02-M5_I2R2_N1024_e16384_ONLINE_packed/monitor_samples.jsonl,artifact/raw/B3-formal-v1/M5-S2-warmup-02-M5_I2R2_N1024_e16384_ONLINE_packed/monitor_samples.jsonl,98272111ba0d28533f0fff9354c7cbdd8583db10bd64c3d262b3c8c7c8197f09,EXACT_BYTES; ARCHIVE_RESTORE
artifact/raw/B3-formal-v1/M5-S2-warmup-02-M5_I2R2_N1024_e16384_ONLINE_repeated/monitor_samples.jsonl,artifact/raw/B3-formal-v1/M5-S2-warmup-02-M5_I2R2_N1024_e16384_ONLINE_repeated/monitor_samples.jsonl,7bc34e3d21861b3ddb363367866b6f106aa43fb7b105fa9ba3affebfcb235c8d,EXACT_BYTES; ARCHIVE_RESTORE
artifact/raw/B3-formal-v1/M5-S2-warmup-02-M5_I2R2_N1024_e4096_COLD_packed/monitor_samples.jsonl,artifact/raw/B3-formal-v1/M5-S2-warmup-02-M5_I2R2_N1024_e4096_COLD_packed/monitor_samples.jsonl,1897ec7a1d3420767b2419472f7e196dc263b424dab235d689e1fa0572b6a0a3,EXACT_BYTES; ARCHIVE_RESTORE
artifact/raw/B3-formal-v1/M5-S2-warmup-02-M5_I2R2_N1024_e4096_COLD_repeated/monitor_samples.jsonl,artifact/raw/B3-formal-v1/M5-S2-warmup-02-M5_I2R2_N1024_e4096_COLD_repeated/monitor_samples.jsonl,7beedc7a54e2dec27a65f5d978d75d58a529962ce113309e7d44936d4edebbe3,EXACT_BYTES; ARCHIVE_RESTORE
artifact/raw/B3-formal-v1/M5-S2-warmup-02-M5_I2R2_N1024_e4096_ONLINE_packed/monitor_samples.jsonl,artifact/raw/B3-formal-v1/M5-S2-warmup-02-M5_I2R2_N1024_e4096_ONLINE_packed/monitor_samples.jsonl,0fb231c1e865844279563934664309f8849078d2e06c47d1cda7c19880d8a6ee,EXACT_BYTES; ARCHIVE_RESTORE
artifact/raw/B3-formal-v1/M5-S2-warmup-02-M5_I2R2_N1024_e4096_ONLINE_repeated/monitor_samples.jsonl,artifact/raw/B3-formal-v1/M5-S2-warmup-02-M5_I2R2_N1024_e4096_ONLINE_repeated/monitor_samples.jsonl,942a7bc82f68ab258ee1692ce308a14701810a37c1f479f3231c67a9f9009bf0,EXACT_BYTES; ARCHIVE_RESTORE
artifact/raw/B3-formal-v1/M5-S2-warmup-02-M5_I2R2_N1024_e65536_COLD_packed/monitor_samples.jsonl,artifact/raw/B3-formal-v1/M5-S2-warmup-02-M5_I2R2_N1024_e65536_COLD_packed/monitor_samples.jsonl,b0609fbcc6285eb6a7b61f809ff2d2f8013abb0908ef195dcfb20340fb59459d,EXACT_BYTES; ARCHIVE_RESTORE
artifact/raw/B3-formal-v1/M5-S2-warmup-02-M5_I2R2_N1024_e65536_COLD_repeated/monitor_samples.jsonl,artifact/raw/B3-formal-v1/M5-S2-warmup-02-M5_I2R2_N1024_e65536_COLD_repeated/monitor_samples.jsonl,eb794ef3ea9c12bb52d96e116f247027995c1da8eb74276cddbf338f78158285,EXACT_BYTES; ARCHIVE_RESTORE
artifact/raw/B3-formal-v1/M5-S2-warmup-02-M5_I2R2_N1024_e65536_ONLINE_packed/monitor_samples.jsonl,artifact/raw/B3-formal-v1/M5-S2-warmup-02-M5_I2R2_N1024_e65536_ONLINE_packed/monitor_samples.jsonl,f422e1a16da8166c030bb04a59f043fd78bc0ea20df5586c95c24684920a315e,EXACT_BYTES; ARCHIVE_RESTORE
artifact/raw/B3-formal-v1/M5-S2-warmup-02-M5_I2R2_N1024_e65536_ONLINE_repeated/monitor_samples.jsonl,artifact/raw/B3-formal-v1/M5-S2-warmup-02-M5_I2R2_N1024_e65536_ONLINE_repeated/monitor_samples.jsonl,b760881806e770062f30fa5c6379a62aea926f4538e97eb902e62596f3f6c712,EXACT_BYTES; ARCHIVE_RESTORE
artifact/raw/B3-formal-v1/M5-S2-warmup-02-M5_I2R2_N1024_e8192_COLD_packed/monitor_samples.jsonl,artifact/raw/B3-formal-v1/M5-S2-warmup-02-M5_I2R2_N1024_e8192_COLD_packed/monitor_samples.jsonl,c0e8d2c8e3424f262b8b122e1e601c7b38adf789081b0f5559e0e97f383b8203,EXACT_BYTES; ARCHIVE_RESTORE
artifact/raw/B3-formal-v1/M5-S2-warmup-02-M5_I2R2_N1024_e8192_COLD_repeated/monitor_samples.jsonl,artifact/raw/B3-formal-v1/M5-S2-warmup-02-M5_I2R2_N1024_e8192_COLD_repeated/monitor_samples.jsonl,6217bf5e61c66ee4a01e99340482461933ec5d95e400529f9b4b85b4d7aeadc5,EXACT_BYTES; ARCHIVE_RESTORE
artifact/raw/B3-formal-v1/M5-S2-warmup-02-M5_I2R2_N1024_e8192_ONLINE_packed/monitor_samples.jsonl,artifact/raw/B3-formal-v1/M5-S2-warmup-02-M5_I2R2_N1024_e8192_ONLINE_packed/monitor_samples.jsonl,1554e9797c7fc5e4089aef2da7136ffa06add8c5edba24978de293115fd923b0,EXACT_BYTES; ARCHIVE_RESTORE
artifact/raw/B3-formal-v1/M5-S2-warmup-02-M5_I2R2_N1024_e8192_ONLINE_repeated/monitor_samples.jsonl,artifact/raw/B3-formal-v1/M5-S2-warmup-02-M5_I2R2_N1024_e8192_ONLINE_repeated/monitor_samples.jsonl,3438dc127dc949af9dfed56faf0b595adfecb9fe4836af2aa7d883aeba77ec1a,EXACT_BYTES; ARCHIVE_RESTORE
artifact/raw/B3-formal-v1/M5-S2-warmup-03-M5_I2R2_N1024_e12288_COLD_packed/monitor_samples.jsonl,artifact/raw/B3-formal-v1/M5-S2-warmup-03-M5_I2R2_N1024_e12288_COLD_packed/monitor_samples.jsonl,74d7ac12bc2cc189be023f45bac0ff59664c7a4c9176f669eba635bbf3dc2bde,EXACT_BYTES; ARCHIVE_RESTORE
artifact/raw/B3-formal-v1/M5-S2-warmup-03-M5_I2R2_N1024_e12288_COLD_repeated/monitor_samples.jsonl,artifact/raw/B3-formal-v1/M5-S2-warmup-03-M5_I2R2_N1024_e12288_COLD_repeated/monitor_samples.jsonl,3e169b7414dacb8d87252353f13436318a22092224936d42f0dcaf6eb9a69852,EXACT_BYTES; ARCHIVE_RESTORE
artifact/raw/B3-formal-v1/M5-S2-warmup-03-M5_I2R2_N1024_e12288_ONLINE_packed/monitor_samples.jsonl,artifact/raw/B3-formal-v1/M5-S2-warmup-03-M5_I2R2_N1024_e12288_ONLINE_packed/monitor_samples.jsonl,b3efc17f42377fc5b89d7ddc49e323d640a62a37b26a85d2e5e30cc9c228d998,EXACT_BYTES; ARCHIVE_RESTORE
artifact/raw/B3-formal-v1/M5-S2-warmup-03-M5_I2R2_N1024_e12288_ONLINE_repeated/monitor_samples.jsonl,artifact/raw/B3-formal-v1/M5-S2-warmup-03-M5_I2R2_N1024_e12288_ONLINE_repeated/monitor_samples.jsonl,c6054488119b7ca67edf6fd48d801ad869a57462f3860da335a55dcf3e25138f,EXACT_BYTES; ARCHIVE_RESTORE
artifact/raw/B3-formal-v1/M5-S2-warmup-03-M5_I2R2_N1024_e16384_COLD_packed/monitor_samples.jsonl,artifact/raw/B3-formal-v1/M5-S2-warmup-03-M5_I2R2_N1024_e16384_COLD_packed/monitor_samples.jsonl,f3ac836183ab3ab2cf6c97c636f6d6b3457a84655aeecc7ce98b95dae3fd4933,EXACT_BYTES; ARCHIVE_RESTORE
artifact/raw/B3-formal-v1/M5-S2-warmup-03-M5_I2R2_N1024_e16384_COLD_repeated/monitor_samples.jsonl,artifact/raw/B3-formal-v1/M5-S2-warmup-03-M5_I2R2_N1024_e16384_COLD_repeated/monitor_samples.jsonl,f594fa913c7df6654bb92bb5ed6fad36a6be5caebb1a29eec9859d3c28dea4a8,EXACT_BYTES; ARCHIVE_RESTORE
artifact/raw/B3-formal-v1/M5-S2-warmup-03-M5_I2R2_N1024_e16384_ONLINE_packed/monitor_samples.jsonl,artifact/raw/B3-formal-v1/M5-S2-warmup-03-M5_I2R2_N1024_e16384_ONLINE_packed/monitor_samples.jsonl,c88923b23d7034e670baa956723c96958792974028f86e559f8c8b08aebe0772,EXACT_BYTES; ARCHIVE_RESTORE
artifact/raw/B3-formal-v1/M5-S2-warmup-03-M5_I2R2_N1024_e16384_ONLINE_repeated/monitor_samples.jsonl,artifact/raw/B3-formal-v1/M5-S2-warmup-03-M5_I2R2_N1024_e16384_ONLINE_repeated/monitor_samples.jsonl,6a980fc09a8653ef2dbe92a62a0375269f576c5f373303c7a68bbe705cf1631f,EXACT_BYTES; ARCHIVE_RESTORE
artifact/raw/B3-formal-v1/M5-S2-warmup-03-M5_I2R2_N1024_e4096_COLD_packed/monitor_samples.jsonl,artifact/raw/B3-formal-v1/M5-S2-warmup-03-M5_I2R2_N1024_e4096_COLD_packed/monitor_samples.jsonl,359eec3e07c40a3b90ed7493b71dff4327b3448a977e3b7af207af0fa9f82071,EXACT_BYTES; ARCHIVE_RESTORE
artifact/raw/B3-formal-v1/M5-S2-warmup-03-M5_I2R2_N1024_e4096_COLD_repeated/monitor_samples.jsonl,artifact/raw/B3-formal-v1/M5-S2-warmup-03-M5_I2R2_N1024_e4096_COLD_repeated/monitor_samples.jsonl,48894855ca7772a36191a80050fb914afa5abd387466fce1414b4583ab9c2144,EXACT_BYTES; ARCHIVE_RESTORE
artifact/raw/B3-formal-v1/M5-S2-warmup-03-M5_I2R2_N1024_e4096_ONLINE_packed/monitor_samples.jsonl,artifact/raw/B3-formal-v1/M5-S2-warmup-03-M5_I2R2_N1024_e4096_ONLINE_packed/monitor_samples.jsonl,54e9c10632df1c7149432171625b74103dd55a8466e9f18d79614ecdeb574c65,EXACT_BYTES; ARCHIVE_RESTORE
artifact/raw/B3-formal-v1/M5-S2-warmup-03-M5_I2R2_N1024_e4096_ONLINE_repeated/monitor_samples.jsonl,artifact/raw/B3-formal-v1/M5-S2-warmup-03-M5_I2R2_N1024_e4096_ONLINE_repeated/monitor_samples.jsonl,95dcaf20d29f5f4e9cd6e04e6aaa62a1a5ba1687187ccdbd6531d9e51f126cfd,EXACT_BYTES; ARCHIVE_RESTORE
artifact/raw/B3-formal-v1/M5-S2-warmup-03-M5_I2R2_N1024_e65536_COLD_packed/monitor_samples.jsonl,artifact/raw/B3-formal-v1/M5-S2-warmup-03-M5_I2R2_N1024_e65536_COLD_packed/monitor_samples.jsonl,a1a0c427c3c816b40a0f9ced9e62f6c20c3dac53139cf81110100f531c9d2fd3,EXACT_BYTES; ARCHIVE_RESTORE
artifact/raw/B3-formal-v1/M5-S2-warmup-03-M5_I2R2_N1024_e65536_COLD_repeated/monitor_samples.jsonl,artifact/raw/B3-formal-v1/M5-S2-warmup-03-M5_I2R2_N1024_e65536_COLD_repeated/monitor_samples.jsonl,605a3f962302407a97d3b8416e2e5948b47f9b3b2b24179c9c3d7bf8e097f218,EXACT_BYTES; ARCHIVE_RESTORE
artifact/raw/B3-formal-v1/M5-S2-warmup-03-M5_I2R2_N1024_e65536_ONLINE_packed/monitor_samples.jsonl,artifact/raw/B3-formal-v1/M5-S2-warmup-03-M5_I2R2_N1024_e65536_ONLINE_packed/monitor_samples.jsonl,ded527a1a2ad531b3bb5b1c75e7be27a704bda27f7b3207bbae94aea1556f107,EXACT_BYTES; ARCHIVE_RESTORE
artifact/raw/B3-formal-v1/M5-S2-warmup-03-M5_I2R2_N1024_e65536_ONLINE_repeated/monitor_samples.jsonl,artifact/raw/B3-formal-v1/M5-S2-warmup-03-M5_I2R2_N1024_e65536_ONLINE_repeated/monitor_samples.jsonl,20d9ed89a232720f9a38256eda1f942666e75dba9e922954fddefe3b9ade09e2,EXACT_BYTES; ARCHIVE_RESTORE
artifact/raw/B3-formal-v1/M5-S2-warmup-03-M5_I2R2_N1024_e8192_COLD_packed/monitor_samples.jsonl,artifact/raw/B3-formal-v1/M5-S2-warmup-03-M5_I2R2_N1024_e8192_COLD_packed/monitor_samples.jsonl,d2e253f35d39c24e1f03dd98808184c84ee83caeb0a061f935ef774bdd28bd6b,EXACT_BYTES; ARCHIVE_RESTORE
artifact/raw/B3-formal-v1/M5-S2-warmup-03-M5_I2R2_N1024_e8192_COLD_repeated/monitor_samples.jsonl,artifact/raw/B3-formal-v1/M5-S2-warmup-03-M5_I2R2_N1024_e8192_COLD_repeated/monitor_samples.jsonl,4f3679cc4966333bcd7374d9cee74482172030e81d903a98efd024551b7020ef,EXACT_BYTES; ARCHIVE_RESTORE
artifact/raw/B3-formal-v1/M5-S2-warmup-03-M5_I2R2_N1024_e8192_ONLINE_packed/monitor_samples.jsonl,artifact/raw/B3-formal-v1/M5-S2-warmup-03-M5_I2R2_N1024_e8192_ONLINE_packed/monitor_samples.jsonl,f243e82e76699c9406a0e85d76788a894664fcb9db76f2ef2a3f30ce0a36ed3d,EXACT_BYTES; ARCHIVE_RESTORE
artifact/raw/B3-formal-v1/M5-S2-warmup-03-M5_I2R2_N1024_e8192_ONLINE_repeated/monitor_samples.jsonl,artifact/raw/B3-formal-v1/M5-S2-warmup-03-M5_I2R2_N1024_e8192_ONLINE_repeated/monitor_samples.jsonl,13f382457a2c9b1ac1a046a23997768cb4c5617f5e9d7855c38fba3e1e2fe93a,EXACT_BYTES; ARCHIVE_RESTORE
artifact/raw/B3-formal-v1/M5-S3-measured-01-M5_I2R2_N1024_e12288_COLD_packed/monitor_samples.jsonl,artifact/raw/B3-formal-v1/M5-S3-measured-01-M5_I2R2_N1024_e12288_COLD_packed/monitor_samples.jsonl,3cd35eb935f70f195ab4e08c52e97a53d7679117fc4ce5e62168ca8f3b04768b,EXACT_BYTES; ARCHIVE_RESTORE
artifact/raw/B3-formal-v1/M5-S3-measured-01-M5_I2R2_N1024_e12288_COLD_repeated/monitor_samples.jsonl,artifact/raw/B3-formal-v1/M5-S3-measured-01-M5_I2R2_N1024_e12288_COLD_repeated/monitor_samples.jsonl,58321fbe1ddae7bec0c6ba0886d0ea30b8ecb8b1970d5da2cfd6b6d5a7128d77,EXACT_BYTES; ARCHIVE_RESTORE
artifact/raw/B3-formal-v1/M5-S3-measured-01-M5_I2R2_N1024_e12288_ONLINE_packed/monitor_samples.jsonl,artifact/raw/B3-formal-v1/M5-S3-measured-01-M5_I2R2_N1024_e12288_ONLINE_packed/monitor_samples.jsonl,aee7ba36f3e74251deac83329ab58385bd96d9151e133a12c2a31eb7fdac83e3,EXACT_BYTES; ARCHIVE_RESTORE
artifact/raw/B3-formal-v1/M5-S3-measured-01-M5_I2R2_N1024_e12288_ONLINE_repeated/monitor_samples.jsonl,artifact/raw/B3-formal-v1/M5-S3-measured-01-M5_I2R2_N1024_e12288_ONLINE_repeated/monitor_samples.jsonl,68459cba5d6df3bc390e4a349fbe9d720bbbcab341e51f54da3eedbebd148551,EXACT_BYTES; ARCHIVE_RESTORE
artifact/raw/B3-formal-v1/M5-S3-measured-01-M5_I2R2_N1024_e16384_COLD_packed/monitor_samples.jsonl,artifact/raw/B3-formal-v1/M5-S3-measured-01-M5_I2R2_N1024_e16384_COLD_packed/monitor_samples.jsonl,dbbfd62649429d10c994a855ad2ef002e5c5ed2134fa78575b6612a81dc570c7,EXACT_BYTES; ARCHIVE_RESTORE
artifact/raw/B3-formal-v1/M5-S3-measured-01-M5_I2R2_N1024_e16384_COLD_repeated/monitor_samples.jsonl,artifact/raw/B3-formal-v1/M5-S3-measured-01-M5_I2R2_N1024_e16384_COLD_repeated/monitor_samples.jsonl,a0f63add19a956ccfc0f06bdd01703e8714ceba36fb185dc73330fd9d0d85225,EXACT_BYTES; ARCHIVE_RESTORE
artifact/raw/B3-formal-v1/M5-S3-measured-01-M5_I2R2_N1024_e16384_ONLINE_packed/monitor_samples.jsonl,artifact/raw/B3-formal-v1/M5-S3-measured-01-M5_I2R2_N1024_e16384_ONLINE_packed/monitor_samples.jsonl,200014531ae7c94286a6863303b647266cb5d957da6789c3973bc93dbaa15d26,EXACT_BYTES; ARCHIVE_RESTORE
artifact/raw/B3-formal-v1/M5-S3-measured-01-M5_I2R2_N1024_e16384_ONLINE_repeated/monitor_samples.jsonl,artifact/raw/B3-formal-v1/M5-S3-measured-01-M5_I2R2_N1024_e16384_ONLINE_repeated/monitor_samples.jsonl,f26d2c13c983b4712cb145bd972f4b94f34e0dde8c2723b94394f552128b639b,EXACT_BYTES; ARCHIVE_RESTORE
artifact/raw/B3-formal-v1/M5-S3-measured-01-M5_I2R2_N1024_e4096_COLD_packed/monitor_samples.jsonl,artifact/raw/B3-formal-v1/M5-S3-measured-01-M5_I2R2_N1024_e4096_COLD_packed/monitor_samples.jsonl,23879266f9e5b9e424e1fbc9d914d7b1e016b2aff068d3e31997cbecf588fc82,EXACT_BYTES; ARCHIVE_RESTORE
artifact/raw/B3-formal-v1/M5-S3-measured-01-M5_I2R2_N1024_e4096_COLD_repeated/monitor_samples.jsonl,artifact/raw/B3-formal-v1/M5-S3-measured-01-M5_I2R2_N1024_e4096_COLD_repeated/monitor_samples.jsonl,095508f4204dacd3fbf2ebd3f85e319c43a008ba205be645011a8d5670bdb535,EXACT_BYTES; ARCHIVE_RESTORE
artifact/raw/B3-formal-v1/M5-S3-measured-01-M5_I2R2_N1024_e4096_ONLINE_packed/monitor_samples.jsonl,artifact/raw/B3-formal-v1/M5-S3-measured-01-M5_I2R2_N1024_e4096_ONLINE_packed/monitor_samples.jsonl,94193a3dd606ed7825b0d5cae5c623a49ccad51fbbcecd3395041a4d191c7008,EXACT_BYTES; ARCHIVE_RESTORE
artifact/raw/B3-formal-v1/M5-S3-measured-01-M5_I2R2_N1024_e4096_ONLINE_repeated/monitor_samples.jsonl,artifact/raw/B3-formal-v1/M5-S3-measured-01-M5_I2R2_N1024_e4096_ONLINE_repeated/monitor_samples.jsonl,0f9c2f7560107ece86e3aeb5099a108b16c9b2a1895500217828c6d51f9ca554,EXACT_BYTES; ARCHIVE_RESTORE
artifact/raw/B3-formal-v1/M5-S3-measured-01-M5_I2R2_N1024_e65536_COLD_packed/monitor_samples.jsonl,artifact/raw/B3-formal-v1/M5-S3-measured-01-M5_I2R2_N1024_e65536_COLD_packed/monitor_samples.jsonl,893423af3a1bc2890ce85b3e9bdb2cf6ae4d925df9feb03c1ccc419337ce6176,EXACT_BYTES; ARCHIVE_RESTORE
artifact/raw/B3-formal-v1/M5-S3-measured-01-M5_I2R2_N1024_e65536_COLD_repeated/monitor_samples.jsonl,artifact/raw/B3-formal-v1/M5-S3-measured-01-M5_I2R2_N1024_e65536_COLD_repeated/monitor_samples.jsonl,c58856c8ef98f1209a7c741e49bfaa5dfba103918d28688186143f3d3097e057,EXACT_BYTES; ARCHIVE_RESTORE
artifact/raw/B3-formal-v1/M5-S3-measured-01-M5_I2R2_N1024_e65536_ONLINE_packed/monitor_samples.jsonl,artifact/raw/B3-formal-v1/M5-S3-measured-01-M5_I2R2_N1024_e65536_ONLINE_packed/monitor_samples.jsonl,f9af85376062422847ff096c769eef0bb0a5ef07cf7d5be1bef9038146205e1d,EXACT_BYTES; ARCHIVE_RESTORE
artifact/raw/B3-formal-v1/M5-S3-measured-01-M5_I2R2_N1024_e65536_ONLINE_repeated/monitor_samples.jsonl,artifact/raw/B3-formal-v1/M5-S3-measured-01-M5_I2R2_N1024_e65536_ONLINE_repeated/monitor_samples.jsonl,442c42c41053eae870b5b9b35f9b4a4509dd4b69ea950088113280d25b67fa7f,EXACT_BYTES; ARCHIVE_RESTORE
artifact/raw/B3-formal-v1/M5-S3-measured-01-M5_I2R2_N1024_e8192_COLD_packed/monitor_samples.jsonl,artifact/raw/B3-formal-v1/M5-S3-measured-01-M5_I2R2_N1024_e8192_COLD_packed/monitor_samples.jsonl,ca2309b8cc78a2be8953a5c7b35a6adb43aa8d34e5cb99a6d2319120622f1d6b,EXACT_BYTES; ARCHIVE_RESTORE
artifact/raw/B3-formal-v1/M5-S3-measured-01-M5_I2R2_N1024_e8192_COLD_repeated/monitor_samples.jsonl,artifact/raw/B3-formal-v1/M5-S3-measured-01-M5_I2R2_N1024_e8192_COLD_repeated/monitor_samples.jsonl,a64b97fbc513b075f7bedb955bb4cae53c7bce54f0b63914c992d63dd50b18a7,EXACT_BYTES; ARCHIVE_RESTORE
artifact/raw/B3-formal-v1/M5-S3-measured-01-M5_I2R2_N1024_e8192_ONLINE_packed/monitor_samples.jsonl,artifact/raw/B3-formal-v1/M5-S3-measured-01-M5_I2R2_N1024_e8192_ONLINE_packed/monitor_samples.jsonl,1e441aa68023f1a2e1c561d2029a5bec5fa58765e2aa5491c71da94a8fd311dd,EXACT_BYTES; ARCHIVE_RESTORE
artifact/raw/B3-formal-v1/M5-S3-measured-01-M5_I2R2_N1024_e8192_ONLINE_repeated/monitor_samples.jsonl,artifact/raw/B3-formal-v1/M5-S3-measured-01-M5_I2R2_N1024_e8192_ONLINE_repeated/monitor_samples.jsonl,cd7ef4116ba138b88e63faf7603e2b5720ebe48ea31f7c862736b138cad0c9f6,EXACT_BYTES; ARCHIVE_RESTORE
artifact/raw/B3-formal-v1/M5-S3-measured-02-M5_I2R2_N1024_e12288_COLD_packed/monitor_samples.jsonl,artifact/raw/B3-formal-v1/M5-S3-measured-02-M5_I2R2_N1024_e12288_COLD_packed/monitor_samples.jsonl,8a3e5e991c9f83d69e106a0282dfa1c96a6d894b7d127b2df1b881fc4c8b34df,EXACT_BYTES; ARCHIVE_RESTORE
artifact/raw/B3-formal-v1/M5-S3-measured-02-M5_I2R2_N1024_e12288_COLD_repeated/monitor_samples.jsonl,artifact/raw/B3-formal-v1/M5-S3-measured-02-M5_I2R2_N1024_e12288_COLD_repeated/monitor_samples.jsonl,856467699fca28165ff3ae7046f353e461bb9d3c64e737e5eb5065d59b334686,EXACT_BYTES; ARCHIVE_RESTORE
artifact/raw/B3-formal-v1/M5-S3-measured-02-M5_I2R2_N1024_e12288_ONLINE_packed/monitor_samples.jsonl,artifact/raw/B3-formal-v1/M5-S3-measured-02-M5_I2R2_N1024_e12288_ONLINE_packed/monitor_samples.jsonl,357f7589889176478bfd26b6f5fc02b4cc24cf74059a0a3ee5657818b8fc08d9,EXACT_BYTES; ARCHIVE_RESTORE
artifact/raw/B3-formal-v1/M5-S3-measured-02-M5_I2R2_N1024_e12288_ONLINE_repeated/monitor_samples.jsonl,artifact/raw/B3-formal-v1/M5-S3-measured-02-M5_I2R2_N1024_e12288_ONLINE_repeated/monitor_samples.jsonl,f5adf4695d55c6c95906db234794cb0254feef1101bbdfb1c5d59bd80fbd491f,EXACT_BYTES; ARCHIVE_RESTORE
artifact/raw/B3-formal-v1/M5-S3-measured-02-M5_I2R2_N1024_e16384_COLD_packed/monitor_samples.jsonl,artifact/raw/B3-formal-v1/M5-S3-measured-02-M5_I2R2_N1024_e16384_COLD_packed/monitor_samples.jsonl,1d1d4b668273eeba9f74b10cd5368521063c6473aac498c7c5e25b3f1a07bdb4,EXACT_BYTES; ARCHIVE_RESTORE
artifact/raw/B3-formal-v1/M5-S3-measured-02-M5_I2R2_N1024_e16384_COLD_repeated/monitor_samples.jsonl,artifact/raw/B3-formal-v1/M5-S3-measured-02-M5_I2R2_N1024_e16384_COLD_repeated/monitor_samples.jsonl,c55d44905fca045189a9371bb892a2c93e40d4c86a7072cbd43ecd21a4832472,EXACT_BYTES; ARCHIVE_RESTORE
artifact/raw/B3-formal-v1/M5-S3-measured-02-M5_I2R2_N1024_e16384_ONLINE_packed/monitor_samples.jsonl,artifact/raw/B3-formal-v1/M5-S3-measured-02-M5_I2R2_N1024_e16384_ONLINE_packed/monitor_samples.jsonl,ee58054f1ee870540f652540aa02380be94e418fe47e9ef5fb2c6b892f18a71b,EXACT_BYTES; ARCHIVE_RESTORE
artifact/raw/B3-formal-v1/M5-S3-measured-02-M5_I2R2_N1024_e16384_ONLINE_repeated/monitor_samples.jsonl,artifact/raw/B3-formal-v1/M5-S3-measured-02-M5_I2R2_N1024_e16384_ONLINE_repeated/monitor_samples.jsonl,2c28ab9369b4d2555044944c1502b81ac313554b10b2802723dc37847e9fa560,EXACT_BYTES; ARCHIVE_RESTORE
artifact/raw/B3-formal-v1/M5-S3-measured-02-M5_I2R2_N1024_e4096_COLD_packed/monitor_samples.jsonl,artifact/raw/B3-formal-v1/M5-S3-measured-02-M5_I2R2_N1024_e4096_COLD_packed/monitor_samples.jsonl,66993bbad980bcb865bb133c86c0f2cf242c7284da5bd8e2d1eeea984d361186,EXACT_BYTES; ARCHIVE_RESTORE
artifact/raw/B3-formal-v1/M5-S3-measured-02-M5_I2R2_N1024_e4096_COLD_repeated/monitor_samples.jsonl,artifact/raw/B3-formal-v1/M5-S3-measured-02-M5_I2R2_N1024_e4096_COLD_repeated/monitor_samples.jsonl,c4d5dcaa38319255f49fb3c60f3a9d4fbdb8eba24ad8b9b1742dd4f340595a4c,EXACT_BYTES; ARCHIVE_RESTORE
artifact/raw/B3-formal-v1/M5-S3-measured-02-M5_I2R2_N1024_e4096_ONLINE_packed/monitor_samples.jsonl,artifact/raw/B3-formal-v1/M5-S3-measured-02-M5_I2R2_N1024_e4096_ONLINE_packed/monitor_samples.jsonl,01001b540b29319299e0cd433dbf12cd19ff95335375033f2f4e62770f8e05c9,EXACT_BYTES; ARCHIVE_RESTORE
artifact/raw/B3-formal-v1/M5-S3-measured-02-M5_I2R2_N1024_e4096_ONLINE_repeated/monitor_samples.jsonl,artifact/raw/B3-formal-v1/M5-S3-measured-02-M5_I2R2_N1024_e4096_ONLINE_repeated/monitor_samples.jsonl,2bf64cbf3c1a21cac804d59cdd9252f8919f7803a47173712d5dc0135cb4ab63,EXACT_BYTES; ARCHIVE_RESTORE
artifact/raw/B3-formal-v1/M5-S3-measured-02-M5_I2R2_N1024_e65536_COLD_packed/monitor_samples.jsonl,artifact/raw/B3-formal-v1/M5-S3-measured-02-M5_I2R2_N1024_e65536_COLD_packed/monitor_samples.jsonl,426dc6cce2a587eac204257bd7e20d5a62e24d993075db1652ef85b5b1bb8cb9,EXACT_BYTES; ARCHIVE_RESTORE
artifact/raw/B3-formal-v1/M5-S3-measured-02-M5_I2R2_N1024_e65536_COLD_repeated/monitor_samples.jsonl,artifact/raw/B3-formal-v1/M5-S3-measured-02-M5_I2R2_N1024_e65536_COLD_repeated/monitor_samples.jsonl,d7fbdeddf68f5ce0f97ecd9e0ee70d66c78462b2d3e2b6fdaaf4a54f7126a81f,EXACT_BYTES; ARCHIVE_RESTORE
artifact/raw/B3-formal-v1/M5-S3-measured-02-M5_I2R2_N1024_e65536_ONLINE_packed/monitor_samples.jsonl,artifact/raw/B3-formal-v1/M5-S3-measured-02-M5_I2R2_N1024_e65536_ONLINE_packed/monitor_samples.jsonl,addfee5ee84c2ea9b1d396c9728b46c8c1c922b09df45dcf48c4b1c1f47b3c14,EXACT_BYTES; ARCHIVE_RESTORE
artifact/raw/B3-formal-v1/M5-S3-measured-02-M5_I2R2_N1024_e65536_ONLINE_repeated/monitor_samples.jsonl,artifact/raw/B3-formal-v1/M5-S3-measured-02-M5_I2R2_N1024_e65536_ONLINE_repeated/monitor_samples.jsonl,183bacacedcf7acc00000ba76eb99b1704a63a19a6c6f018de9465e219f7e065,EXACT_BYTES; ARCHIVE_RESTORE
artifact/raw/B3-formal-v1/M5-S3-measured-02-M5_I2R2_N1024_e8192_COLD_packed/monitor_samples.jsonl,artifact/raw/B3-formal-v1/M5-S3-measured-02-M5_I2R2_N1024_e8192_COLD_packed/monitor_samples.jsonl,d03cd63b6c7237dc1aceba610fe37d043fbc24cd8186ec9e419da9c178e8c3da,EXACT_BYTES; ARCHIVE_RESTORE
artifact/raw/B3-formal-v1/M5-S3-measured-02-M5_I2R2_N1024_e8192_COLD_repeated/monitor_samples.jsonl,artifact/raw/B3-formal-v1/M5-S3-measured-02-M5_I2R2_N1024_e8192_COLD_repeated/monitor_samples.jsonl,b94369e422c9f1142982a252de9b4027fa5b70572fe64877339a477d93e082fe,EXACT_BYTES; ARCHIVE_RESTORE
artifact/raw/B3-formal-v1/M5-S3-measured-02-M5_I2R2_N1024_e8192_ONLINE_packed/monitor_samples.jsonl,artifact/raw/B3-formal-v1/M5-S3-measured-02-M5_I2R2_N1024_e8192_ONLINE_packed/monitor_samples.jsonl,ba6a8eadedc5ab89b697ac43fd7ca634d1f1dbb32cdad18c2dcf10bcd92a5d28,EXACT_BYTES; ARCHIVE_RESTORE
artifact/raw/B3-formal-v1/M5-S3-measured-02-M5_I2R2_N1024_e8192_ONLINE_repeated/monitor_samples.jsonl,artifact/raw/B3-formal-v1/M5-S3-measured-02-M5_I2R2_N1024_e8192_ONLINE_repeated/monitor_samples.jsonl,5c9112b753008e712e5bc4e95448263fa4139302907be6f705ed03bcef7c9a25,EXACT_BYTES; ARCHIVE_RESTORE
artifact/raw/B3-formal-v1/M5-S3-measured-03-M5_I2R2_N1024_e12288_COLD_packed/monitor_samples.jsonl,artifact/raw/B3-formal-v1/M5-S3-measured-03-M5_I2R2_N1024_e12288_COLD_packed/monitor_samples.jsonl,f974bf6a0a408adf15e5a3d1d234f2ec66c4732d567ed722023e1cd9d785ec4c,EXACT_BYTES; ARCHIVE_RESTORE
artifact/raw/B3-formal-v1/M5-S3-measured-03-M5_I2R2_N1024_e12288_COLD_repeated/monitor_samples.jsonl,artifact/raw/B3-formal-v1/M5-S3-measured-03-M5_I2R2_N1024_e12288_COLD_repeated/monitor_samples.jsonl,63b25fa8e31cf7aa54dd7613c4c3e6654a102d548866c4ea8dbff7ab868713a4,EXACT_BYTES; ARCHIVE_RESTORE
artifact/raw/B3-formal-v1/M5-S3-measured-03-M5_I2R2_N1024_e12288_ONLINE_packed/monitor_samples.jsonl,artifact/raw/B3-formal-v1/M5-S3-measured-03-M5_I2R2_N1024_e12288_ONLINE_packed/monitor_samples.jsonl,37ae3d2c55b94411453aa786c59d5de62d755e4134813aa3466e6d3d0dceccca,EXACT_BYTES; ARCHIVE_RESTORE
artifact/raw/B3-formal-v1/M5-S3-measured-03-M5_I2R2_N1024_e12288_ONLINE_repeated/monitor_samples.jsonl,artifact/raw/B3-formal-v1/M5-S3-measured-03-M5_I2R2_N1024_e12288_ONLINE_repeated/monitor_samples.jsonl,3fbfb08b7a7cf6fa26acd5fa40dcb804ea2fa0c4c376f0390e29db788924690a,EXACT_BYTES; ARCHIVE_RESTORE
artifact/raw/B3-formal-v1/M5-S3-measured-03-M5_I2R2_N1024_e16384_COLD_packed/monitor_samples.jsonl,artifact/raw/B3-formal-v1/M5-S3-measured-03-M5_I2R2_N1024_e16384_COLD_packed/monitor_samples.jsonl,9e179ad989da9d756bce3b79803e9fd8b6f33fd1236d2528700c884684b009db,EXACT_BYTES; ARCHIVE_RESTORE
artifact/raw/B3-formal-v1/M5-S3-measured-03-M5_I2R2_N1024_e16384_COLD_repeated/monitor_samples.jsonl,artifact/raw/B3-formal-v1/M5-S3-measured-03-M5_I2R2_N1024_e16384_COLD_repeated/monitor_samples.jsonl,8b3a6710890eb9f365ccfebd326966b47c25ba6280ee7043a9a98ec10fe0a393,EXACT_BYTES; ARCHIVE_RESTORE
artifact/raw/B3-formal-v1/M5-S3-measured-03-M5_I2R2_N1024_e16384_ONLINE_packed/monitor_samples.jsonl,artifact/raw/B3-formal-v1/M5-S3-measured-03-M5_I2R2_N1024_e16384_ONLINE_packed/monitor_samples.jsonl,9adb192edb735ff7daccfc591cadcfdba01f16e1ead05f3062fcf30aa67ee723,EXACT_BYTES; ARCHIVE_RESTORE
artifact/raw/B3-formal-v1/M5-S3-measured-03-M5_I2R2_N1024_e16384_ONLINE_repeated/monitor_samples.jsonl,artifact/raw/B3-formal-v1/M5-S3-measured-03-M5_I2R2_N1024_e16384_ONLINE_repeated/monitor_samples.jsonl,4ae5701ddfa05b88414fbe6d5b4fce5aeebb4c75e4d8747f3e6bc71ff0afde96,EXACT_BYTES; ARCHIVE_RESTORE
artifact/raw/B3-formal-v1/M5-S3-measured-03-M5_I2R2_N1024_e4096_COLD_packed/monitor_samples.jsonl,artifact/raw/B3-formal-v1/M5-S3-measured-03-M5_I2R2_N1024_e4096_COLD_packed/monitor_samples.jsonl,f1d313b1a960834e33bced643ff94f67daf13c67b78217aa36ef4c042aa2db7d,EXACT_BYTES; ARCHIVE_RESTORE
artifact/raw/B3-formal-v1/M5-S3-measured-03-M5_I2R2_N1024_e4096_COLD_repeated/monitor_samples.jsonl,artifact/raw/B3-formal-v1/M5-S3-measured-03-M5_I2R2_N1024_e4096_COLD_repeated/monitor_samples.jsonl,ff3db5d43c33c8e902d0cb4653473439906f29b2356b637c5a873f2961c73957,EXACT_BYTES; ARCHIVE_RESTORE
artifact/raw/B3-formal-v1/M5-S3-measured-03-M5_I2R2_N1024_e4096_ONLINE_packed/monitor_samples.jsonl,artifact/raw/B3-formal-v1/M5-S3-measured-03-M5_I2R2_N1024_e4096_ONLINE_packed/monitor_samples.jsonl,9bd58b5e32ebec9baee8640b5951af6107440afa73170b0793c5e61e5468f48a,EXACT_BYTES; ARCHIVE_RESTORE
artifact/raw/B3-formal-v1/M5-S3-measured-03-M5_I2R2_N1024_e4096_ONLINE_repeated/monitor_samples.jsonl,artifact/raw/B3-formal-v1/M5-S3-measured-03-M5_I2R2_N1024_e4096_ONLINE_repeated/monitor_samples.jsonl,f1e0f2e8efcc754275111b41b21a1b772b39022b9b2464e1e92086b6551b7e32,EXACT_BYTES; ARCHIVE_RESTORE
artifact/raw/B3-formal-v1/M5-S3-measured-03-M5_I2R2_N1024_e65536_COLD_packed/monitor_samples.jsonl,artifact/raw/B3-formal-v1/M5-S3-measured-03-M5_I2R2_N1024_e65536_COLD_packed/monitor_samples.jsonl,3f91bad513ad782b8fdf070e2d5d14e4f095d399c729989701b8d98fb88d1bcb,EXACT_BYTES; ARCHIVE_RESTORE
artifact/raw/B3-formal-v1/M5-S3-measured-03-M5_I2R2_N1024_e65536_COLD_repeated/monitor_samples.jsonl,artifact/raw/B3-formal-v1/M5-S3-measured-03-M5_I2R2_N1024_e65536_COLD_repeated/monitor_samples.jsonl,771c9f0b1e1e966d5a45d9b0a60dde5cb18fac8f522a60c191db02aa84d1eac5,EXACT_BYTES; ARCHIVE_RESTORE
artifact/raw/B3-formal-v1/M5-S3-measured-03-M5_I2R2_N1024_e65536_ONLINE_packed/monitor_samples.jsonl,artifact/raw/B3-formal-v1/M5-S3-measured-03-M5_I2R2_N1024_e65536_ONLINE_packed/monitor_samples.jsonl,93c467d0f22874deb4f8a576ef377d8bbad5c18f1a38dd5a868df1e91bfd478d,EXACT_BYTES; ARCHIVE_RESTORE
artifact/raw/B3-formal-v1/M5-S3-measured-03-M5_I2R2_N1024_e65536_ONLINE_repeated/monitor_samples.jsonl,artifact/raw/B3-formal-v1/M5-S3-measured-03-M5_I2R2_N1024_e65536_ONLINE_repeated/monitor_samples.jsonl,61f8aac49a52cfb8c4a51b687d58aa7b0c7650acef927808984f8a0f4b2df238,EXACT_BYTES; ARCHIVE_RESTORE
artifact/raw/B3-formal-v1/M5-S3-measured-03-M5_I2R2_N1024_e8192_COLD_packed/monitor_samples.jsonl,artifact/raw/B3-formal-v1/M5-S3-measured-03-M5_I2R2_N1024_e8192_COLD_packed/monitor_samples.jsonl,30b48d219dfc66200172426ac0c274fd2330658e8e416b9c2b168033ed2ded47,EXACT_BYTES; ARCHIVE_RESTORE
artifact/raw/B3-formal-v1/M5-S3-measured-03-M5_I2R2_N1024_e8192_COLD_repeated/monitor_samples.jsonl,artifact/raw/B3-formal-v1/M5-S3-measured-03-M5_I2R2_N1024_e8192_COLD_repeated/monitor_samples.jsonl,ec917f0cadf848072e62b48a038118862cfec458c6ed2af23f7ff979f5efd8b4,EXACT_BYTES; ARCHIVE_RESTORE
artifact/raw/B3-formal-v1/M5-S3-measured-03-M5_I2R2_N1024_e8192_ONLINE_packed/monitor_samples.jsonl,artifact/raw/B3-formal-v1/M5-S3-measured-03-M5_I2R2_N1024_e8192_ONLINE_packed/monitor_samples.jsonl,64cf8f25b02b042065de33410e5ee1c74dfcf7a22613e8fbb31d913442a683e0,EXACT_BYTES; ARCHIVE_RESTORE
artifact/raw/B3-formal-v1/M5-S3-measured-03-M5_I2R2_N1024_e8192_ONLINE_repeated/monitor_samples.jsonl,artifact/raw/B3-formal-v1/M5-S3-measured-03-M5_I2R2_N1024_e8192_ONLINE_repeated/monitor_samples.jsonl,b1ca68dc8373a03de77472f94aed6128b5ca73136c29fe6b2442ac1602122793,EXACT_BYTES; ARCHIVE_RESTORE
artifact/raw/B3-formal-v1/M5-S3-measured-04-M5_I2R2_N1024_e12288_COLD_packed/monitor_samples.jsonl,artifact/raw/B3-formal-v1/M5-S3-measured-04-M5_I2R2_N1024_e12288_COLD_packed/monitor_samples.jsonl,5b0207c3c5d3fb4ee54531927185d4dbfcdd3a2985de1bfb0bedea4470b9e74c,EXACT_BYTES; ARCHIVE_RESTORE
artifact/raw/B3-formal-v1/M5-S3-measured-04-M5_I2R2_N1024_e12288_COLD_repeated/monitor_samples.jsonl,artifact/raw/B3-formal-v1/M5-S3-measured-04-M5_I2R2_N1024_e12288_COLD_repeated/monitor_samples.jsonl,d70fa8365b18260dfa6514ce37480364b7e2e3d4b28854a8d8f877e3da7aabd8,EXACT_BYTES; ARCHIVE_RESTORE
artifact/raw/B3-formal-v1/M5-S3-measured-04-M5_I2R2_N1024_e12288_ONLINE_packed/monitor_samples.jsonl,artifact/raw/B3-formal-v1/M5-S3-measured-04-M5_I2R2_N1024_e12288_ONLINE_packed/monitor_samples.jsonl,7a221f330de23fcb0b0341cb58a836217511589000ce1e68aae0668531725844,EXACT_BYTES; ARCHIVE_RESTORE
artifact/raw/B3-formal-v1/M5-S3-measured-04-M5_I2R2_N1024_e12288_ONLINE_repeated/monitor_samples.jsonl,artifact/raw/B3-formal-v1/M5-S3-measured-04-M5_I2R2_N1024_e12288_ONLINE_repeated/monitor_samples.jsonl,dafdd846c3d14803010632ec54140ee25fcf31718f5f94ee28fec3c84e8a9378,EXACT_BYTES; ARCHIVE_RESTORE
artifact/raw/B3-formal-v1/M5-S3-measured-04-M5_I2R2_N1024_e16384_COLD_packed/monitor_samples.jsonl,artifact/raw/B3-formal-v1/M5-S3-measured-04-M5_I2R2_N1024_e16384_COLD_packed/monitor_samples.jsonl,5659e0a5ab32595cac646dda6e8368f1d231e52c14e59d19a3022336ccf1d8e0,EXACT_BYTES; ARCHIVE_RESTORE
artifact/raw/B3-formal-v1/M5-S3-measured-04-M5_I2R2_N1024_e16384_COLD_repeated/monitor_samples.jsonl,artifact/raw/B3-formal-v1/M5-S3-measured-04-M5_I2R2_N1024_e16384_COLD_repeated/monitor_samples.jsonl,f4abc5834b6bf651a2ab7b1f00626a609ec52637cc1ec28b8dbe3d65ab9b4b75,EXACT_BYTES; ARCHIVE_RESTORE
artifact/raw/B3-formal-v1/M5-S3-measured-04-M5_I2R2_N1024_e16384_ONLINE_packed/monitor_samples.jsonl,artifact/raw/B3-formal-v1/M5-S3-measured-04-M5_I2R2_N1024_e16384_ONLINE_packed/monitor_samples.jsonl,7ffcf6a829b34be6954edb0ae5fb6ffde89912fc316a65f8f93f94554359f15e,EXACT_BYTES; ARCHIVE_RESTORE
artifact/raw/B3-formal-v1/M5-S3-measured-04-M5_I2R2_N1024_e16384_ONLINE_repeated/monitor_samples.jsonl,artifact/raw/B3-formal-v1/M5-S3-measured-04-M5_I2R2_N1024_e16384_ONLINE_repeated/monitor_samples.jsonl,4f610908aa39ce01e00ac6ac6dc397f1c0eae4d6651f1ec4cda201affa06b5ac,EXACT_BYTES; ARCHIVE_RESTORE
artifact/raw/B3-formal-v1/M5-S3-measured-04-M5_I2R2_N1024_e4096_COLD_packed/monitor_samples.jsonl,artifact/raw/B3-formal-v1/M5-S3-measured-04-M5_I2R2_N1024_e4096_COLD_packed/monitor_samples.jsonl,74ec84f6ef9808571700ae6849c934d0071909f6e2a391108f192810c8ba3cf7,EXACT_BYTES; ARCHIVE_RESTORE
artifact/raw/B3-formal-v1/M5-S3-measured-04-M5_I2R2_N1024_e4096_COLD_repeated/monitor_samples.jsonl,artifact/raw/B3-formal-v1/M5-S3-measured-04-M5_I2R2_N1024_e4096_COLD_repeated/monitor_samples.jsonl,fb071e86ee026c22d810a848d4c7d7341ff963defcd688a5b248ba1ae540efe8,EXACT_BYTES; ARCHIVE_RESTORE
artifact/raw/B3-formal-v1/M5-S3-measured-04-M5_I2R2_N1024_e4096_ONLINE_packed/monitor_samples.jsonl,artifact/raw/B3-formal-v1/M5-S3-measured-04-M5_I2R2_N1024_e4096_ONLINE_packed/monitor_samples.jsonl,c0402a98782eb62572b4a159b0dc4e873e699dda0a2d9cca8014dc1cb8ba463a,EXACT_BYTES; ARCHIVE_RESTORE
artifact/raw/B3-formal-v1/M5-S3-measured-04-M5_I2R2_N1024_e4096_ONLINE_repeated/monitor_samples.jsonl,artifact/raw/B3-formal-v1/M5-S3-measured-04-M5_I2R2_N1024_e4096_ONLINE_repeated/monitor_samples.jsonl,d390cd0475c104ce8cef03dad57519783ad0d62ab40a58e69fbdabc423ffa3f2,EXACT_BYTES; ARCHIVE_RESTORE
artifact/raw/B3-formal-v1/M5-S3-measured-04-M5_I2R2_N1024_e65536_COLD_packed/monitor_samples.jsonl,artifact/raw/B3-formal-v1/M5-S3-measured-04-M5_I2R2_N1024_e65536_COLD_packed/monitor_samples.jsonl,0d1619be6f0fb25dad1c4f8b15472657870458b4bbeacc632c06841332fd6d67,EXACT_BYTES; ARCHIVE_RESTORE
artifact/raw/B3-formal-v1/M5-S3-measured-04-M5_I2R2_N1024_e65536_COLD_repeated/monitor_samples.jsonl,artifact/raw/B3-formal-v1/M5-S3-measured-04-M5_I2R2_N1024_e65536_COLD_repeated/monitor_samples.jsonl,4ba12d531d1c762a573dc129e27863c22ecccd8f19b0e1147b214233f298c404,EXACT_BYTES; ARCHIVE_RESTORE
artifact/raw/B3-formal-v1/M5-S3-measured-04-M5_I2R2_N1024_e65536_ONLINE_packed/monitor_samples.jsonl,artifact/raw/B3-formal-v1/M5-S3-measured-04-M5_I2R2_N1024_e65536_ONLINE_packed/monitor_samples.jsonl,04fe4bba0ca7efbd938246651a63d1c8a7579fb257eed02829ee9f489a263af3,EXACT_BYTES; ARCHIVE_RESTORE
artifact/raw/B3-formal-v1/M5-S3-measured-04-M5_I2R2_N1024_e65536_ONLINE_repeated/monitor_samples.jsonl,artifact/raw/B3-formal-v1/M5-S3-measured-04-M5_I2R2_N1024_e65536_ONLINE_repeated/monitor_samples.jsonl,6c9839887ef70193925e3ec32a6eb60ed472698c6cc024209e71b000435100b4,EXACT_BYTES; ARCHIVE_RESTORE
artifact/raw/B3-formal-v1/M5-S3-measured-04-M5_I2R2_N1024_e8192_COLD_packed/monitor_samples.jsonl,artifact/raw/B3-formal-v1/M5-S3-measured-04-M5_I2R2_N1024_e8192_COLD_packed/monitor_samples.jsonl,000c01edf7cb05735ba4b6ec1448fd6667fe98ecbae535159cf4647c552bf457,EXACT_BYTES; ARCHIVE_RESTORE
artifact/raw/B3-formal-v1/M5-S3-measured-04-M5_I2R2_N1024_e8192_COLD_repeated/monitor_samples.jsonl,artifact/raw/B3-formal-v1/M5-S3-measured-04-M5_I2R2_N1024_e8192_COLD_repeated/monitor_samples.jsonl,a9ef45d9ab6424f10be74bdddbdac45206c5620bf03bd803763eebaac0de4cd8,EXACT_BYTES; ARCHIVE_RESTORE
artifact/raw/B3-formal-v1/M5-S3-measured-04-M5_I2R2_N1024_e8192_ONLINE_packed/monitor_samples.jsonl,artifact/raw/B3-formal-v1/M5-S3-measured-04-M5_I2R2_N1024_e8192_ONLINE_packed/monitor_samples.jsonl,b6268479ef2f326f153c3c2388d9a2247ac3fc665e881b36f066bcf7baffac62,EXACT_BYTES; ARCHIVE_RESTORE
artifact/raw/B3-formal-v1/M5-S3-measured-04-M5_I2R2_N1024_e8192_ONLINE_repeated/monitor_samples.jsonl,artifact/raw/B3-formal-v1/M5-S3-measured-04-M5_I2R2_N1024_e8192_ONLINE_repeated/monitor_samples.jsonl,e2361f386a5393d25b176c4912860bf54b0d5b9519eaf84913ca728ac7352862,EXACT_BYTES; ARCHIVE_RESTORE
artifact/raw/B3-formal-v1/M5-S3-measured-05-M5_I2R2_N1024_e12288_COLD_packed/monitor_samples.jsonl,artifact/raw/B3-formal-v1/M5-S3-measured-05-M5_I2R2_N1024_e12288_COLD_packed/monitor_samples.jsonl,5aca774806cdfe3065b5a940fa46fabb3360046f8062e30ccddd594158374092,EXACT_BYTES; ARCHIVE_RESTORE
artifact/raw/B3-formal-v1/M5-S3-measured-05-M5_I2R2_N1024_e12288_COLD_repeated/monitor_samples.jsonl,artifact/raw/B3-formal-v1/M5-S3-measured-05-M5_I2R2_N1024_e12288_COLD_repeated/monitor_samples.jsonl,c75caf0d7ff0acfd1d63484db25ca8ce04e02579cd36d32488c9a549fcf8396e,EXACT_BYTES; ARCHIVE_RESTORE
artifact/raw/B3-formal-v1/M5-S3-measured-05-M5_I2R2_N1024_e12288_ONLINE_packed/monitor_samples.jsonl,artifact/raw/B3-formal-v1/M5-S3-measured-05-M5_I2R2_N1024_e12288_ONLINE_packed/monitor_samples.jsonl,96c6a287dd0a4daf37317d913d9d258092dcce87fbde52fd2a05f5baaf161b16,EXACT_BYTES; ARCHIVE_RESTORE
artifact/raw/B3-formal-v1/M5-S3-measured-05-M5_I2R2_N1024_e12288_ONLINE_repeated/monitor_samples.jsonl,artifact/raw/B3-formal-v1/M5-S3-measured-05-M5_I2R2_N1024_e12288_ONLINE_repeated/monitor_samples.jsonl,94904241699d1c233fbe19d3d7f4a0aa2edcbc3283930a1ce516cc2d5454d106,EXACT_BYTES; ARCHIVE_RESTORE
artifact/raw/B3-formal-v1/M5-S3-measured-05-M5_I2R2_N1024_e16384_COLD_packed/monitor_samples.jsonl,artifact/raw/B3-formal-v1/M5-S3-measured-05-M5_I2R2_N1024_e16384_COLD_packed/monitor_samples.jsonl,a064e0edafb5a4b6a95ba02b756eca604e9186bd270c0ec2034d791c0eb7c794,EXACT_BYTES; ARCHIVE_RESTORE
artifact/raw/B3-formal-v1/M5-S3-measured-05-M5_I2R2_N1024_e16384_COLD_repeated/monitor_samples.jsonl,artifact/raw/B3-formal-v1/M5-S3-measured-05-M5_I2R2_N1024_e16384_COLD_repeated/monitor_samples.jsonl,cc48d9eb4973dc4f2ea99d5891a328a7ba102159811a652dd1ac81a3c6602fce,EXACT_BYTES; ARCHIVE_RESTORE
artifact/raw/B3-formal-v1/M5-S3-measured-05-M5_I2R2_N1024_e16384_ONLINE_packed/monitor_samples.jsonl,artifact/raw/B3-formal-v1/M5-S3-measured-05-M5_I2R2_N1024_e16384_ONLINE_packed/monitor_samples.jsonl,9b8a6c04cf7bee8622e968c319935e3773696d99207466683a37c7e1f2a7b3f8,EXACT_BYTES; ARCHIVE_RESTORE
artifact/raw/B3-formal-v1/M5-S3-measured-05-M5_I2R2_N1024_e16384_ONLINE_repeated/monitor_samples.jsonl,artifact/raw/B3-formal-v1/M5-S3-measured-05-M5_I2R2_N1024_e16384_ONLINE_repeated/monitor_samples.jsonl,bbb51f712acd965404437f23b89b594bcbefde49b23c9a3eca42780e04eab8ad,EXACT_BYTES; ARCHIVE_RESTORE
artifact/raw/B3-formal-v1/M5-S3-measured-05-M5_I2R2_N1024_e4096_COLD_packed/monitor_samples.jsonl,artifact/raw/B3-formal-v1/M5-S3-measured-05-M5_I2R2_N1024_e4096_COLD_packed/monitor_samples.jsonl,a25c994d52c7a302b24f1b6f54784347251479a0a48d896178611dba29a18ff6,EXACT_BYTES; ARCHIVE_RESTORE
artifact/raw/B3-formal-v1/M5-S3-measured-05-M5_I2R2_N1024_e4096_COLD_repeated/monitor_samples.jsonl,artifact/raw/B3-formal-v1/M5-S3-measured-05-M5_I2R2_N1024_e4096_COLD_repeated/monitor_samples.jsonl,9790658491218f636fcb38298447093a3ca82a098a05755ad488ecac621e0945,EXACT_BYTES; ARCHIVE_RESTORE
artifact/raw/B3-formal-v1/M5-S3-measured-05-M5_I2R2_N1024_e4096_ONLINE_packed/monitor_samples.jsonl,artifact/raw/B3-formal-v1/M5-S3-measured-05-M5_I2R2_N1024_e4096_ONLINE_packed/monitor_samples.jsonl,0dc90f80efab05b90ed37de7e5cce4d3efbb05c0c32abbbb4b60d628296d449d,EXACT_BYTES; ARCHIVE_RESTORE
artifact/raw/B3-formal-v1/M5-S3-measured-05-M5_I2R2_N1024_e4096_ONLINE_repeated/monitor_samples.jsonl,artifact/raw/B3-formal-v1/M5-S3-measured-05-M5_I2R2_N1024_e4096_ONLINE_repeated/monitor_samples.jsonl,55be3d6293554589cce9c861ddfee80244f6b5bc358e1483b0eed311529fd4bf,EXACT_BYTES; ARCHIVE_RESTORE
artifact/raw/B3-formal-v1/M5-S3-measured-05-M5_I2R2_N1024_e65536_COLD_packed/monitor_samples.jsonl,artifact/raw/B3-formal-v1/M5-S3-measured-05-M5_I2R2_N1024_e65536_COLD_packed/monitor_samples.jsonl,35e07055b9b8518b7b63c1577a43e1fdc52376e0e31ac92e30fbfaed6d752e00,EXACT_BYTES; ARCHIVE_RESTORE
artifact/raw/B3-formal-v1/M5-S3-measured-05-M5_I2R2_N1024_e65536_COLD_repeated/monitor_samples.jsonl,artifact/raw/B3-formal-v1/M5-S3-measured-05-M5_I2R2_N1024_e65536_COLD_repeated/monitor_samples.jsonl,6b148c1910df7ce52539da38c84d143056e4a2bad034031e4e49a722a8a8d0de,EXACT_BYTES; ARCHIVE_RESTORE
artifact/raw/B3-formal-v1/M5-S3-measured-05-M5_I2R2_N1024_e65536_ONLINE_packed/monitor_samples.jsonl,artifact/raw/B3-formal-v1/M5-S3-measured-05-M5_I2R2_N1024_e65536_ONLINE_packed/monitor_samples.jsonl,a25bab23898b3c0a2d6d4e0cf72c316416fc6b1f7ea03a9e2d41afca0694a93b,EXACT_BYTES; ARCHIVE_RESTORE
artifact/raw/B3-formal-v1/M5-S3-measured-05-M5_I2R2_N1024_e65536_ONLINE_repeated/monitor_samples.jsonl,artifact/raw/B3-formal-v1/M5-S3-measured-05-M5_I2R2_N1024_e65536_ONLINE_repeated/monitor_samples.jsonl,24d1c0f8be607b8ba873ff5e6485e6973827594c998eba8664524ffefcb8693b,EXACT_BYTES; ARCHIVE_RESTORE
artifact/raw/B3-formal-v1/M5-S3-measured-05-M5_I2R2_N1024_e8192_COLD_packed/monitor_samples.jsonl,artifact/raw/B3-formal-v1/M5-S3-measured-05-M5_I2R2_N1024_e8192_COLD_packed/monitor_samples.jsonl,54fb40a2ef4b3d5279dbb8b8b7f963a554dde56fbeb13b05a8eac0c97c664b22,EXACT_BYTES; ARCHIVE_RESTORE
artifact/raw/B3-formal-v1/M5-S3-measured-05-M5_I2R2_N1024_e8192_COLD_repeated/monitor_samples.jsonl,artifact/raw/B3-formal-v1/M5-S3-measured-05-M5_I2R2_N1024_e8192_COLD_repeated/monitor_samples.jsonl,5ba89eb8e48045051848df1dc765da5eed21a4e70c6eb674f242183388e86a37,EXACT_BYTES; ARCHIVE_RESTORE
artifact/raw/B3-formal-v1/M5-S3-measured-05-M5_I2R2_N1024_e8192_ONLINE_packed/monitor_samples.jsonl,artifact/raw/B3-formal-v1/M5-S3-measured-05-M5_I2R2_N1024_e8192_ONLINE_packed/monitor_samples.jsonl,c7fabd7deba86180abb91c4e677f281c80a2cb4d40e6ecaf33152f876fb357c7,EXACT_BYTES; ARCHIVE_RESTORE
artifact/raw/B3-formal-v1/M5-S3-measured-05-M5_I2R2_N1024_e8192_ONLINE_repeated/monitor_samples.jsonl,artifact/raw/B3-formal-v1/M5-S3-measured-05-M5_I2R2_N1024_e8192_ONLINE_repeated/monitor_samples.jsonl,0780f2187168f65e4150592437dbd0aa3e52b74281b7d9388968697f8317115c,EXACT_BYTES; ARCHIVE_RESTORE
artifact/raw/B3-formal-v1/M5-S3-measured-06-M5_I2R2_N1024_e12288_COLD_packed/monitor_samples.jsonl,artifact/raw/B3-formal-v1/M5-S3-measured-06-M5_I2R2_N1024_e12288_COLD_packed/monitor_samples.jsonl,7777e0ad8442a78465b6cbcde478d772759e7c417463d2a33e657a6d517d543c,EXACT_BYTES; ARCHIVE_RESTORE
artifact/raw/B3-formal-v1/M5-S3-measured-06-M5_I2R2_N1024_e12288_COLD_repeated/monitor_samples.jsonl,artifact/raw/B3-formal-v1/M5-S3-measured-06-M5_I2R2_N1024_e12288_COLD_repeated/monitor_samples.jsonl,9f345fd7f3f02d6c0f7f3a10d49714a3eeeaedd9a2c0c7cbad3b4bcc7926856b,EXACT_BYTES; ARCHIVE_RESTORE
artifact/raw/B3-formal-v1/M5-S3-measured-06-M5_I2R2_N1024_e12288_ONLINE_packed/monitor_samples.jsonl,artifact/raw/B3-formal-v1/M5-S3-measured-06-M5_I2R2_N1024_e12288_ONLINE_packed/monitor_samples.jsonl,397635026a79d19b6543538f2fc0829057046460ddcbe148d9f0260661aa0eef,EXACT_BYTES; ARCHIVE_RESTORE
artifact/raw/B3-formal-v1/M5-S3-measured-06-M5_I2R2_N1024_e12288_ONLINE_repeated/monitor_samples.jsonl,artifact/raw/B3-formal-v1/M5-S3-measured-06-M5_I2R2_N1024_e12288_ONLINE_repeated/monitor_samples.jsonl,abad5a4cf446d0e1dd60e6912cda4e461758059e00928aa19aa3c411c564112c,EXACT_BYTES; ARCHIVE_RESTORE
artifact/raw/B3-formal-v1/M5-S3-measured-06-M5_I2R2_N1024_e16384_COLD_packed/monitor_samples.jsonl,artifact/raw/B3-formal-v1/M5-S3-measured-06-M5_I2R2_N1024_e16384_COLD_packed/monitor_samples.jsonl,4ef4f4e24fb9663b1baccf5eb44dce89ef9d7e355fa66b4a8b18fb903c035892,EXACT_BYTES; ARCHIVE_RESTORE
artifact/raw/B3-formal-v1/M5-S3-measured-06-M5_I2R2_N1024_e16384_COLD_repeated/monitor_samples.jsonl,artifact/raw/B3-formal-v1/M5-S3-measured-06-M5_I2R2_N1024_e16384_COLD_repeated/monitor_samples.jsonl,ec795fa204b1b0b034438608dffbab59165e621f6b77c556534e7052e9f79802,EXACT_BYTES; ARCHIVE_RESTORE
artifact/raw/B3-formal-v1/M5-S3-measured-06-M5_I2R2_N1024_e16384_ONLINE_packed/monitor_samples.jsonl,artifact/raw/B3-formal-v1/M5-S3-measured-06-M5_I2R2_N1024_e16384_ONLINE_packed/monitor_samples.jsonl,f535db8bbbba5bc5c58e1ca07656c623a19fb7af22f2adcd7479b01b4d84c681,EXACT_BYTES; ARCHIVE_RESTORE
artifact/raw/B3-formal-v1/M5-S3-measured-06-M5_I2R2_N1024_e16384_ONLINE_repeated/monitor_samples.jsonl,artifact/raw/B3-formal-v1/M5-S3-measured-06-M5_I2R2_N1024_e16384_ONLINE_repeated/monitor_samples.jsonl,f5cc34a5cf6bcf626748c7761f4e88d637d2c3775b1522e39d884b9a72f81a3e,EXACT_BYTES; ARCHIVE_RESTORE
artifact/raw/B3-formal-v1/M5-S3-measured-06-M5_I2R2_N1024_e4096_COLD_packed/monitor_samples.jsonl,artifact/raw/B3-formal-v1/M5-S3-measured-06-M5_I2R2_N1024_e4096_COLD_packed/monitor_samples.jsonl,67dfbbfec8280a3d02f2414daa4eeba7add6f6e4632b6e8fc1931bc3ed4d6e17,EXACT_BYTES; ARCHIVE_RESTORE
artifact/raw/B3-formal-v1/M5-S3-measured-06-M5_I2R2_N1024_e4096_COLD_repeated/monitor_samples.jsonl,artifact/raw/B3-formal-v1/M5-S3-measured-06-M5_I2R2_N1024_e4096_COLD_repeated/monitor_samples.jsonl,34f1ca44cc18eb3af85bf4d2aac913aa0e40f50eac04f2793b629d5c6360cfb8,EXACT_BYTES; ARCHIVE_RESTORE
artifact/raw/B3-formal-v1/M5-S3-measured-06-M5_I2R2_N1024_e4096_ONLINE_packed/monitor_samples.jsonl,artifact/raw/B3-formal-v1/M5-S3-measured-06-M5_I2R2_N1024_e4096_ONLINE_packed/monitor_samples.jsonl,c778321fc27cdb881c5a6b0968aeb77f895e5fb4db470b8b9ed621cbfcfe80ef,EXACT_BYTES; ARCHIVE_RESTORE
artifact/raw/B3-formal-v1/M5-S3-measured-06-M5_I2R2_N1024_e4096_ONLINE_repeated/monitor_samples.jsonl,artifact/raw/B3-formal-v1/M5-S3-measured-06-M5_I2R2_N1024_e4096_ONLINE_repeated/monitor_samples.jsonl,2184f214db8347b1dca4c8ad24885b394e204fb8ec2d915c997f70c27fb28675,EXACT_BYTES; ARCHIVE_RESTORE
artifact/raw/B3-formal-v1/M5-S3-measured-06-M5_I2R2_N1024_e65536_COLD_packed/monitor_samples.jsonl,artifact/raw/B3-formal-v1/M5-S3-measured-06-M5_I2R2_N1024_e65536_COLD_packed/monitor_samples.jsonl,12f1b24cb64fbdb9af92603b493f58de667937b0311e0cc4060bdf0e378b2b52,EXACT_BYTES; ARCHIVE_RESTORE
artifact/raw/B3-formal-v1/M5-S3-measured-06-M5_I2R2_N1024_e65536_COLD_repeated/monitor_samples.jsonl,artifact/raw/B3-formal-v1/M5-S3-measured-06-M5_I2R2_N1024_e65536_COLD_repeated/monitor_samples.jsonl,747c418623cf5b822100eb4e430de7e743b852b483a9279b64948f7d615797f1,EXACT_BYTES; ARCHIVE_RESTORE
artifact/raw/B3-formal-v1/M5-S3-measured-06-M5_I2R2_N1024_e65536_ONLINE_packed/monitor_samples.jsonl,artifact/raw/B3-formal-v1/M5-S3-measured-06-M5_I2R2_N1024_e65536_ONLINE_packed/monitor_samples.jsonl,08568a27710cc53538b72d1c0b68917d6f7e0254fff265a0dcd267172e0aa0f7,EXACT_BYTES; ARCHIVE_RESTORE
artifact/raw/B3-formal-v1/M5-S3-measured-06-M5_I2R2_N1024_e65536_ONLINE_repeated/monitor_samples.jsonl,artifact/raw/B3-formal-v1/M5-S3-measured-06-M5_I2R2_N1024_e65536_ONLINE_repeated/monitor_samples.jsonl,f2b66af41659974cf0cc45f4668d3127bcf56ae28c75cd2318fddaecfe07cfe3,EXACT_BYTES; ARCHIVE_RESTORE
artifact/raw/B3-formal-v1/M5-S3-measured-06-M5_I2R2_N1024_e8192_COLD_packed/monitor_samples.jsonl,artifact/raw/B3-formal-v1/M5-S3-measured-06-M5_I2R2_N1024_e8192_COLD_packed/monitor_samples.jsonl,74bbd4cf70c7693138525f14c85672fe52f107315714b4ccf43e5f7fc9f13f5c,EXACT_BYTES; ARCHIVE_RESTORE
artifact/raw/B3-formal-v1/M5-S3-measured-06-M5_I2R2_N1024_e8192_COLD_repeated/monitor_samples.jsonl,artifact/raw/B3-formal-v1/M5-S3-measured-06-M5_I2R2_N1024_e8192_COLD_repeated/monitor_samples.jsonl,323540a69c66033a07c51dafcfdcb8f7ca1eb02f6104a12b01d65d4cdd0527db,EXACT_BYTES; ARCHIVE_RESTORE
artifact/raw/B3-formal-v1/M5-S3-measured-06-M5_I2R2_N1024_e8192_ONLINE_packed/monitor_samples.jsonl,artifact/raw/B3-formal-v1/M5-S3-measured-06-M5_I2R2_N1024_e8192_ONLINE_packed/monitor_samples.jsonl,9c3a062fdf0a3e6429b3dfbddf3193a87444f3a8368aecf44c645a6a57084a1a,EXACT_BYTES; ARCHIVE_RESTORE
artifact/raw/B3-formal-v1/M5-S3-measured-06-M5_I2R2_N1024_e8192_ONLINE_repeated/monitor_samples.jsonl,artifact/raw/B3-formal-v1/M5-S3-measured-06-M5_I2R2_N1024_e8192_ONLINE_repeated/monitor_samples.jsonl,c332da88ce7e36adcad9db04aa9c49bff01ecaaa6ed2fc94992e880e17764741,EXACT_BYTES; ARCHIVE_RESTORE
artifact/raw/B3-formal-v1/M5-S3-measured-07-M5_I2R2_N1024_e12288_COLD_packed/monitor_samples.jsonl,artifact/raw/B3-formal-v1/M5-S3-measured-07-M5_I2R2_N1024_e12288_COLD_packed/monitor_samples.jsonl,c842e7702d52204bc35893359ef97fe4cbe9eda974d33b7966be1fe30fb6d715,EXACT_BYTES; ARCHIVE_RESTORE
artifact/raw/B3-formal-v1/M5-S3-measured-07-M5_I2R2_N1024_e12288_COLD_repeated/monitor_samples.jsonl,artifact/raw/B3-formal-v1/M5-S3-measured-07-M5_I2R2_N1024_e12288_COLD_repeated/monitor_samples.jsonl,c2e69dcdcde93dd96b48c8302b8639605a620aa034febfcbabf050215a7238e3,EXACT_BYTES; ARCHIVE_RESTORE
artifact/raw/B3-formal-v1/M5-S3-measured-07-M5_I2R2_N1024_e12288_ONLINE_packed/monitor_samples.jsonl,artifact/raw/B3-formal-v1/M5-S3-measured-07-M5_I2R2_N1024_e12288_ONLINE_packed/monitor_samples.jsonl,a4276fca46a331bc3d95d1f98c5c73168940703a226f25c9a4964a9f067ed4fa,EXACT_BYTES; ARCHIVE_RESTORE
artifact/raw/B3-formal-v1/M5-S3-measured-07-M5_I2R2_N1024_e12288_ONLINE_repeated/monitor_samples.jsonl,artifact/raw/B3-formal-v1/M5-S3-measured-07-M5_I2R2_N1024_e12288_ONLINE_repeated/monitor_samples.jsonl,4cfacd53250f5ad6089c6aa16d852a073e82e954b34219ac318038f07b13911f,EXACT_BYTES; ARCHIVE_RESTORE
artifact/raw/B3-formal-v1/M5-S3-measured-07-M5_I2R2_N1024_e16384_COLD_packed/monitor_samples.jsonl,artifact/raw/B3-formal-v1/M5-S3-measured-07-M5_I2R2_N1024_e16384_COLD_packed/monitor_samples.jsonl,e132d1f7970d081fcd5988b894df5e4240fc116e6b35aeeb3f0ef19f514e9296,EXACT_BYTES; ARCHIVE_RESTORE
artifact/raw/B3-formal-v1/M5-S3-measured-07-M5_I2R2_N1024_e16384_COLD_repeated/monitor_samples.jsonl,artifact/raw/B3-formal-v1/M5-S3-measured-07-M5_I2R2_N1024_e16384_COLD_repeated/monitor_samples.jsonl,c7573f98bae58c328cdd7f6900a3fc663231eb0c377a08a2d40054e398168efb,EXACT_BYTES; ARCHIVE_RESTORE
artifact/raw/B3-formal-v1/M5-S3-measured-07-M5_I2R2_N1024_e16384_ONLINE_packed/monitor_samples.jsonl,artifact/raw/B3-formal-v1/M5-S3-measured-07-M5_I2R2_N1024_e16384_ONLINE_packed/monitor_samples.jsonl,4150e4d6b0ed2aca110ecfb726be375dae66022bbec6a82c3652bbd424ca256f,EXACT_BYTES; ARCHIVE_RESTORE
artifact/raw/B3-formal-v1/M5-S3-measured-07-M5_I2R2_N1024_e16384_ONLINE_repeated/monitor_samples.jsonl,artifact/raw/B3-formal-v1/M5-S3-measured-07-M5_I2R2_N1024_e16384_ONLINE_repeated/monitor_samples.jsonl,05301c853cbb3ad52641bacaa3d1a74566dbc14102a1e977729b00bda9cf8e96,EXACT_BYTES; ARCHIVE_RESTORE
artifact/raw/B3-formal-v1/M5-S3-measured-07-M5_I2R2_N1024_e4096_COLD_packed/monitor_samples.jsonl,artifact/raw/B3-formal-v1/M5-S3-measured-07-M5_I2R2_N1024_e4096_COLD_packed/monitor_samples.jsonl,f7b714c4fc32d48c5226743730b71a808e4943dfbb2db8250e97d6ee2481bc9a,EXACT_BYTES; ARCHIVE_RESTORE
artifact/raw/B3-formal-v1/M5-S3-measured-07-M5_I2R2_N1024_e4096_COLD_repeated/monitor_samples.jsonl,artifact/raw/B3-formal-v1/M5-S3-measured-07-M5_I2R2_N1024_e4096_COLD_repeated/monitor_samples.jsonl,72b431fab45e18f35f69ee4800ab529adf9ee119069e29416e4993a85d42cc82,EXACT_BYTES; ARCHIVE_RESTORE
artifact/raw/B3-formal-v1/M5-S3-measured-07-M5_I2R2_N1024_e4096_ONLINE_packed/monitor_samples.jsonl,artifact/raw/B3-formal-v1/M5-S3-measured-07-M5_I2R2_N1024_e4096_ONLINE_packed/monitor_samples.jsonl,0807c57c6972c4ad4d275197b9ef4344d96617ba667e3acbea4158f6e0b41d52,EXACT_BYTES; ARCHIVE_RESTORE
artifact/raw/B3-formal-v1/M5-S3-measured-07-M5_I2R2_N1024_e4096_ONLINE_repeated/monitor_samples.jsonl,artifact/raw/B3-formal-v1/M5-S3-measured-07-M5_I2R2_N1024_e4096_ONLINE_repeated/monitor_samples.jsonl,da519a12a5402d8b504867fac18beb8ceaface65167436012b848919b22e24e7,EXACT_BYTES; ARCHIVE_RESTORE
artifact/raw/B3-formal-v1/M5-S3-measured-07-M5_I2R2_N1024_e65536_COLD_packed/monitor_samples.jsonl,artifact/raw/B3-formal-v1/M5-S3-measured-07-M5_I2R2_N1024_e65536_COLD_packed/monitor_samples.jsonl,e72c073239ec48bbbbfcbe9dc2ba815cb3b092ade0e60251eecd39ade85740ab,EXACT_BYTES; ARCHIVE_RESTORE
artifact/raw/B3-formal-v1/M5-S3-measured-07-M5_I2R2_N1024_e65536_COLD_repeated/monitor_samples.jsonl,artifact/raw/B3-formal-v1/M5-S3-measured-07-M5_I2R2_N1024_e65536_COLD_repeated/monitor_samples.jsonl,1d85fe7c188c38ed17906292d2bd4abc466eacdc6d2f5fdd722475433a3c71a5,EXACT_BYTES; ARCHIVE_RESTORE
artifact/raw/B3-formal-v1/M5-S3-measured-07-M5_I2R2_N1024_e65536_ONLINE_packed/monitor_samples.jsonl,artifact/raw/B3-formal-v1/M5-S3-measured-07-M5_I2R2_N1024_e65536_ONLINE_packed/monitor_samples.jsonl,f5e1419f363c0501f9db37e4c2ebb76b3dff099aa26d278f447a6922ac89aebc,EXACT_BYTES; ARCHIVE_RESTORE
artifact/raw/B3-formal-v1/M5-S3-measured-07-M5_I2R2_N1024_e65536_ONLINE_repeated/monitor_samples.jsonl,artifact/raw/B3-formal-v1/M5-S3-measured-07-M5_I2R2_N1024_e65536_ONLINE_repeated/monitor_samples.jsonl,07cb8ff0151a574b2635db20fa4c626caa0c076f1d0f4f49c3cc81df34641847,EXACT_BYTES; ARCHIVE_RESTORE
artifact/raw/B3-formal-v1/M5-S3-measured-07-M5_I2R2_N1024_e8192_COLD_packed/monitor_samples.jsonl,artifact/raw/B3-formal-v1/M5-S3-measured-07-M5_I2R2_N1024_e8192_COLD_packed/monitor_samples.jsonl,9f73b27ae27307ddfa48480ae0b010794689d03ab9911c852ffef4472ae92b10,EXACT_BYTES; ARCHIVE_RESTORE
artifact/raw/B3-formal-v1/M5-S3-measured-07-M5_I2R2_N1024_e8192_COLD_repeated/monitor_samples.jsonl,artifact/raw/B3-formal-v1/M5-S3-measured-07-M5_I2R2_N1024_e8192_COLD_repeated/monitor_samples.jsonl,b2af170bf439308ebc2a11088fd69bfc50d45863252da4ffc932ac2c3d0c42c2,EXACT_BYTES; ARCHIVE_RESTORE
artifact/raw/B3-formal-v1/M5-S3-measured-07-M5_I2R2_N1024_e8192_ONLINE_packed/monitor_samples.jsonl,artifact/raw/B3-formal-v1/M5-S3-measured-07-M5_I2R2_N1024_e8192_ONLINE_packed/monitor_samples.jsonl,b382cfe2928fcac7007e95ce04f77fb007fe7cef9523d51fb9db43d2d0d27a3c,EXACT_BYTES; ARCHIVE_RESTORE
artifact/raw/B3-formal-v1/M5-S3-measured-07-M5_I2R2_N1024_e8192_ONLINE_repeated/monitor_samples.jsonl,artifact/raw/B3-formal-v1/M5-S3-measured-07-M5_I2R2_N1024_e8192_ONLINE_repeated/monitor_samples.jsonl,a6d00899e1ebe09b48eb107c56893a4c403ae5b4ffc0a37537d9170df88486d5,EXACT_BYTES; ARCHIVE_RESTORE
artifact/raw/B3-formal-v1/M5-S3-measured-08-M5_I2R2_N1024_e12288_COLD_packed/monitor_samples.jsonl,artifact/raw/B3-formal-v1/M5-S3-measured-08-M5_I2R2_N1024_e12288_COLD_packed/monitor_samples.jsonl,2d6d8e79b1695d06908d9b64a3905e506a070d46e48592f75e351bf42537b434,EXACT_BYTES; ARCHIVE_RESTORE
artifact/raw/B3-formal-v1/M5-S3-measured-08-M5_I2R2_N1024_e12288_COLD_repeated/monitor_samples.jsonl,artifact/raw/B3-formal-v1/M5-S3-measured-08-M5_I2R2_N1024_e12288_COLD_repeated/monitor_samples.jsonl,6d6cb0867e9526b7863c890c0133b94b3eae9f06e15740cdb7b326a2c2f2515b,EXACT_BYTES; ARCHIVE_RESTORE
artifact/raw/B3-formal-v1/M5-S3-measured-08-M5_I2R2_N1024_e12288_ONLINE_packed/monitor_samples.jsonl,artifact/raw/B3-formal-v1/M5-S3-measured-08-M5_I2R2_N1024_e12288_ONLINE_packed/monitor_samples.jsonl,895cd59e3ffddbabe381c9e2fc70b0cae1d3185260fbbb82cc3bca3f0f58eb45,EXACT_BYTES; ARCHIVE_RESTORE
artifact/raw/B3-formal-v1/M5-S3-measured-08-M5_I2R2_N1024_e12288_ONLINE_repeated/monitor_samples.jsonl,artifact/raw/B3-formal-v1/M5-S3-measured-08-M5_I2R2_N1024_e12288_ONLINE_repeated/monitor_samples.jsonl,52a22f945aec2bbaa4e5a7960591578fde3b5614542afcddc11d43a60bd450db,EXACT_BYTES; ARCHIVE_RESTORE
artifact/raw/B3-formal-v1/M5-S3-measured-08-M5_I2R2_N1024_e16384_COLD_packed/monitor_samples.jsonl,artifact/raw/B3-formal-v1/M5-S3-measured-08-M5_I2R2_N1024_e16384_COLD_packed/monitor_samples.jsonl,e9c9d0da1d860cc731d2963f3aa6fe96de00c30b8d7a8c26f16a252140ec5a2a,EXACT_BYTES; ARCHIVE_RESTORE
artifact/raw/B3-formal-v1/M5-S3-measured-08-M5_I2R2_N1024_e16384_COLD_repeated/monitor_samples.jsonl,artifact/raw/B3-formal-v1/M5-S3-measured-08-M5_I2R2_N1024_e16384_COLD_repeated/monitor_samples.jsonl,99584960d4760795165df239a7a4f997643a64d1ec30dcf929012fd528dbfdf9,EXACT_BYTES; ARCHIVE_RESTORE
artifact/raw/B3-formal-v1/M5-S3-measured-08-M5_I2R2_N1024_e16384_ONLINE_packed/monitor_samples.jsonl,artifact/raw/B3-formal-v1/M5-S3-measured-08-M5_I2R2_N1024_e16384_ONLINE_packed/monitor_samples.jsonl,06934572ce221b8e4edcf0846b57f138e8dadd466df30c5048c4b22f431d288e,EXACT_BYTES; ARCHIVE_RESTORE
artifact/raw/B3-formal-v1/M5-S3-measured-08-M5_I2R2_N1024_e16384_ONLINE_repeated/monitor_samples.jsonl,artifact/raw/B3-formal-v1/M5-S3-measured-08-M5_I2R2_N1024_e16384_ONLINE_repeated/monitor_samples.jsonl,728ca756237d3b8b0a36dc56a9a36a513e2b9a5e05a9b36e43a26babc950a38b,EXACT_BYTES; ARCHIVE_RESTORE
artifact/raw/B3-formal-v1/M5-S3-measured-08-M5_I2R2_N1024_e4096_COLD_packed/monitor_samples.jsonl,artifact/raw/B3-formal-v1/M5-S3-measured-08-M5_I2R2_N1024_e4096_COLD_packed/monitor_samples.jsonl,a790e6c5e8b411b365622b37d7d5e8fabca76420f381c713882e953cd83eaa9f,EXACT_BYTES; ARCHIVE_RESTORE
artifact/raw/B3-formal-v1/M5-S3-measured-08-M5_I2R2_N1024_e4096_COLD_repeated/monitor_samples.jsonl,artifact/raw/B3-formal-v1/M5-S3-measured-08-M5_I2R2_N1024_e4096_COLD_repeated/monitor_samples.jsonl,2d6f096f535901cc8f52ccf1e109e46eff1d54c8486f0492b864860eca7321a3,EXACT_BYTES; ARCHIVE_RESTORE
artifact/raw/B3-formal-v1/M5-S3-measured-08-M5_I2R2_N1024_e4096_ONLINE_packed/monitor_samples.jsonl,artifact/raw/B3-formal-v1/M5-S3-measured-08-M5_I2R2_N1024_e4096_ONLINE_packed/monitor_samples.jsonl,ad30d9839d9d66153483ac6cdf4ff91a1851e3cb54ca0691186ba2c61d033c44,EXACT_BYTES; ARCHIVE_RESTORE
artifact/raw/B3-formal-v1/M5-S3-measured-08-M5_I2R2_N1024_e4096_ONLINE_repeated/monitor_samples.jsonl,artifact/raw/B3-formal-v1/M5-S3-measured-08-M5_I2R2_N1024_e4096_ONLINE_repeated/monitor_samples.jsonl,855c20d1f932f8ca84a6507ec31f1e2e1fa0a539dc881c60c7b4dc0276f0c7a6,EXACT_BYTES; ARCHIVE_RESTORE
artifact/raw/B3-formal-v1/M5-S3-measured-08-M5_I2R2_N1024_e65536_COLD_packed/monitor_samples.jsonl,artifact/raw/B3-formal-v1/M5-S3-measured-08-M5_I2R2_N1024_e65536_COLD_packed/monitor_samples.jsonl,77b0b711cc02304016f429a619883c934829a878db85bfb7205ff64378b9e850,EXACT_BYTES; ARCHIVE_RESTORE
artifact/raw/B3-formal-v1/M5-S3-measured-08-M5_I2R2_N1024_e65536_COLD_repeated/monitor_samples.jsonl,artifact/raw/B3-formal-v1/M5-S3-measured-08-M5_I2R2_N1024_e65536_COLD_repeated/monitor_samples.jsonl,1810e5ce88085314724dad58cd2620bdc387701bf227b97a8c82c2aa767b74c0,EXACT_BYTES; ARCHIVE_RESTORE
artifact/raw/B3-formal-v1/M5-S3-measured-08-M5_I2R2_N1024_e65536_ONLINE_packed/monitor_samples.jsonl,artifact/raw/B3-formal-v1/M5-S3-measured-08-M5_I2R2_N1024_e65536_ONLINE_packed/monitor_samples.jsonl,97fcdcc67e7f2dbb533f5f497ca7285bfb8f9dbb7a1ad80f4edc5393e2f3cacb,EXACT_BYTES; ARCHIVE_RESTORE
artifact/raw/B3-formal-v1/M5-S3-measured-08-M5_I2R2_N1024_e65536_ONLINE_repeated/monitor_samples.jsonl,artifact/raw/B3-formal-v1/M5-S3-measured-08-M5_I2R2_N1024_e65536_ONLINE_repeated/monitor_samples.jsonl,ea91fb9f5bb7b75deb3b50894b68c8054afd03e2c0046c40388c67c67876631c,EXACT_BYTES; ARCHIVE_RESTORE
artifact/raw/B3-formal-v1/M5-S3-measured-08-M5_I2R2_N1024_e8192_COLD_packed/monitor_samples.jsonl,artifact/raw/B3-formal-v1/M5-S3-measured-08-M5_I2R2_N1024_e8192_COLD_packed/monitor_samples.jsonl,d3aec1a817ad9bb27183ac9155511429c521c648d8adad73e78c5ee107ed50ef,EXACT_BYTES; ARCHIVE_RESTORE
artifact/raw/B3-formal-v1/M5-S3-measured-08-M5_I2R2_N1024_e8192_COLD_repeated/monitor_samples.jsonl,artifact/raw/B3-formal-v1/M5-S3-measured-08-M5_I2R2_N1024_e8192_COLD_repeated/monitor_samples.jsonl,7f97ceeaba83832b387bdf6c5a511dc92c9bc3b1e791944af9d236dda2cb293c,EXACT_BYTES; ARCHIVE_RESTORE
artifact/raw/B3-formal-v1/M5-S3-measured-08-M5_I2R2_N1024_e8192_ONLINE_packed/monitor_samples.jsonl,artifact/raw/B3-formal-v1/M5-S3-measured-08-M5_I2R2_N1024_e8192_ONLINE_packed/monitor_samples.jsonl,f8c4e973f9f47a071508061a6979466f0cfd51b0cf53ab72984a4c42d730afb0,EXACT_BYTES; ARCHIVE_RESTORE
artifact/raw/B3-formal-v1/M5-S3-measured-08-M5_I2R2_N1024_e8192_ONLINE_repeated/monitor_samples.jsonl,artifact/raw/B3-formal-v1/M5-S3-measured-08-M5_I2R2_N1024_e8192_ONLINE_repeated/monitor_samples.jsonl,d92c908f1ea8f62d1f073957f2584e8a6059f677035328a291c05dc59f5035af,EXACT_BYTES; ARCHIVE_RESTORE
artifact/raw/B3-formal-v1/M5-S3-measured-09-M5_I2R2_N1024_e12288_COLD_packed/monitor_samples.jsonl,artifact/raw/B3-formal-v1/M5-S3-measured-09-M5_I2R2_N1024_e12288_COLD_packed/monitor_samples.jsonl,f41c23e4e432863722ba3ce083740bef629504ad595146b18a57d8a863ed110b,EXACT_BYTES; ARCHIVE_RESTORE
artifact/raw/B3-formal-v1/M5-S3-measured-09-M5_I2R2_N1024_e12288_COLD_repeated/monitor_samples.jsonl,artifact/raw/B3-formal-v1/M5-S3-measured-09-M5_I2R2_N1024_e12288_COLD_repeated/monitor_samples.jsonl,fd13f5adbc512982d20588ad5006eaa240f1e0fb15eeb9b139f63971aec83478,EXACT_BYTES; ARCHIVE_RESTORE
artifact/raw/B3-formal-v1/M5-S3-measured-09-M5_I2R2_N1024_e12288_ONLINE_packed/monitor_samples.jsonl,artifact/raw/B3-formal-v1/M5-S3-measured-09-M5_I2R2_N1024_e12288_ONLINE_packed/monitor_samples.jsonl,e07323430a27f8d3d07bb9b9727ba37844e0eae479f66ef0ab0017f86b5004f3,EXACT_BYTES; ARCHIVE_RESTORE
artifact/raw/B3-formal-v1/M5-S3-measured-09-M5_I2R2_N1024_e12288_ONLINE_repeated/monitor_samples.jsonl,artifact/raw/B3-formal-v1/M5-S3-measured-09-M5_I2R2_N1024_e12288_ONLINE_repeated/monitor_samples.jsonl,855927547a5e5bf180625401ee7c77e26bb9ae7189f1661d572c76a448e9cea0,EXACT_BYTES; ARCHIVE_RESTORE
artifact/raw/B3-formal-v1/M5-S3-measured-09-M5_I2R2_N1024_e16384_COLD_packed/monitor_samples.jsonl,artifact/raw/B3-formal-v1/M5-S3-measured-09-M5_I2R2_N1024_e16384_COLD_packed/monitor_samples.jsonl,680dfb91ea0255388028a70ec17430b3cd2dfed7a5437cf39ed98b7851cbc48d,EXACT_BYTES; ARCHIVE_RESTORE
artifact/raw/B3-formal-v1/M5-S3-measured-09-M5_I2R2_N1024_e16384_COLD_repeated/monitor_samples.jsonl,artifact/raw/B3-formal-v1/M5-S3-measured-09-M5_I2R2_N1024_e16384_COLD_repeated/monitor_samples.jsonl,4a681717c49d39470a3022b40459f5e71e928b1ed762c052695fbef9c821ffa4,EXACT_BYTES; ARCHIVE_RESTORE
artifact/raw/B3-formal-v1/M5-S3-measured-09-M5_I2R2_N1024_e16384_ONLINE_packed/monitor_samples.jsonl,artifact/raw/B3-formal-v1/M5-S3-measured-09-M5_I2R2_N1024_e16384_ONLINE_packed/monitor_samples.jsonl,8371ce2b6a84ddf34c18cb41e015361a5822b8fdff17f98b675bb5f108402c12,EXACT_BYTES; ARCHIVE_RESTORE
artifact/raw/B3-formal-v1/M5-S3-measured-09-M5_I2R2_N1024_e16384_ONLINE_repeated/monitor_samples.jsonl,artifact/raw/B3-formal-v1/M5-S3-measured-09-M5_I2R2_N1024_e16384_ONLINE_repeated/monitor_samples.jsonl,0ebd815f0564f04801ddd476361fcc7f1bd1374cd7df0cbacc8a8acc1c61e193,EXACT_BYTES; ARCHIVE_RESTORE
artifact/raw/B3-formal-v1/M5-S3-measured-09-M5_I2R2_N1024_e4096_COLD_packed/monitor_samples.jsonl,artifact/raw/B3-formal-v1/M5-S3-measured-09-M5_I2R2_N1024_e4096_COLD_packed/monitor_samples.jsonl,a569340aba04cb07b3b793ea4b74e65e6f8c602448ceefdad87d13e8cb701ae5,EXACT_BYTES; ARCHIVE_RESTORE
artifact/raw/B3-formal-v1/M5-S3-measured-09-M5_I2R2_N1024_e4096_COLD_repeated/monitor_samples.jsonl,artifact/raw/B3-formal-v1/M5-S3-measured-09-M5_I2R2_N1024_e4096_COLD_repeated/monitor_samples.jsonl,a18459d256a1c270879cfc0dc303ba43cac48da9d3735a72abad69acf3126015,EXACT_BYTES; ARCHIVE_RESTORE
artifact/raw/B3-formal-v1/M5-S3-measured-09-M5_I2R2_N1024_e4096_ONLINE_packed/monitor_samples.jsonl,artifact/raw/B3-formal-v1/M5-S3-measured-09-M5_I2R2_N1024_e4096_ONLINE_packed/monitor_samples.jsonl,7a5bedd45467704acc4b2a382b79d3e6c639e4a65093fc6232f23c95d2867b05,EXACT_BYTES; ARCHIVE_RESTORE
artifact/raw/B3-formal-v1/M5-S3-measured-09-M5_I2R2_N1024_e4096_ONLINE_repeated/monitor_samples.jsonl,artifact/raw/B3-formal-v1/M5-S3-measured-09-M5_I2R2_N1024_e4096_ONLINE_repeated/monitor_samples.jsonl,2b3c8292a77f959dfc9de05fa0c60871c95ac23d3d62bfa4553b8841e88f5e38,EXACT_BYTES; ARCHIVE_RESTORE
artifact/raw/B3-formal-v1/M5-S3-measured-09-M5_I2R2_N1024_e65536_COLD_packed/monitor_samples.jsonl,artifact/raw/B3-formal-v1/M5-S3-measured-09-M5_I2R2_N1024_e65536_COLD_packed/monitor_samples.jsonl,c83e50a0cb733f35ad94a0f3062fa04611b137b469702ab72ec3612bcbf3a1d8,EXACT_BYTES; ARCHIVE_RESTORE
artifact/raw/B3-formal-v1/M5-S3-measured-09-M5_I2R2_N1024_e65536_COLD_repeated/monitor_samples.jsonl,artifact/raw/B3-formal-v1/M5-S3-measured-09-M5_I2R2_N1024_e65536_COLD_repeated/monitor_samples.jsonl,5e6c7fb9890c380b437b0f4ac0ad7c727ea39b10ad76f7587c0b63089789b456,EXACT_BYTES; ARCHIVE_RESTORE
artifact/raw/B3-formal-v1/M5-S3-measured-09-M5_I2R2_N1024_e65536_ONLINE_packed/monitor_samples.jsonl,artifact/raw/B3-formal-v1/M5-S3-measured-09-M5_I2R2_N1024_e65536_ONLINE_packed/monitor_samples.jsonl,48164b4cf9f9290bef09d5575ed0a747c8a8d81ade0ffdd1137ab97cbdf0845b,EXACT_BYTES; ARCHIVE_RESTORE
artifact/raw/B3-formal-v1/M5-S3-measured-09-M5_I2R2_N1024_e65536_ONLINE_repeated/monitor_samples.jsonl,artifact/raw/B3-formal-v1/M5-S3-measured-09-M5_I2R2_N1024_e65536_ONLINE_repeated/monitor_samples.jsonl,c3b9310bfd6ab66c2bb86ccadc260f810d5f8e95ed4149201ef123b99bc4071a,EXACT_BYTES; ARCHIVE_RESTORE
artifact/raw/B3-formal-v1/M5-S3-measured-09-M5_I2R2_N1024_e8192_COLD_packed/monitor_samples.jsonl,artifact/raw/B3-formal-v1/M5-S3-measured-09-M5_I2R2_N1024_e8192_COLD_packed/monitor_samples.jsonl,58aab14df7a15ad8c9b8dbe2e02299c77ba860f65583caac43c32aea0d2322ba,EXACT_BYTES; ARCHIVE_RESTORE
artifact/raw/B3-formal-v1/M5-S3-measured-09-M5_I2R2_N1024_e8192_COLD_repeated/monitor_samples.jsonl,artifact/raw/B3-formal-v1/M5-S3-measured-09-M5_I2R2_N1024_e8192_COLD_repeated/monitor_samples.jsonl,e23c3523ed568ce8346193226727a61b766a6812d676ff5ab619341e9cbf1727,EXACT_BYTES; ARCHIVE_RESTORE
artifact/raw/B3-formal-v1/M5-S3-measured-09-M5_I2R2_N1024_e8192_ONLINE_packed/monitor_samples.jsonl,artifact/raw/B3-formal-v1/M5-S3-measured-09-M5_I2R2_N1024_e8192_ONLINE_packed/monitor_samples.jsonl,b00ea96d55bc4ae39e3f9e27720c69f0cb68eda9d11db868c8ba75940b0ab72c,EXACT_BYTES; ARCHIVE_RESTORE
artifact/raw/B3-formal-v1/M5-S3-measured-09-M5_I2R2_N1024_e8192_ONLINE_repeated/monitor_samples.jsonl,artifact/raw/B3-formal-v1/M5-S3-measured-09-M5_I2R2_N1024_e8192_ONLINE_repeated/monitor_samples.jsonl,f3f6609e694a09cfba8bb8c38d886725001850d1c89b0c69fc25c93af971f418,EXACT_BYTES; ARCHIVE_RESTORE
artifact/raw/B3-formal-v1/M5-S3-measured-10-M5_I2R2_N1024_e12288_COLD_packed/monitor_samples.jsonl,artifact/raw/B3-formal-v1/M5-S3-measured-10-M5_I2R2_N1024_e12288_COLD_packed/monitor_samples.jsonl,5f4b4ced9ad37113ef32a63eadddab73d8ac883ce2f97f38f68b0a04be04c609,EXACT_BYTES; ARCHIVE_RESTORE
artifact/raw/B3-formal-v1/M5-S3-measured-10-M5_I2R2_N1024_e12288_COLD_repeated/monitor_samples.jsonl,artifact/raw/B3-formal-v1/M5-S3-measured-10-M5_I2R2_N1024_e12288_COLD_repeated/monitor_samples.jsonl,c75b4c665a710378bf0b35e549a6760a9996bb2e459d0f99e2d60be807e112eb,EXACT_BYTES; ARCHIVE_RESTORE
artifact/raw/B3-formal-v1/M5-S3-measured-10-M5_I2R2_N1024_e12288_ONLINE_packed/monitor_samples.jsonl,artifact/raw/B3-formal-v1/M5-S3-measured-10-M5_I2R2_N1024_e12288_ONLINE_packed/monitor_samples.jsonl,ab028280523672b6d11c3625cc913318e91e04c998e6e7efd23b8b695719e32a,EXACT_BYTES; ARCHIVE_RESTORE
artifact/raw/B3-formal-v1/M5-S3-measured-10-M5_I2R2_N1024_e12288_ONLINE_repeated/monitor_samples.jsonl,artifact/raw/B3-formal-v1/M5-S3-measured-10-M5_I2R2_N1024_e12288_ONLINE_repeated/monitor_samples.jsonl,57390dfe9afe814e7242662140a58e9dd2eb6218466946964ff09ea584adb33f,EXACT_BYTES; ARCHIVE_RESTORE
artifact/raw/B3-formal-v1/M5-S3-measured-10-M5_I2R2_N1024_e16384_COLD_packed/monitor_samples.jsonl,artifact/raw/B3-formal-v1/M5-S3-measured-10-M5_I2R2_N1024_e16384_COLD_packed/monitor_samples.jsonl,ed442f8ca97657d4891ab06ac1d8f36775174f161979c5a9d381a0177fdcd17e,EXACT_BYTES; ARCHIVE_RESTORE
artifact/raw/B3-formal-v1/M5-S3-measured-10-M5_I2R2_N1024_e16384_COLD_repeated/monitor_samples.jsonl,artifact/raw/B3-formal-v1/M5-S3-measured-10-M5_I2R2_N1024_e16384_COLD_repeated/monitor_samples.jsonl,945d5f30ef711a1bd1b331279877a911861cac03d2834d6208cd29b5d1fc3a15,EXACT_BYTES; ARCHIVE_RESTORE
artifact/raw/B3-formal-v1/M5-S3-measured-10-M5_I2R2_N1024_e16384_ONLINE_packed/monitor_samples.jsonl,artifact/raw/B3-formal-v1/M5-S3-measured-10-M5_I2R2_N1024_e16384_ONLINE_packed/monitor_samples.jsonl,f96ae34fae143e374df1a0d22761114c690b8cbde7caf205347f5fcff3939467,EXACT_BYTES; ARCHIVE_RESTORE
artifact/raw/B3-formal-v1/M5-S3-measured-10-M5_I2R2_N1024_e16384_ONLINE_repeated/monitor_samples.jsonl,artifact/raw/B3-formal-v1/M5-S3-measured-10-M5_I2R2_N1024_e16384_ONLINE_repeated/monitor_samples.jsonl,d895389fa948a8a3fbc09b0f34b4d877cf98449da59b5ca8ca982f2a260521f4,EXACT_BYTES; ARCHIVE_RESTORE
artifact/raw/B3-formal-v1/M5-S3-measured-10-M5_I2R2_N1024_e4096_COLD_packed/monitor_samples.jsonl,artifact/raw/B3-formal-v1/M5-S3-measured-10-M5_I2R2_N1024_e4096_COLD_packed/monitor_samples.jsonl,b33a17748c6bd40719b8c9f37ef65a19738413e0929a62da1b27fb4abb7bf1e8,EXACT_BYTES; ARCHIVE_RESTORE
artifact/raw/B3-formal-v1/M5-S3-measured-10-M5_I2R2_N1024_e4096_COLD_repeated/monitor_samples.jsonl,artifact/raw/B3-formal-v1/M5-S3-measured-10-M5_I2R2_N1024_e4096_COLD_repeated/monitor_samples.jsonl,c19d2675b8cfe4f07700d51443b2aeae44a714dc6c64d5f97c068ea10f09ab3d,EXACT_BYTES; ARCHIVE_RESTORE
artifact/raw/B3-formal-v1/M5-S3-measured-10-M5_I2R2_N1024_e4096_ONLINE_packed/monitor_samples.jsonl,artifact/raw/B3-formal-v1/M5-S3-measured-10-M5_I2R2_N1024_e4096_ONLINE_packed/monitor_samples.jsonl,1e236ad927e2b72433b9c35fe5b3aeaf1d24d72d1a71628a6d2995dd2722c237,EXACT_BYTES; ARCHIVE_RESTORE
artifact/raw/B3-formal-v1/M5-S3-measured-10-M5_I2R2_N1024_e4096_ONLINE_repeated/monitor_samples.jsonl,artifact/raw/B3-formal-v1/M5-S3-measured-10-M5_I2R2_N1024_e4096_ONLINE_repeated/monitor_samples.jsonl,aa9d5b8405ae2a88222871a9d29e6bae6eddbb0fced1ef957201e66527a1f130,EXACT_BYTES; ARCHIVE_RESTORE
artifact/raw/B3-formal-v1/M5-S3-measured-10-M5_I2R2_N1024_e65536_COLD_packed/monitor_samples.jsonl,artifact/raw/B3-formal-v1/M5-S3-measured-10-M5_I2R2_N1024_e65536_COLD_packed/monitor_samples.jsonl,0efd32fc33ae6be58285b237b4a2c91cb7d73f0f2227a4c4b7d02791e501a4a2,EXACT_BYTES; ARCHIVE_RESTORE
artifact/raw/B3-formal-v1/M5-S3-measured-10-M5_I2R2_N1024_e65536_COLD_repeated/monitor_samples.jsonl,artifact/raw/B3-formal-v1/M5-S3-measured-10-M5_I2R2_N1024_e65536_COLD_repeated/monitor_samples.jsonl,fd347146ba6dbd14b202df174c85b730ea9da53e48aadd60bd1920141b6c4a08,EXACT_BYTES; ARCHIVE_RESTORE
artifact/raw/B3-formal-v1/M5-S3-measured-10-M5_I2R2_N1024_e65536_ONLINE_packed/monitor_samples.jsonl,artifact/raw/B3-formal-v1/M5-S3-measured-10-M5_I2R2_N1024_e65536_ONLINE_packed/monitor_samples.jsonl,1feb7c7e98bb03e623fe0f06ba1e36737c8e9cbef249a56aef098f4bf069be6d,EXACT_BYTES; ARCHIVE_RESTORE
artifact/raw/B3-formal-v1/M5-S3-measured-10-M5_I2R2_N1024_e65536_ONLINE_repeated/monitor_samples.jsonl,artifact/raw/B3-formal-v1/M5-S3-measured-10-M5_I2R2_N1024_e65536_ONLINE_repeated/monitor_samples.jsonl,7fcdc786685af77ddfa5301a2c2055ee543183638c48746930947527106eac61,EXACT_BYTES; ARCHIVE_RESTORE
artifact/raw/B3-formal-v1/M5-S3-measured-10-M5_I2R2_N1024_e8192_COLD_packed/monitor_samples.jsonl,artifact/raw/B3-formal-v1/M5-S3-measured-10-M5_I2R2_N1024_e8192_COLD_packed/monitor_samples.jsonl,be1b34c433de89f712580eab96f36b93da8c73582f4299fb7838234d773fce92,EXACT_BYTES; ARCHIVE_RESTORE
artifact/raw/B3-formal-v1/M5-S3-measured-10-M5_I2R2_N1024_e8192_COLD_repeated/monitor_samples.jsonl,artifact/raw/B3-formal-v1/M5-S3-measured-10-M5_I2R2_N1024_e8192_COLD_repeated/monitor_samples.jsonl,9b3d08087290a5d228c7a347278a0824ef40f90e60ebc05491510b2ce728b8af,EXACT_BYTES; ARCHIVE_RESTORE
artifact/raw/B3-formal-v1/M5-S3-measured-10-M5_I2R2_N1024_e8192_ONLINE_packed/monitor_samples.jsonl,artifact/raw/B3-formal-v1/M5-S3-measured-10-M5_I2R2_N1024_e8192_ONLINE_packed/monitor_samples.jsonl,c585c9694709ed19c74855757348c89ce3f2df957d5a7aeac2ddac50418b0da8,EXACT_BYTES; ARCHIVE_RESTORE
artifact/raw/B3-formal-v1/M5-S3-measured-10-M5_I2R2_N1024_e8192_ONLINE_repeated/monitor_samples.jsonl,artifact/raw/B3-formal-v1/M5-S3-measured-10-M5_I2R2_N1024_e8192_ONLINE_repeated/monitor_samples.jsonl,ca5d89f027cc92db723d58a704734f69ba2e67d6a73c0f345951bb79659785b7,EXACT_BYTES; ARCHIVE_RESTORE
artifact/raw/B3-formal-v1/M5-S3-warmup-01-M5_I2R2_N1024_e12288_COLD_packed/monitor_samples.jsonl,artifact/raw/B3-formal-v1/M5-S3-warmup-01-M5_I2R2_N1024_e12288_COLD_packed/monitor_samples.jsonl,4200e7de6b954b29e57433af497959584dceeb962fed3862cfece2cff483be2e,EXACT_BYTES; ARCHIVE_RESTORE
artifact/raw/B3-formal-v1/M5-S3-warmup-01-M5_I2R2_N1024_e12288_COLD_repeated/monitor_samples.jsonl,artifact/raw/B3-formal-v1/M5-S3-warmup-01-M5_I2R2_N1024_e12288_COLD_repeated/monitor_samples.jsonl,e27ad16b388e19d287728b1ffac3847cc3ada2c2bb3af53303b84fc95ab6d9c3,EXACT_BYTES; ARCHIVE_RESTORE
artifact/raw/B3-formal-v1/M5-S3-warmup-01-M5_I2R2_N1024_e12288_ONLINE_packed/monitor_samples.jsonl,artifact/raw/B3-formal-v1/M5-S3-warmup-01-M5_I2R2_N1024_e12288_ONLINE_packed/monitor_samples.jsonl,5bc0774b15b424f76a3c05df186c439beb8e7c6a78660696cf401b4a851945e6,EXACT_BYTES; ARCHIVE_RESTORE
artifact/raw/B3-formal-v1/M5-S3-warmup-01-M5_I2R2_N1024_e12288_ONLINE_repeated/monitor_samples.jsonl,artifact/raw/B3-formal-v1/M5-S3-warmup-01-M5_I2R2_N1024_e12288_ONLINE_repeated/monitor_samples.jsonl,713fc58cf967fe6459cadefffae23b7b59e836ac1063bb126be729cd07e4ecad,EXACT_BYTES; ARCHIVE_RESTORE
artifact/raw/B3-formal-v1/M5-S3-warmup-01-M5_I2R2_N1024_e16384_COLD_packed/monitor_samples.jsonl,artifact/raw/B3-formal-v1/M5-S3-warmup-01-M5_I2R2_N1024_e16384_COLD_packed/monitor_samples.jsonl,4e79d33f881e1bfa1d42546e35341371e222b54fb134f791ae97973db5f2cf48,EXACT_BYTES; ARCHIVE_RESTORE
artifact/raw/B3-formal-v1/M5-S3-warmup-01-M5_I2R2_N1024_e16384_COLD_repeated/monitor_samples.jsonl,artifact/raw/B3-formal-v1/M5-S3-warmup-01-M5_I2R2_N1024_e16384_COLD_repeated/monitor_samples.jsonl,72b992621872bb506983aa5249ec949c8b3c8d21c054cb71ec62ca6455d00a59,EXACT_BYTES; ARCHIVE_RESTORE
artifact/raw/B3-formal-v1/M5-S3-warmup-01-M5_I2R2_N1024_e16384_ONLINE_packed/monitor_samples.jsonl,artifact/raw/B3-formal-v1/M5-S3-warmup-01-M5_I2R2_N1024_e16384_ONLINE_packed/monitor_samples.jsonl,723b1359cde933d96ec4460c17e649726378ea391c5b97b6a29eed775456914b,EXACT_BYTES; ARCHIVE_RESTORE
artifact/raw/B3-formal-v1/M5-S3-warmup-01-M5_I2R2_N1024_e16384_ONLINE_repeated/monitor_samples.jsonl,artifact/raw/B3-formal-v1/M5-S3-warmup-01-M5_I2R2_N1024_e16384_ONLINE_repeated/monitor_samples.jsonl,fa0aca99c07b61a809d020d9a48833b9b4c9565f7eb03d1865b80f2305c85319,EXACT_BYTES; ARCHIVE_RESTORE
artifact/raw/B3-formal-v1/M5-S3-warmup-01-M5_I2R2_N1024_e4096_COLD_packed/monitor_samples.jsonl,artifact/raw/B3-formal-v1/M5-S3-warmup-01-M5_I2R2_N1024_e4096_COLD_packed/monitor_samples.jsonl,7a8c0d42405a59ce83d461759146a1b5d3a51559ee4a413996e60e04e0b5fe5b,EXACT_BYTES; ARCHIVE_RESTORE
artifact/raw/B3-formal-v1/M5-S3-warmup-01-M5_I2R2_N1024_e4096_COLD_repeated/monitor_samples.jsonl,artifact/raw/B3-formal-v1/M5-S3-warmup-01-M5_I2R2_N1024_e4096_COLD_repeated/monitor_samples.jsonl,5c8cdfe0397eb28bb2c8b80cf71a936cf13f267a7372b55b8ce29fb7f3b86c4c,EXACT_BYTES; ARCHIVE_RESTORE
artifact/raw/B3-formal-v1/M5-S3-warmup-01-M5_I2R2_N1024_e4096_ONLINE_packed/monitor_samples.jsonl,artifact/raw/B3-formal-v1/M5-S3-warmup-01-M5_I2R2_N1024_e4096_ONLINE_packed/monitor_samples.jsonl,df451f29a383ca6dbe3478a31fedee2fb7d1f28e5810bd2153b7f3f3bc7f9103,EXACT_BYTES; ARCHIVE_RESTORE
artifact/raw/B3-formal-v1/M5-S3-warmup-01-M5_I2R2_N1024_e4096_ONLINE_repeated/monitor_samples.jsonl,artifact/raw/B3-formal-v1/M5-S3-warmup-01-M5_I2R2_N1024_e4096_ONLINE_repeated/monitor_samples.jsonl,f298742a33ea65b1d286d45f76e060c68568619d28ee34feafc7175bb9e980a4,EXACT_BYTES; ARCHIVE_RESTORE
artifact/raw/B3-formal-v1/M5-S3-warmup-01-M5_I2R2_N1024_e65536_COLD_packed/monitor_samples.jsonl,artifact/raw/B3-formal-v1/M5-S3-warmup-01-M5_I2R2_N1024_e65536_COLD_packed/monitor_samples.jsonl,6a2589440f4b83de4c1ec249315be4ad1f85f93a094053de8a1bb9c143699f94,EXACT_BYTES; ARCHIVE_RESTORE
artifact/raw/B3-formal-v1/M5-S3-warmup-01-M5_I2R2_N1024_e65536_COLD_repeated/monitor_samples.jsonl,artifact/raw/B3-formal-v1/M5-S3-warmup-01-M5_I2R2_N1024_e65536_COLD_repeated/monitor_samples.jsonl,75ca90cd3df2ad50c225b9bd1f8fea0195f4fc8a0e4807229bcbdee927e7778e,EXACT_BYTES; ARCHIVE_RESTORE
artifact/raw/B3-formal-v1/M5-S3-warmup-01-M5_I2R2_N1024_e65536_ONLINE_packed/monitor_samples.jsonl,artifact/raw/B3-formal-v1/M5-S3-warmup-01-M5_I2R2_N1024_e65536_ONLINE_packed/monitor_samples.jsonl,9f14ee0cc82a2ebc71a11dee694a93322b1ceb6d4d735a810acbdba57977c412,EXACT_BYTES; ARCHIVE_RESTORE
artifact/raw/B3-formal-v1/M5-S3-warmup-01-M5_I2R2_N1024_e65536_ONLINE_repeated/monitor_samples.jsonl,artifact/raw/B3-formal-v1/M5-S3-warmup-01-M5_I2R2_N1024_e65536_ONLINE_repeated/monitor_samples.jsonl,54157ebb4a2f7f14c8c77a7c8422fc31c68cb2594a33c637326dfc125f92d19d,EXACT_BYTES; ARCHIVE_RESTORE
artifact/raw/B3-formal-v1/M5-S3-warmup-01-M5_I2R2_N1024_e8192_COLD_packed/monitor_samples.jsonl,artifact/raw/B3-formal-v1/M5-S3-warmup-01-M5_I2R2_N1024_e8192_COLD_packed/monitor_samples.jsonl,31eaa97e8c8f3d8734545e6dff5c3cb45464263424cf35a257d1fa09a53d1ad7,EXACT_BYTES; ARCHIVE_RESTORE
artifact/raw/B3-formal-v1/M5-S3-warmup-01-M5_I2R2_N1024_e8192_COLD_repeated/monitor_samples.jsonl,artifact/raw/B3-formal-v1/M5-S3-warmup-01-M5_I2R2_N1024_e8192_COLD_repeated/monitor_samples.jsonl,6a3732af384040b0ab216ae9dda1c388852fcb22edad79871b34ce9f2577d693,EXACT_BYTES; ARCHIVE_RESTORE
artifact/raw/B3-formal-v1/M5-S3-warmup-01-M5_I2R2_N1024_e8192_ONLINE_packed/monitor_samples.jsonl,artifact/raw/B3-formal-v1/M5-S3-warmup-01-M5_I2R2_N1024_e8192_ONLINE_packed/monitor_samples.jsonl,f3556cbc153adc57841e5b6431af8da78a7ccb14f635d7e66b759a1bc7eae3fd,EXACT_BYTES; ARCHIVE_RESTORE
artifact/raw/B3-formal-v1/M5-S3-warmup-01-M5_I2R2_N1024_e8192_ONLINE_repeated/monitor_samples.jsonl,artifact/raw/B3-formal-v1/M5-S3-warmup-01-M5_I2R2_N1024_e8192_ONLINE_repeated/monitor_samples.jsonl,2b6d1ee99058ed84b3aa44a3acb2ed0d263d5dcaad49376d7ad8d10cf7714985,EXACT_BYTES; ARCHIVE_RESTORE
artifact/raw/B3-formal-v1/M5-S3-warmup-02-M5_I2R2_N1024_e12288_COLD_packed/monitor_samples.jsonl,artifact/raw/B3-formal-v1/M5-S3-warmup-02-M5_I2R2_N1024_e12288_COLD_packed/monitor_samples.jsonl,fcf7a58a9ef765322f5288712045986af53cb1caeb959fa61ac082f495369209,EXACT_BYTES; ARCHIVE_RESTORE
artifact/raw/B3-formal-v1/M5-S3-warmup-02-M5_I2R2_N1024_e12288_COLD_repeated/monitor_samples.jsonl,artifact/raw/B3-formal-v1/M5-S3-warmup-02-M5_I2R2_N1024_e12288_COLD_repeated/monitor_samples.jsonl,fa6917e27d89e8efc00d2a4e9b22577bd863341904901a39c29289896c42c80a,EXACT_BYTES; ARCHIVE_RESTORE
artifact/raw/B3-formal-v1/M5-S3-warmup-02-M5_I2R2_N1024_e12288_ONLINE_packed/monitor_samples.jsonl,artifact/raw/B3-formal-v1/M5-S3-warmup-02-M5_I2R2_N1024_e12288_ONLINE_packed/monitor_samples.jsonl,0d9aeb05633f3645b9dbf1e639c095b7d0b83fbf68a4b2af1981766c0522b973,EXACT_BYTES; ARCHIVE_RESTORE
artifact/raw/B3-formal-v1/M5-S3-warmup-02-M5_I2R2_N1024_e12288_ONLINE_repeated/monitor_samples.jsonl,artifact/raw/B3-formal-v1/M5-S3-warmup-02-M5_I2R2_N1024_e12288_ONLINE_repeated/monitor_samples.jsonl,e5edb24bbebe2905afa1feb70c6c91589044bcff55c877480808f7bd48c2d7d6,EXACT_BYTES; ARCHIVE_RESTORE
artifact/raw/B3-formal-v1/M5-S3-warmup-02-M5_I2R2_N1024_e16384_COLD_packed/monitor_samples.jsonl,artifact/raw/B3-formal-v1/M5-S3-warmup-02-M5_I2R2_N1024_e16384_COLD_packed/monitor_samples.jsonl,152e573c53eb17d3872f7b9f9a7c1f0d8467144d238e6bb0401c73e0a5392145,EXACT_BYTES; ARCHIVE_RESTORE
artifact/raw/B3-formal-v1/M5-S3-warmup-02-M5_I2R2_N1024_e16384_COLD_repeated/monitor_samples.jsonl,artifact/raw/B3-formal-v1/M5-S3-warmup-02-M5_I2R2_N1024_e16384_COLD_repeated/monitor_samples.jsonl,a7d892cda665c2683a39dea557cf6e540eb89e9147a9a8839fa59f89a24c3348,EXACT_BYTES; ARCHIVE_RESTORE
artifact/raw/B3-formal-v1/M5-S3-warmup-02-M5_I2R2_N1024_e16384_ONLINE_packed/monitor_samples.jsonl,artifact/raw/B3-formal-v1/M5-S3-warmup-02-M5_I2R2_N1024_e16384_ONLINE_packed/monitor_samples.jsonl,f946217164924b5c085ecd11abc182d140c78324c887da7ca84cb0a669ed42aa,EXACT_BYTES; ARCHIVE_RESTORE
artifact/raw/B3-formal-v1/M5-S3-warmup-02-M5_I2R2_N1024_e16384_ONLINE_repeated/monitor_samples.jsonl,artifact/raw/B3-formal-v1/M5-S3-warmup-02-M5_I2R2_N1024_e16384_ONLINE_repeated/monitor_samples.jsonl,7e2daf1dc6ca460d2a3a93cddc815bdfe188cb977edc2f508412dc3abd92d2e9,EXACT_BYTES; ARCHIVE_RESTORE
artifact/raw/B3-formal-v1/M5-S3-warmup-02-M5_I2R2_N1024_e4096_COLD_packed/monitor_samples.jsonl,artifact/raw/B3-formal-v1/M5-S3-warmup-02-M5_I2R2_N1024_e4096_COLD_packed/monitor_samples.jsonl,b125db55198e829c30e3b17d58a47aa904708018bdf393d48a0b1641a96dc3ef,EXACT_BYTES; ARCHIVE_RESTORE
artifact/raw/B3-formal-v1/M5-S3-warmup-02-M5_I2R2_N1024_e4096_COLD_repeated/monitor_samples.jsonl,artifact/raw/B3-formal-v1/M5-S3-warmup-02-M5_I2R2_N1024_e4096_COLD_repeated/monitor_samples.jsonl,5ec0265dec86191f123fa3d13903837d9ee5c963ce81a32af0370a501f750b1e,EXACT_BYTES; ARCHIVE_RESTORE
artifact/raw/B3-formal-v1/M5-S3-warmup-02-M5_I2R2_N1024_e4096_ONLINE_packed/monitor_samples.jsonl,artifact/raw/B3-formal-v1/M5-S3-warmup-02-M5_I2R2_N1024_e4096_ONLINE_packed/monitor_samples.jsonl,04ab610237e2df68f5f2b43162405e088b5177559714353b17832f086b35ebd1,EXACT_BYTES; ARCHIVE_RESTORE
artifact/raw/B3-formal-v1/M5-S3-warmup-02-M5_I2R2_N1024_e4096_ONLINE_repeated/monitor_samples.jsonl,artifact/raw/B3-formal-v1/M5-S3-warmup-02-M5_I2R2_N1024_e4096_ONLINE_repeated/monitor_samples.jsonl,6505d709a19803b116ed5ad0cfc7a5996e159d0edb74b6e5cdf6b271764071c0,EXACT_BYTES; ARCHIVE_RESTORE
artifact/raw/B3-formal-v1/M5-S3-warmup-02-M5_I2R2_N1024_e65536_COLD_packed/monitor_samples.jsonl,artifact/raw/B3-formal-v1/M5-S3-warmup-02-M5_I2R2_N1024_e65536_COLD_packed/monitor_samples.jsonl,4870ad15aaf32a0242fee088098da42ffa3805882c8f72f8e048f4acf6055b33,EXACT_BYTES; ARCHIVE_RESTORE
artifact/raw/B3-formal-v1/M5-S3-warmup-02-M5_I2R2_N1024_e65536_COLD_repeated/monitor_samples.jsonl,artifact/raw/B3-formal-v1/M5-S3-warmup-02-M5_I2R2_N1024_e65536_COLD_repeated/monitor_samples.jsonl,e74f56e78f5b52677119751bfa311e9e0b761a17b5e72f8bb19a8b4aae73c65e,EXACT_BYTES; ARCHIVE_RESTORE
artifact/raw/B3-formal-v1/M5-S3-warmup-02-M5_I2R2_N1024_e65536_ONLINE_packed/monitor_samples.jsonl,artifact/raw/B3-formal-v1/M5-S3-warmup-02-M5_I2R2_N1024_e65536_ONLINE_packed/monitor_samples.jsonl,df3c2376a270c75830eb1f1e706444811f754f2416bd790293123ff63be2a28f,EXACT_BYTES; ARCHIVE_RESTORE
artifact/raw/B3-formal-v1/M5-S3-warmup-02-M5_I2R2_N1024_e65536_ONLINE_repeated/monitor_samples.jsonl,artifact/raw/B3-formal-v1/M5-S3-warmup-02-M5_I2R2_N1024_e65536_ONLINE_repeated/monitor_samples.jsonl,73fbf17cc4eca0fb3a16833008cf54eca0a25007ec0ddb3f7912b8f07924406d,EXACT_BYTES; ARCHIVE_RESTORE
artifact/raw/B3-formal-v1/M5-S3-warmup-02-M5_I2R2_N1024_e8192_COLD_packed/monitor_samples.jsonl,artifact/raw/B3-formal-v1/M5-S3-warmup-02-M5_I2R2_N1024_e8192_COLD_packed/monitor_samples.jsonl,1a9b10e21fcd1af5ba13e35be23188a41a1481654815ca1818e461e2425011e3,EXACT_BYTES; ARCHIVE_RESTORE
artifact/raw/B3-formal-v1/M5-S3-warmup-02-M5_I2R2_N1024_e8192_COLD_repeated/monitor_samples.jsonl,artifact/raw/B3-formal-v1/M5-S3-warmup-02-M5_I2R2_N1024_e8192_COLD_repeated/monitor_samples.jsonl,e2edf5ce0c9283f96fe8fd49f98b62776966a7094686685cbf2ae44704826cf9,EXACT_BYTES; ARCHIVE_RESTORE
artifact/raw/B3-formal-v1/M5-S3-warmup-02-M5_I2R2_N1024_e8192_ONLINE_packed/monitor_samples.jsonl,artifact/raw/B3-formal-v1/M5-S3-warmup-02-M5_I2R2_N1024_e8192_ONLINE_packed/monitor_samples.jsonl,54871b6222526d6664a91973915d28cee39fa37d851240cd4ea766ab021f090c,EXACT_BYTES; ARCHIVE_RESTORE
artifact/raw/B3-formal-v1/M5-S3-warmup-02-M5_I2R2_N1024_e8192_ONLINE_repeated/monitor_samples.jsonl,artifact/raw/B3-formal-v1/M5-S3-warmup-02-M5_I2R2_N1024_e8192_ONLINE_repeated/monitor_samples.jsonl,fef3c772ffcbdf57d1c51d6af71bafa14d218427fd3482a8fd01fb51a3b7a96f,EXACT_BYTES; ARCHIVE_RESTORE
artifact/raw/B3-formal-v1/M5-S3-warmup-03-M5_I2R2_N1024_e12288_COLD_packed/monitor_samples.jsonl,artifact/raw/B3-formal-v1/M5-S3-warmup-03-M5_I2R2_N1024_e12288_COLD_packed/monitor_samples.jsonl,c7219135aeeff3d5244992cc0c2c97f593b9b62938b49bc61e49fa4e4962d834,EXACT_BYTES; ARCHIVE_RESTORE
artifact/raw/B3-formal-v1/M5-S3-warmup-03-M5_I2R2_N1024_e12288_COLD_repeated/monitor_samples.jsonl,artifact/raw/B3-formal-v1/M5-S3-warmup-03-M5_I2R2_N1024_e12288_COLD_repeated/monitor_samples.jsonl,beff21351e58da970ec1cf03001db4616539470b3b1b4f180c8ba59ee6a3c763,EXACT_BYTES; ARCHIVE_RESTORE
artifact/raw/B3-formal-v1/M5-S3-warmup-03-M5_I2R2_N1024_e12288_ONLINE_packed/monitor_samples.jsonl,artifact/raw/B3-formal-v1/M5-S3-warmup-03-M5_I2R2_N1024_e12288_ONLINE_packed/monitor_samples.jsonl,7d3a5cfd0bcf58537560af00bea7cecfe1c447ff1ca126ee0ffd4f7f7d6b1d19,EXACT_BYTES; ARCHIVE_RESTORE
artifact/raw/B3-formal-v1/M5-S3-warmup-03-M5_I2R2_N1024_e12288_ONLINE_repeated/monitor_samples.jsonl,artifact/raw/B3-formal-v1/M5-S3-warmup-03-M5_I2R2_N1024_e12288_ONLINE_repeated/monitor_samples.jsonl,1c154b3fd95b1c3cbf7216a43461ab2849de736a0d8fd732210762908d7c4ed4,EXACT_BYTES; ARCHIVE_RESTORE
artifact/raw/B3-formal-v1/M5-S3-warmup-03-M5_I2R2_N1024_e16384_COLD_packed/monitor_samples.jsonl,artifact/raw/B3-formal-v1/M5-S3-warmup-03-M5_I2R2_N1024_e16384_COLD_packed/monitor_samples.jsonl,a44843f7feec0d0fe0df684f913acef89b9c988b324aaaa40e6dccce51f79ec0,EXACT_BYTES; ARCHIVE_RESTORE
artifact/raw/B3-formal-v1/M5-S3-warmup-03-M5_I2R2_N1024_e16384_COLD_repeated/monitor_samples.jsonl,artifact/raw/B3-formal-v1/M5-S3-warmup-03-M5_I2R2_N1024_e16384_COLD_repeated/monitor_samples.jsonl,3a5f7a1476ac38dce0285df899efb1b4ae7695aaffc777d1271cdae95b48e5e3,EXACT_BYTES; ARCHIVE_RESTORE
artifact/raw/B3-formal-v1/M5-S3-warmup-03-M5_I2R2_N1024_e16384_ONLINE_packed/monitor_samples.jsonl,artifact/raw/B3-formal-v1/M5-S3-warmup-03-M5_I2R2_N1024_e16384_ONLINE_packed/monitor_samples.jsonl,12a068a30ab26a341b664218c609708bb1dcd5e9dfde3826d72f10414f894a9c,EXACT_BYTES; ARCHIVE_RESTORE
artifact/raw/B3-formal-v1/M5-S3-warmup-03-M5_I2R2_N1024_e16384_ONLINE_repeated/monitor_samples.jsonl,artifact/raw/B3-formal-v1/M5-S3-warmup-03-M5_I2R2_N1024_e16384_ONLINE_repeated/monitor_samples.jsonl,a47dbbdcc38ccb663b8e89d7f7be7ba39fa79561cc47a3714aaba666ff610866,EXACT_BYTES; ARCHIVE_RESTORE
artifact/raw/B3-formal-v1/M5-S3-warmup-03-M5_I2R2_N1024_e4096_COLD_packed/monitor_samples.jsonl,artifact/raw/B3-formal-v1/M5-S3-warmup-03-M5_I2R2_N1024_e4096_COLD_packed/monitor_samples.jsonl,5776d1bda239652b92ee9d3dbadd0e3a7a5501cd01d0102240ceb7af8a19f4c7,EXACT_BYTES; ARCHIVE_RESTORE
artifact/raw/B3-formal-v1/M5-S3-warmup-03-M5_I2R2_N1024_e4096_COLD_repeated/monitor_samples.jsonl,artifact/raw/B3-formal-v1/M5-S3-warmup-03-M5_I2R2_N1024_e4096_COLD_repeated/monitor_samples.jsonl,34bbdcfde6930157e1a7164011135f4cf8e31c2103a3b49b93b53d6978fadd7b,EXACT_BYTES; ARCHIVE_RESTORE
artifact/raw/B3-formal-v1/M5-S3-warmup-03-M5_I2R2_N1024_e4096_ONLINE_packed/monitor_samples.jsonl,artifact/raw/B3-formal-v1/M5-S3-warmup-03-M5_I2R2_N1024_e4096_ONLINE_packed/monitor_samples.jsonl,d72b82d4a44d44139cb4a717cd8ddf6779cf9d5247458cfcdf3816e62dccb485,EXACT_BYTES; ARCHIVE_RESTORE
artifact/raw/B3-formal-v1/M5-S3-warmup-03-M5_I2R2_N1024_e4096_ONLINE_repeated/monitor_samples.jsonl,artifact/raw/B3-formal-v1/M5-S3-warmup-03-M5_I2R2_N1024_e4096_ONLINE_repeated/monitor_samples.jsonl,441c1d11fe0f5ca0f9c9e7677f8ad56bc930acde93b812b0d274317fa6be9fbb,EXACT_BYTES; ARCHIVE_RESTORE
artifact/raw/B3-formal-v1/M5-S3-warmup-03-M5_I2R2_N1024_e65536_COLD_packed/monitor_samples.jsonl,artifact/raw/B3-formal-v1/M5-S3-warmup-03-M5_I2R2_N1024_e65536_COLD_packed/monitor_samples.jsonl,1cf32f914cfbd025e48ddccb519fca2523fcbe0600d85a39d584e22711d982bf,EXACT_BYTES; ARCHIVE_RESTORE
artifact/raw/B3-formal-v1/M5-S3-warmup-03-M5_I2R2_N1024_e65536_COLD_repeated/monitor_samples.jsonl,artifact/raw/B3-formal-v1/M5-S3-warmup-03-M5_I2R2_N1024_e65536_COLD_repeated/monitor_samples.jsonl,23c2e7fd8c6f4cc2a15d13ec7092c50ddae524f9ceafc1888245069f7fadf78b,EXACT_BYTES; ARCHIVE_RESTORE
artifact/raw/B3-formal-v1/M5-S3-warmup-03-M5_I2R2_N1024_e65536_ONLINE_packed/monitor_samples.jsonl,artifact/raw/B3-formal-v1/M5-S3-warmup-03-M5_I2R2_N1024_e65536_ONLINE_packed/monitor_samples.jsonl,40b55a0504536045d8984900ae63942c921ca54f29e12508c3b9db1565e4e6d4,EXACT_BYTES; ARCHIVE_RESTORE
artifact/raw/B3-formal-v1/M5-S3-warmup-03-M5_I2R2_N1024_e65536_ONLINE_repeated/monitor_samples.jsonl,artifact/raw/B3-formal-v1/M5-S3-warmup-03-M5_I2R2_N1024_e65536_ONLINE_repeated/monitor_samples.jsonl,941af3e1d63dc37d20b4539e44f684c37fbfc209928582753186a69cfc9a48a2,EXACT_BYTES; ARCHIVE_RESTORE
artifact/raw/B3-formal-v1/M5-S3-warmup-03-M5_I2R2_N1024_e8192_COLD_packed/monitor_samples.jsonl,artifact/raw/B3-formal-v1/M5-S3-warmup-03-M5_I2R2_N1024_e8192_COLD_packed/monitor_samples.jsonl,3eb7957f0f6335662d7bda71c0f434321e7900c1863b5e1872f604a63ced505a,EXACT_BYTES; ARCHIVE_RESTORE
artifact/raw/B3-formal-v1/M5-S3-warmup-03-M5_I2R2_N1024_e8192_COLD_repeated/monitor_samples.jsonl,artifact/raw/B3-formal-v1/M5-S3-warmup-03-M5_I2R2_N1024_e8192_COLD_repeated/monitor_samples.jsonl,a3637c87ed70f23d8a75039a43080273cf6f3771deabfb1895a00353fa68628c,EXACT_BYTES; ARCHIVE_RESTORE
artifact/raw/B3-formal-v1/M5-S3-warmup-03-M5_I2R2_N1024_e8192_ONLINE_packed/monitor_samples.jsonl,artifact/raw/B3-formal-v1/M5-S3-warmup-03-M5_I2R2_N1024_e8192_ONLINE_packed/monitor_samples.jsonl,184341cd48f74609b6a506c7bf7e5a5c5c40ec25cfc4756d90ef26be517cd689,EXACT_BYTES; ARCHIVE_RESTORE
artifact/raw/B3-formal-v1/M5-S3-warmup-03-M5_I2R2_N1024_e8192_ONLINE_repeated/monitor_samples.jsonl,artifact/raw/B3-formal-v1/M5-S3-warmup-03-M5_I2R2_N1024_e8192_ONLINE_repeated/monitor_samples.jsonl,838321395ece6f7789735df5ca46e8b639dfb0f90a70f9e7ef786bc6acddba60,EXACT_BYTES; ARCHIVE_RESTORE
artifact/raw/B3-formal-v1/M6-S1-measured-01-M6_I1R1_N1024_e512_COLD_packed/monitor_samples.jsonl,artifact/raw/B3-formal-v1/M6-S1-measured-01-M6_I1R1_N1024_e512_COLD_packed/monitor_samples.jsonl,ef35eb75a552d41dcce696136a5dd7015cc54c2233e701ccb310c32cd52ec7ac,EXACT_BYTES; ARCHIVE_RESTORE
artifact/raw/B3-formal-v1/M6-S1-measured-01-M6_I1R1_N1024_e512_COLD_repeated/monitor_samples.jsonl,artifact/raw/B3-formal-v1/M6-S1-measured-01-M6_I1R1_N1024_e512_COLD_repeated/monitor_samples.jsonl,cbe46e2818c64e724766b0a80fec739563109295e67defd00427246341aac541,EXACT_BYTES; ARCHIVE_RESTORE
artifact/raw/B3-formal-v1/M6-S1-measured-01-M6_I1R1_N1024_e512_ONLINE_packed/monitor_samples.jsonl,artifact/raw/B3-formal-v1/M6-S1-measured-01-M6_I1R1_N1024_e512_ONLINE_packed/monitor_samples.jsonl,f8056e4a82e0e562e7a05ec4a0a6a528c0a81160d34e4687496c61c8b691d654,EXACT_BYTES; ARCHIVE_RESTORE
artifact/raw/B3-formal-v1/M6-S1-measured-01-M6_I1R1_N1024_e512_ONLINE_repeated/monitor_samples.jsonl,artifact/raw/B3-formal-v1/M6-S1-measured-01-M6_I1R1_N1024_e512_ONLINE_repeated/monitor_samples.jsonl,685bcc3107869793d4fbdc6aa3e3b24b8ec8338c6739c7a88a0c38e4b9576998,EXACT_BYTES; ARCHIVE_RESTORE
artifact/raw/B3-formal-v1/M6-S1-measured-01-M6_I1R2_N1024_e512_COLD_packed/monitor_samples.jsonl,artifact/raw/B3-formal-v1/M6-S1-measured-01-M6_I1R2_N1024_e512_COLD_packed/monitor_samples.jsonl,ecd3b198c255875622be984424d06a16a2a7bb1acbfc3a19b0084ea9c2dc873d,EXACT_BYTES; ARCHIVE_RESTORE
artifact/raw/B3-formal-v1/M6-S1-measured-01-M6_I1R2_N1024_e512_COLD_repeated/monitor_samples.jsonl,artifact/raw/B3-formal-v1/M6-S1-measured-01-M6_I1R2_N1024_e512_COLD_repeated/monitor_samples.jsonl,ae3421ee93e79471b76197a4d6a3a60f24a02c3ce840effd92ad197be416e7a5,EXACT_BYTES; ARCHIVE_RESTORE
artifact/raw/B3-formal-v1/M6-S1-measured-01-M6_I1R2_N1024_e512_ONLINE_packed/monitor_samples.jsonl,artifact/raw/B3-formal-v1/M6-S1-measured-01-M6_I1R2_N1024_e512_ONLINE_packed/monitor_samples.jsonl,84b752c6b1cad0016f2383933d7bfcc4ef34c3334d15a656d126849206215b79,EXACT_BYTES; ARCHIVE_RESTORE
artifact/raw/B3-formal-v1/M6-S1-measured-01-M6_I1R2_N1024_e512_ONLINE_repeated/monitor_samples.jsonl,artifact/raw/B3-formal-v1/M6-S1-measured-01-M6_I1R2_N1024_e512_ONLINE_repeated/monitor_samples.jsonl,b068bc245cae8b26ba4196234783cc3912d982bf6f7be4fbd37289a2214f7ac6,EXACT_BYTES; ARCHIVE_RESTORE
artifact/raw/B3-formal-v1/M6-S1-measured-01-M6_I2R1_N1024_e512_COLD_packed/monitor_samples.jsonl,artifact/raw/B3-formal-v1/M6-S1-measured-01-M6_I2R1_N1024_e512_COLD_packed/monitor_samples.jsonl,9171cd7fa329b17854bb9765e22854d1bcce27d57776947b0ac70b569f134197,EXACT_BYTES; ARCHIVE_RESTORE
artifact/raw/B3-formal-v1/M6-S1-measured-01-M6_I2R1_N1024_e512_COLD_repeated/monitor_samples.jsonl,artifact/raw/B3-formal-v1/M6-S1-measured-01-M6_I2R1_N1024_e512_COLD_repeated/monitor_samples.jsonl,28cc7a721595ba9bcea0d938bffe1686351649dba70d563320e91b4e188f6929,EXACT_BYTES; ARCHIVE_RESTORE
artifact/raw/B3-formal-v1/M6-S1-measured-01-M6_I2R1_N1024_e512_ONLINE_packed/monitor_samples.jsonl,artifact/raw/B3-formal-v1/M6-S1-measured-01-M6_I2R1_N1024_e512_ONLINE_packed/monitor_samples.jsonl,14c505509adce8ed730c7b24d6c0b399f8ac646b9aaba3796c979720d940be40,EXACT_BYTES; ARCHIVE_RESTORE
artifact/raw/B3-formal-v1/M6-S1-measured-01-M6_I2R1_N1024_e512_ONLINE_repeated/monitor_samples.jsonl,artifact/raw/B3-formal-v1/M6-S1-measured-01-M6_I2R1_N1024_e512_ONLINE_repeated/monitor_samples.jsonl,dc15a52fa27b242c8e54513d6c1a59e9adf1de78f4add207d2acedf7de6970c8,EXACT_BYTES; ARCHIVE_RESTORE
artifact/raw/B3-formal-v1/M6-S1-measured-01-M6_I2R2_N1024_e512_COLD_packed/monitor_samples.jsonl,artifact/raw/B3-formal-v1/M6-S1-measured-01-M6_I2R2_N1024_e512_COLD_packed/monitor_samples.jsonl,a843e23b691679d479f49cd0ff3d425d5c0f567542ac5a4d58055f6dbcfbd27b,EXACT_BYTES; ARCHIVE_RESTORE
artifact/raw/B3-formal-v1/M6-S1-measured-01-M6_I2R2_N1024_e512_COLD_repeated/monitor_samples.jsonl,artifact/raw/B3-formal-v1/M6-S1-measured-01-M6_I2R2_N1024_e512_COLD_repeated/monitor_samples.jsonl,1ba114c0e2e05053214db39d4a2d5ab5bbf3ec0e3ae3d13cf889d14df6247a8a,EXACT_BYTES; ARCHIVE_RESTORE
artifact/raw/B3-formal-v1/M6-S1-measured-01-M6_I2R2_N1024_e512_ONLINE_packed/monitor_samples.jsonl,artifact/raw/B3-formal-v1/M6-S1-measured-01-M6_I2R2_N1024_e512_ONLINE_packed/monitor_samples.jsonl,2d0e61c7a3c8cf56bdcd5787a4417a70f40e5a6978d5117113a2e31265bc1ddf,EXACT_BYTES; ARCHIVE_RESTORE
artifact/raw/B3-formal-v1/M6-S1-measured-01-M6_I2R2_N1024_e512_ONLINE_repeated/monitor_samples.jsonl,artifact/raw/B3-formal-v1/M6-S1-measured-01-M6_I2R2_N1024_e512_ONLINE_repeated/monitor_samples.jsonl,b3df71dfea9cb08de5108397269087aa4f4eda75cd75e336934c9fb3e7533a0e,EXACT_BYTES; ARCHIVE_RESTORE
artifact/raw/B3-formal-v1/M6-S1-measured-02-M6_I1R1_N1024_e512_COLD_packed/monitor_samples.jsonl,artifact/raw/B3-formal-v1/M6-S1-measured-02-M6_I1R1_N1024_e512_COLD_packed/monitor_samples.jsonl,a593698de1ee494caf0419dc3da5ed2248617afbae99039a26774ecd12d76bfe,EXACT_BYTES; ARCHIVE_RESTORE
artifact/raw/B3-formal-v1/M6-S1-measured-02-M6_I1R1_N1024_e512_COLD_repeated/monitor_samples.jsonl,artifact/raw/B3-formal-v1/M6-S1-measured-02-M6_I1R1_N1024_e512_COLD_repeated/monitor_samples.jsonl,9d406d63cb4602aadd74e62b97fa05a63eb07f4b24805350032e6d79943db96f,EXACT_BYTES; ARCHIVE_RESTORE
artifact/raw/B3-formal-v1/M6-S1-measured-02-M6_I1R1_N1024_e512_ONLINE_packed/monitor_samples.jsonl,artifact/raw/B3-formal-v1/M6-S1-measured-02-M6_I1R1_N1024_e512_ONLINE_packed/monitor_samples.jsonl,b21922ddec906a028cd37e2af3875fb27f427f81df37c20348ba8d9bfcf22603,EXACT_BYTES; ARCHIVE_RESTORE
artifact/raw/B3-formal-v1/M6-S1-measured-02-M6_I1R1_N1024_e512_ONLINE_repeated/monitor_samples.jsonl,artifact/raw/B3-formal-v1/M6-S1-measured-02-M6_I1R1_N1024_e512_ONLINE_repeated/monitor_samples.jsonl,7f4e3eab795a87e9d85062c386ea08df017633898afd8bf4a35e2718cadbf0e2,EXACT_BYTES; ARCHIVE_RESTORE
artifact/raw/B3-formal-v1/M6-S1-measured-02-M6_I1R2_N1024_e512_COLD_packed/monitor_samples.jsonl,artifact/raw/B3-formal-v1/M6-S1-measured-02-M6_I1R2_N1024_e512_COLD_packed/monitor_samples.jsonl,10338e02562a44d232a99136dc3f477a8435d8eeaeb9639ab44fad71ecbab8b1,EXACT_BYTES; ARCHIVE_RESTORE
artifact/raw/B3-formal-v1/M6-S1-measured-02-M6_I1R2_N1024_e512_COLD_repeated/monitor_samples.jsonl,artifact/raw/B3-formal-v1/M6-S1-measured-02-M6_I1R2_N1024_e512_COLD_repeated/monitor_samples.jsonl,b6351645769f52919eda2b443a05b5d0d1e4d3da9ce274545e97a407d15c2490,EXACT_BYTES; ARCHIVE_RESTORE
artifact/raw/B3-formal-v1/M6-S1-measured-02-M6_I1R2_N1024_e512_ONLINE_packed/monitor_samples.jsonl,artifact/raw/B3-formal-v1/M6-S1-measured-02-M6_I1R2_N1024_e512_ONLINE_packed/monitor_samples.jsonl,f902215a22d92e36807aa4bee20ed040ad4bec38525a698e4045cd12ba6de193,EXACT_BYTES; ARCHIVE_RESTORE
artifact/raw/B3-formal-v1/M6-S1-measured-02-M6_I1R2_N1024_e512_ONLINE_repeated/monitor_samples.jsonl,artifact/raw/B3-formal-v1/M6-S1-measured-02-M6_I1R2_N1024_e512_ONLINE_repeated/monitor_samples.jsonl,bf74c3c06436de23d279df3d905d17aa4bf8788f234d75b7835ab492abfa617c,EXACT_BYTES; ARCHIVE_RESTORE
artifact/raw/B3-formal-v1/M6-S1-measured-02-M6_I2R1_N1024_e512_COLD_packed/monitor_samples.jsonl,artifact/raw/B3-formal-v1/M6-S1-measured-02-M6_I2R1_N1024_e512_COLD_packed/monitor_samples.jsonl,16dcb5ccbfb25873e5e6d4baaf6452c27ac261c90c4edf22d00c5a8e3244b9c8,EXACT_BYTES; ARCHIVE_RESTORE
artifact/raw/B3-formal-v1/M6-S1-measured-02-M6_I2R1_N1024_e512_COLD_repeated/monitor_samples.jsonl,artifact/raw/B3-formal-v1/M6-S1-measured-02-M6_I2R1_N1024_e512_COLD_repeated/monitor_samples.jsonl,3431139931e900d77b0643a2be042a86d768acc4c6a34f34b060cf2616a58d60,EXACT_BYTES; ARCHIVE_RESTORE
artifact/raw/B3-formal-v1/M6-S1-measured-02-M6_I2R1_N1024_e512_ONLINE_packed/monitor_samples.jsonl,artifact/raw/B3-formal-v1/M6-S1-measured-02-M6_I2R1_N1024_e512_ONLINE_packed/monitor_samples.jsonl,d314751aeba96c07c299c7498c1a748ca3b6ba6a715e382e2fb2cd6cc58bbd10,EXACT_BYTES; ARCHIVE_RESTORE
artifact/raw/B3-formal-v1/M6-S1-measured-02-M6_I2R1_N1024_e512_ONLINE_repeated/monitor_samples.jsonl,artifact/raw/B3-formal-v1/M6-S1-measured-02-M6_I2R1_N1024_e512_ONLINE_repeated/monitor_samples.jsonl,229212c75329b5209d91eb751a4c918cdcb6c4b6929656eb6e0ff86e0ea35ceb,EXACT_BYTES; ARCHIVE_RESTORE
artifact/raw/B3-formal-v1/M6-S1-measured-02-M6_I2R2_N1024_e512_COLD_packed/monitor_samples.jsonl,artifact/raw/B3-formal-v1/M6-S1-measured-02-M6_I2R2_N1024_e512_COLD_packed/monitor_samples.jsonl,55bbfba7acde610286097a6ead5d12474c642ae7a2c94379bfeaf8a67b302057,EXACT_BYTES; ARCHIVE_RESTORE
artifact/raw/B3-formal-v1/M6-S1-measured-02-M6_I2R2_N1024_e512_COLD_repeated/monitor_samples.jsonl,artifact/raw/B3-formal-v1/M6-S1-measured-02-M6_I2R2_N1024_e512_COLD_repeated/monitor_samples.jsonl,347dae639e435ddf3dfbb577e7eb6425bebc64757fab9154a44a73ba408c886e,EXACT_BYTES; ARCHIVE_RESTORE
artifact/raw/B3-formal-v1/M6-S1-measured-02-M6_I2R2_N1024_e512_ONLINE_packed/monitor_samples.jsonl,artifact/raw/B3-formal-v1/M6-S1-measured-02-M6_I2R2_N1024_e512_ONLINE_packed/monitor_samples.jsonl,c296bf3d19d4e817c178e0afcc8981cfba4c2e154e654b2a1d02cdd201ac5f67,EXACT_BYTES; ARCHIVE_RESTORE
artifact/raw/B3-formal-v1/M6-S1-measured-02-M6_I2R2_N1024_e512_ONLINE_repeated/monitor_samples.jsonl,artifact/raw/B3-formal-v1/M6-S1-measured-02-M6_I2R2_N1024_e512_ONLINE_repeated/monitor_samples.jsonl,2cb4aeb17c4e1a808f8160693c2ef075306a4443c279b7876ee810d4bb19355c,EXACT_BYTES; ARCHIVE_RESTORE
artifact/raw/B3-formal-v1/M6-S1-measured-03-M6_I1R1_N1024_e512_COLD_packed/monitor_samples.jsonl,artifact/raw/B3-formal-v1/M6-S1-measured-03-M6_I1R1_N1024_e512_COLD_packed/monitor_samples.jsonl,83245e4d3fa371b132665bcac292aae5bebdf283eca4b436ef3caef3a21b35f9,EXACT_BYTES; ARCHIVE_RESTORE
artifact/raw/B3-formal-v1/M6-S1-measured-03-M6_I1R1_N1024_e512_COLD_repeated/monitor_samples.jsonl,artifact/raw/B3-formal-v1/M6-S1-measured-03-M6_I1R1_N1024_e512_COLD_repeated/monitor_samples.jsonl,46dab1ab44c3e7f395f75ad3ede4fab35be4ba136751e34ab84caf81028507d7,EXACT_BYTES; ARCHIVE_RESTORE
artifact/raw/B3-formal-v1/M6-S1-measured-03-M6_I1R1_N1024_e512_ONLINE_packed/monitor_samples.jsonl,artifact/raw/B3-formal-v1/M6-S1-measured-03-M6_I1R1_N1024_e512_ONLINE_packed/monitor_samples.jsonl,5b518b1ab500fc021d36ff612fc95c798eef8139565ce73fe600d6c5d8da1e4b,EXACT_BYTES; ARCHIVE_RESTORE
artifact/raw/B3-formal-v1/M6-S1-measured-03-M6_I1R1_N1024_e512_ONLINE_repeated/monitor_samples.jsonl,artifact/raw/B3-formal-v1/M6-S1-measured-03-M6_I1R1_N1024_e512_ONLINE_repeated/monitor_samples.jsonl,d9e66b64bd358bd5808e15014da8f99d0062b4cf40b8dac72b9ef8f3b9aed860,EXACT_BYTES; ARCHIVE_RESTORE
artifact/raw/B3-formal-v1/M6-S1-measured-03-M6_I1R2_N1024_e512_COLD_packed/monitor_samples.jsonl,artifact/raw/B3-formal-v1/M6-S1-measured-03-M6_I1R2_N1024_e512_COLD_packed/monitor_samples.jsonl,22b7d6e3a038a9a5abb7659d50719de2d3e98cfef0806cc6aa5cef63483f56a7,EXACT_BYTES; ARCHIVE_RESTORE
artifact/raw/B3-formal-v1/M6-S1-measured-03-M6_I1R2_N1024_e512_COLD_repeated/monitor_samples.jsonl,artifact/raw/B3-formal-v1/M6-S1-measured-03-M6_I1R2_N1024_e512_COLD_repeated/monitor_samples.jsonl,c4506ebb851d5698fe0a51249499a2345710b19fde75cd7c6ea306c52a50e4cf,EXACT_BYTES; ARCHIVE_RESTORE
artifact/raw/B3-formal-v1/M6-S1-measured-03-M6_I1R2_N1024_e512_ONLINE_packed/monitor_samples.jsonl,artifact/raw/B3-formal-v1/M6-S1-measured-03-M6_I1R2_N1024_e512_ONLINE_packed/monitor_samples.jsonl,1d9d820d902ced9342fae0972f797c60d234e46d06c890fac679bfac73a9d11a,EXACT_BYTES; ARCHIVE_RESTORE
artifact/raw/B3-formal-v1/M6-S1-measured-03-M6_I1R2_N1024_e512_ONLINE_repeated/monitor_samples.jsonl,artifact/raw/B3-formal-v1/M6-S1-measured-03-M6_I1R2_N1024_e512_ONLINE_repeated/monitor_samples.jsonl,5b15c251555569b73f8fc30e612a0579bfdf816c11218fc4eca3bb0530ec7ac8,EXACT_BYTES; ARCHIVE_RESTORE
artifact/raw/B3-formal-v1/M6-S1-measured-03-M6_I2R1_N1024_e512_COLD_packed/monitor_samples.jsonl,artifact/raw/B3-formal-v1/M6-S1-measured-03-M6_I2R1_N1024_e512_COLD_packed/monitor_samples.jsonl,af837899202de1db823a218678bb8063d47fb307db17fefdf6e0bfc0fc01dbbf,EXACT_BYTES; ARCHIVE_RESTORE
artifact/raw/B3-formal-v1/M6-S1-measured-03-M6_I2R1_N1024_e512_COLD_repeated/monitor_samples.jsonl,artifact/raw/B3-formal-v1/M6-S1-measured-03-M6_I2R1_N1024_e512_COLD_repeated/monitor_samples.jsonl,7cbeadfde1ed1356d54ebf08830e7c7325a9acbae23043bd15d82b07553de840,EXACT_BYTES; ARCHIVE_RESTORE
artifact/raw/B3-formal-v1/M6-S1-measured-03-M6_I2R1_N1024_e512_ONLINE_packed/monitor_samples.jsonl,artifact/raw/B3-formal-v1/M6-S1-measured-03-M6_I2R1_N1024_e512_ONLINE_packed/monitor_samples.jsonl,cf6de42ba0ffbb92bfff888aad7825807ed3e54a1067ea7b07cfa0e54e1f01ae,EXACT_BYTES; ARCHIVE_RESTORE
artifact/raw/B3-formal-v1/M6-S1-measured-03-M6_I2R1_N1024_e512_ONLINE_repeated/monitor_samples.jsonl,artifact/raw/B3-formal-v1/M6-S1-measured-03-M6_I2R1_N1024_e512_ONLINE_repeated/monitor_samples.jsonl,3f02eca788aee679f47cb1da46191fbdbc3874fc4df763b6808f74ac5a18caa4,EXACT_BYTES; ARCHIVE_RESTORE
artifact/raw/B3-formal-v1/M6-S1-measured-03-M6_I2R2_N1024_e512_COLD_packed/monitor_samples.jsonl,artifact/raw/B3-formal-v1/M6-S1-measured-03-M6_I2R2_N1024_e512_COLD_packed/monitor_samples.jsonl,ab01f596880346193a1065791fddfd1212e875cadd009404bcfd9ed67161770e,EXACT_BYTES; ARCHIVE_RESTORE
artifact/raw/B3-formal-v1/M6-S1-measured-03-M6_I2R2_N1024_e512_COLD_repeated/monitor_samples.jsonl,artifact/raw/B3-formal-v1/M6-S1-measured-03-M6_I2R2_N1024_e512_COLD_repeated/monitor_samples.jsonl,250ddc95705b661a50ccf530a17f8966aedb62cb32d0ba837d25e1db4f6862d3,EXACT_BYTES; ARCHIVE_RESTORE
artifact/raw/B3-formal-v1/M6-S1-measured-03-M6_I2R2_N1024_e512_ONLINE_packed/monitor_samples.jsonl,artifact/raw/B3-formal-v1/M6-S1-measured-03-M6_I2R2_N1024_e512_ONLINE_packed/monitor_samples.jsonl,0134de3d9a258dca7a5a73365e8b3a77ad177eec568d90ac1ddc4bdab5d2af51,EXACT_BYTES; ARCHIVE_RESTORE
artifact/raw/B3-formal-v1/M6-S1-measured-03-M6_I2R2_N1024_e512_ONLINE_repeated/monitor_samples.jsonl,artifact/raw/B3-formal-v1/M6-S1-measured-03-M6_I2R2_N1024_e512_ONLINE_repeated/monitor_samples.jsonl,3db5ea97284becb8dfa0ad7be93ceda0f3500bcce145d0328bd3529f43f278dd,EXACT_BYTES; ARCHIVE_RESTORE
artifact/raw/B3-formal-v1/M6-S1-measured-04-M6_I1R1_N1024_e512_COLD_packed/monitor_samples.jsonl,artifact/raw/B3-formal-v1/M6-S1-measured-04-M6_I1R1_N1024_e512_COLD_packed/monitor_samples.jsonl,2dfbe37e27b13c2444a4972aea8ccbcad8ced684432366bc7e1172872cd5fb31,EXACT_BYTES; ARCHIVE_RESTORE
artifact/raw/B3-formal-v1/M6-S1-measured-04-M6_I1R1_N1024_e512_COLD_repeated/monitor_samples.jsonl,artifact/raw/B3-formal-v1/M6-S1-measured-04-M6_I1R1_N1024_e512_COLD_repeated/monitor_samples.jsonl,60ad04fad0b3340b2d079b27de1c41eca4dca7508d637c6b8926836ddf53ad6f,EXACT_BYTES; ARCHIVE_RESTORE
artifact/raw/B3-formal-v1/M6-S1-measured-04-M6_I1R1_N1024_e512_ONLINE_packed/monitor_samples.jsonl,artifact/raw/B3-formal-v1/M6-S1-measured-04-M6_I1R1_N1024_e512_ONLINE_packed/monitor_samples.jsonl,b15913584697d856980eaea5b9a35c809529635fee15664f390292177fb72c88,EXACT_BYTES; ARCHIVE_RESTORE
artifact/raw/B3-formal-v1/M6-S1-measured-04-M6_I1R1_N1024_e512_ONLINE_repeated/monitor_samples.jsonl,artifact/raw/B3-formal-v1/M6-S1-measured-04-M6_I1R1_N1024_e512_ONLINE_repeated/monitor_samples.jsonl,cc8f3f078b3b122faa386695f08d5aebc8b1c167b474ea4ab5f59c2ed1bb7396,EXACT_BYTES; ARCHIVE_RESTORE
artifact/raw/B3-formal-v1/M6-S1-measured-04-M6_I1R2_N1024_e512_COLD_packed/monitor_samples.jsonl,artifact/raw/B3-formal-v1/M6-S1-measured-04-M6_I1R2_N1024_e512_COLD_packed/monitor_samples.jsonl,16763d009c9e0c0434bbaedf2ae331bd7b2b1f9dac486ea6d2049108088b3b07,EXACT_BYTES; ARCHIVE_RESTORE
artifact/raw/B3-formal-v1/M6-S1-measured-04-M6_I1R2_N1024_e512_COLD_repeated/monitor_samples.jsonl,artifact/raw/B3-formal-v1/M6-S1-measured-04-M6_I1R2_N1024_e512_COLD_repeated/monitor_samples.jsonl,bd590b4e4f26c6618e6eda0dd5c5e9826987626dfb7a6ce71c68a0eec981e8c7,EXACT_BYTES; ARCHIVE_RESTORE
artifact/raw/B3-formal-v1/M6-S1-measured-04-M6_I1R2_N1024_e512_ONLINE_packed/monitor_samples.jsonl,artifact/raw/B3-formal-v1/M6-S1-measured-04-M6_I1R2_N1024_e512_ONLINE_packed/monitor_samples.jsonl,d9c2252d42eaaa363beed8c4f2223a6662b64d0eee590fd4d3b6504a443fd85f,EXACT_BYTES; ARCHIVE_RESTORE
artifact/raw/B3-formal-v1/M6-S1-measured-04-M6_I1R2_N1024_e512_ONLINE_repeated/monitor_samples.jsonl,artifact/raw/B3-formal-v1/M6-S1-measured-04-M6_I1R2_N1024_e512_ONLINE_repeated/monitor_samples.jsonl,b7edca8d5062afdfdee36d5ec8e8c1fd4a14a5497a97db6e1f11a6970626b840,EXACT_BYTES; ARCHIVE_RESTORE
artifact/raw/B3-formal-v1/M6-S1-measured-04-M6_I2R1_N1024_e512_COLD_packed/monitor_samples.jsonl,artifact/raw/B3-formal-v1/M6-S1-measured-04-M6_I2R1_N1024_e512_COLD_packed/monitor_samples.jsonl,2fce0b5eac3d630d9463417f4e9f17d86df0f249c4d6b5e2ad5dcdea9f117006,EXACT_BYTES; ARCHIVE_RESTORE
artifact/raw/B3-formal-v1/M6-S1-measured-04-M6_I2R1_N1024_e512_COLD_repeated/monitor_samples.jsonl,artifact/raw/B3-formal-v1/M6-S1-measured-04-M6_I2R1_N1024_e512_COLD_repeated/monitor_samples.jsonl,a39fcf70bc3436b6a809ea13a1d825c651fe2b66061901b0292a65ca29693069,EXACT_BYTES; ARCHIVE_RESTORE
artifact/raw/B3-formal-v1/M6-S1-measured-04-M6_I2R1_N1024_e512_ONLINE_packed/monitor_samples.jsonl,artifact/raw/B3-formal-v1/M6-S1-measured-04-M6_I2R1_N1024_e512_ONLINE_packed/monitor_samples.jsonl,e5d78c33a52952a9ccec3e7c433f5895712ca4010dbfe022bebf362dd61d2973,EXACT_BYTES; ARCHIVE_RESTORE
artifact/raw/B3-formal-v1/M6-S1-measured-04-M6_I2R1_N1024_e512_ONLINE_repeated/monitor_samples.jsonl,artifact/raw/B3-formal-v1/M6-S1-measured-04-M6_I2R1_N1024_e512_ONLINE_repeated/monitor_samples.jsonl,224aee3cd59e2001c7b24775fe1fb9ff10182ce8166aa142bce43580ba3b0bad,EXACT_BYTES; ARCHIVE_RESTORE
artifact/raw/B3-formal-v1/M6-S1-measured-04-M6_I2R2_N1024_e512_COLD_packed/monitor_samples.jsonl,artifact/raw/B3-formal-v1/M6-S1-measured-04-M6_I2R2_N1024_e512_COLD_packed/monitor_samples.jsonl,35fbc6f19f49408a56707cb1827165ea430ece364625b8ec0720ce24ed1bac7f,EXACT_BYTES; ARCHIVE_RESTORE
artifact/raw/B3-formal-v1/M6-S1-measured-04-M6_I2R2_N1024_e512_COLD_repeated/monitor_samples.jsonl,artifact/raw/B3-formal-v1/M6-S1-measured-04-M6_I2R2_N1024_e512_COLD_repeated/monitor_samples.jsonl,82c37636d3c12bafcb82f68e57c89afaa5d426faff12d2e5a337a04fb6c54c20,EXACT_BYTES; ARCHIVE_RESTORE
artifact/raw/B3-formal-v1/M6-S1-measured-04-M6_I2R2_N1024_e512_ONLINE_packed/monitor_samples.jsonl,artifact/raw/B3-formal-v1/M6-S1-measured-04-M6_I2R2_N1024_e512_ONLINE_packed/monitor_samples.jsonl,e863e7eefd6129e79dbd354628282c61b01ea7accb3c2f68e9f9a973dc3cd2a2,EXACT_BYTES; ARCHIVE_RESTORE
artifact/raw/B3-formal-v1/M6-S1-measured-04-M6_I2R2_N1024_e512_ONLINE_repeated/monitor_samples.jsonl,artifact/raw/B3-formal-v1/M6-S1-measured-04-M6_I2R2_N1024_e512_ONLINE_repeated/monitor_samples.jsonl,d2e1a18510803aabdf3e02dd0c7fe62a04bb2d07731113b81653aada1773db2a,EXACT_BYTES; ARCHIVE_RESTORE
artifact/raw/B3-formal-v1/M6-S1-measured-05-M6_I1R1_N1024_e512_COLD_packed/monitor_samples.jsonl,artifact/raw/B3-formal-v1/M6-S1-measured-05-M6_I1R1_N1024_e512_COLD_packed/monitor_samples.jsonl,b3ec84e7c23189a4a2cf0c88c9ae79dbab80b4a156196ad6151e8e3822d286c7,EXACT_BYTES; ARCHIVE_RESTORE
artifact/raw/B3-formal-v1/M6-S1-measured-05-M6_I1R1_N1024_e512_COLD_repeated/monitor_samples.jsonl,artifact/raw/B3-formal-v1/M6-S1-measured-05-M6_I1R1_N1024_e512_COLD_repeated/monitor_samples.jsonl,da4b3436b9ee866a42197b5dfca5c918f978b14e7fbc9f903fd9dadd40327cc7,EXACT_BYTES; ARCHIVE_RESTORE
artifact/raw/B3-formal-v1/M6-S1-measured-05-M6_I1R1_N1024_e512_ONLINE_packed/monitor_samples.jsonl,artifact/raw/B3-formal-v1/M6-S1-measured-05-M6_I1R1_N1024_e512_ONLINE_packed/monitor_samples.jsonl,43938348c61b124b748cb799a5f50df1140a1197f5c912fa34d2485a7c166900,EXACT_BYTES; ARCHIVE_RESTORE
artifact/raw/B3-formal-v1/M6-S1-measured-05-M6_I1R1_N1024_e512_ONLINE_repeated/monitor_samples.jsonl,artifact/raw/B3-formal-v1/M6-S1-measured-05-M6_I1R1_N1024_e512_ONLINE_repeated/monitor_samples.jsonl,cb1a44a5da4d235602d460a728f1906e05b00986a523f4cd19aada9cbae08472,EXACT_BYTES; ARCHIVE_RESTORE
artifact/raw/B3-formal-v1/M6-S1-measured-05-M6_I1R2_N1024_e512_COLD_packed/monitor_samples.jsonl,artifact/raw/B3-formal-v1/M6-S1-measured-05-M6_I1R2_N1024_e512_COLD_packed/monitor_samples.jsonl,5c53c48a56d16e57151c9a96d876c8539bc6c8271b21db08fbef452112c0c2ce,EXACT_BYTES; ARCHIVE_RESTORE
artifact/raw/B3-formal-v1/M6-S1-measured-05-M6_I1R2_N1024_e512_COLD_repeated/monitor_samples.jsonl,artifact/raw/B3-formal-v1/M6-S1-measured-05-M6_I1R2_N1024_e512_COLD_repeated/monitor_samples.jsonl,b067bba9f47159c494fbb4f5fa45179df8564f3bcf2bcf12458005e7af302b43,EXACT_BYTES; ARCHIVE_RESTORE
artifact/raw/B3-formal-v1/M6-S1-measured-05-M6_I1R2_N1024_e512_ONLINE_packed/monitor_samples.jsonl,artifact/raw/B3-formal-v1/M6-S1-measured-05-M6_I1R2_N1024_e512_ONLINE_packed/monitor_samples.jsonl,5b944cacd0bd8fd2b7d88d543841cb311c2224c02d40315881872ae950a80739,EXACT_BYTES; ARCHIVE_RESTORE
artifact/raw/B3-formal-v1/M6-S1-measured-05-M6_I1R2_N1024_e512_ONLINE_repeated/monitor_samples.jsonl,artifact/raw/B3-formal-v1/M6-S1-measured-05-M6_I1R2_N1024_e512_ONLINE_repeated/monitor_samples.jsonl,57eac0a10dad099db1314d4adf0870b368cdf178bfbf13e9b59f367b047bbe47,EXACT_BYTES; ARCHIVE_RESTORE
artifact/raw/B3-formal-v1/M6-S1-measured-05-M6_I2R1_N1024_e512_COLD_packed/monitor_samples.jsonl,artifact/raw/B3-formal-v1/M6-S1-measured-05-M6_I2R1_N1024_e512_COLD_packed/monitor_samples.jsonl,21b84efd63587e6ef04dd82e1943cfb6010cd2f956b5d3910093a763aab4a9e5,EXACT_BYTES; ARCHIVE_RESTORE
artifact/raw/B3-formal-v1/M6-S1-measured-05-M6_I2R1_N1024_e512_COLD_repeated/monitor_samples.jsonl,artifact/raw/B3-formal-v1/M6-S1-measured-05-M6_I2R1_N1024_e512_COLD_repeated/monitor_samples.jsonl,ff738b4ee07e13cc1bf5b736f9490999dd8c92ecddf0dcb96b26daffc2bacf84,EXACT_BYTES; ARCHIVE_RESTORE
artifact/raw/B3-formal-v1/M6-S1-measured-05-M6_I2R1_N1024_e512_ONLINE_packed/monitor_samples.jsonl,artifact/raw/B3-formal-v1/M6-S1-measured-05-M6_I2R1_N1024_e512_ONLINE_packed/monitor_samples.jsonl,5830226f3e8ab3eb11775e97ec13cdef425f4bf691b07030ac805ea4e81fd1df,EXACT_BYTES; ARCHIVE_RESTORE
artifact/raw/B3-formal-v1/M6-S1-measured-05-M6_I2R1_N1024_e512_ONLINE_repeated/monitor_samples.jsonl,artifact/raw/B3-formal-v1/M6-S1-measured-05-M6_I2R1_N1024_e512_ONLINE_repeated/monitor_samples.jsonl,a95e2e5cceb759f3bd4a24984183b79aecaada1e8178a04506bb3f80b82599bc,EXACT_BYTES; ARCHIVE_RESTORE
artifact/raw/B3-formal-v1/M6-S1-measured-05-M6_I2R2_N1024_e512_COLD_packed/monitor_samples.jsonl,artifact/raw/B3-formal-v1/M6-S1-measured-05-M6_I2R2_N1024_e512_COLD_packed/monitor_samples.jsonl,f98f36e44ecffd8daf4a4d97621cde80936f752b3b370c46580bfa26ca2785a9,EXACT_BYTES; ARCHIVE_RESTORE
artifact/raw/B3-formal-v1/M6-S1-measured-05-M6_I2R2_N1024_e512_COLD_repeated/monitor_samples.jsonl,artifact/raw/B3-formal-v1/M6-S1-measured-05-M6_I2R2_N1024_e512_COLD_repeated/monitor_samples.jsonl,f6b977509426b73a16eb2ba68b2ef94fb15492daae8d04f4f0ad374d569f15e9,EXACT_BYTES; ARCHIVE_RESTORE
artifact/raw/B3-formal-v1/M6-S1-measured-05-M6_I2R2_N1024_e512_ONLINE_packed/monitor_samples.jsonl,artifact/raw/B3-formal-v1/M6-S1-measured-05-M6_I2R2_N1024_e512_ONLINE_packed/monitor_samples.jsonl,1b4cd47c22afc612622aae71d176c068d2e86390ea7df2758cfc294cbab43f77,EXACT_BYTES; ARCHIVE_RESTORE
artifact/raw/B3-formal-v1/M6-S1-measured-05-M6_I2R2_N1024_e512_ONLINE_repeated/monitor_samples.jsonl,artifact/raw/B3-formal-v1/M6-S1-measured-05-M6_I2R2_N1024_e512_ONLINE_repeated/monitor_samples.jsonl,55700d9e6d0ffc246930af5d6f776b84f0fdc1c38504d28b4048c4bc1dee8a97,EXACT_BYTES; ARCHIVE_RESTORE
artifact/raw/B3-formal-v1/M6-S1-measured-06-M6_I1R1_N1024_e512_COLD_packed/monitor_samples.jsonl,artifact/raw/B3-formal-v1/M6-S1-measured-06-M6_I1R1_N1024_e512_COLD_packed/monitor_samples.jsonl,9bfa0763df3863c5a3d14e3bc1c8d56708a0d6c8a86f97bf83e58a3918ed47ad,EXACT_BYTES; ARCHIVE_RESTORE
artifact/raw/B3-formal-v1/M6-S1-measured-06-M6_I1R1_N1024_e512_COLD_repeated/monitor_samples.jsonl,artifact/raw/B3-formal-v1/M6-S1-measured-06-M6_I1R1_N1024_e512_COLD_repeated/monitor_samples.jsonl,c0c315efe02d789529dd7c1e493786d71067151146ba848e3d63e97bdc65618a,EXACT_BYTES; ARCHIVE_RESTORE
artifact/raw/B3-formal-v1/M6-S1-measured-06-M6_I1R1_N1024_e512_ONLINE_packed/monitor_samples.jsonl,artifact/raw/B3-formal-v1/M6-S1-measured-06-M6_I1R1_N1024_e512_ONLINE_packed/monitor_samples.jsonl,7a28d4a5b9805d45d25bdd8c198f9985faf305e00aae63511287f018c2dc0bd4,EXACT_BYTES; ARCHIVE_RESTORE
artifact/raw/B3-formal-v1/M6-S1-measured-06-M6_I1R1_N1024_e512_ONLINE_repeated/monitor_samples.jsonl,artifact/raw/B3-formal-v1/M6-S1-measured-06-M6_I1R1_N1024_e512_ONLINE_repeated/monitor_samples.jsonl,4bf27b2c4d3170c3008062506ca6d0d3f5049b8def89e70a159e596c6e2623eb,EXACT_BYTES; ARCHIVE_RESTORE
artifact/raw/B3-formal-v1/M6-S1-measured-06-M6_I1R2_N1024_e512_COLD_packed/monitor_samples.jsonl,artifact/raw/B3-formal-v1/M6-S1-measured-06-M6_I1R2_N1024_e512_COLD_packed/monitor_samples.jsonl,8eed27b6635b8b71bf01b3b3a689b6f9752cc594cd629a4d1a400aa188ac886c,EXACT_BYTES; ARCHIVE_RESTORE
artifact/raw/B3-formal-v1/M6-S1-measured-06-M6_I1R2_N1024_e512_COLD_repeated/monitor_samples.jsonl,artifact/raw/B3-formal-v1/M6-S1-measured-06-M6_I1R2_N1024_e512_COLD_repeated/monitor_samples.jsonl,273d1d8cadf10e5614293088262fef2aa87a4f520ee04d717012482b7f750d6c,EXACT_BYTES; ARCHIVE_RESTORE
artifact/raw/B3-formal-v1/M6-S1-measured-06-M6_I1R2_N1024_e512_ONLINE_packed/monitor_samples.jsonl,artifact/raw/B3-formal-v1/M6-S1-measured-06-M6_I1R2_N1024_e512_ONLINE_packed/monitor_samples.jsonl,ec54170594a38e81f85ebcd4d93c5047cfb1921093229494713176f48df7b75c,EXACT_BYTES; ARCHIVE_RESTORE
artifact/raw/B3-formal-v1/M6-S1-measured-06-M6_I1R2_N1024_e512_ONLINE_repeated/monitor_samples.jsonl,artifact/raw/B3-formal-v1/M6-S1-measured-06-M6_I1R2_N1024_e512_ONLINE_repeated/monitor_samples.jsonl,7546ca2d2ebcac5288a107a1dd090050e77ef556ce05e67c3db4f87e5556931b,EXACT_BYTES; ARCHIVE_RESTORE
artifact/raw/B3-formal-v1/M6-S1-measured-06-M6_I2R1_N1024_e512_COLD_packed/monitor_samples.jsonl,artifact/raw/B3-formal-v1/M6-S1-measured-06-M6_I2R1_N1024_e512_COLD_packed/monitor_samples.jsonl,7de5c66a087ad83089fc624ab8b27204b11f160dfafc2a153ecf0df5b1edb438,EXACT_BYTES; ARCHIVE_RESTORE
artifact/raw/B3-formal-v1/M6-S1-measured-06-M6_I2R1_N1024_e512_COLD_repeated/monitor_samples.jsonl,artifact/raw/B3-formal-v1/M6-S1-measured-06-M6_I2R1_N1024_e512_COLD_repeated/monitor_samples.jsonl,79ed95f309b0f9d5059d58c31b96f9218f6a1eed01ecea8e10ebf8fbbb24c0c2,EXACT_BYTES; ARCHIVE_RESTORE
artifact/raw/B3-formal-v1/M6-S1-measured-06-M6_I2R1_N1024_e512_ONLINE_packed/monitor_samples.jsonl,artifact/raw/B3-formal-v1/M6-S1-measured-06-M6_I2R1_N1024_e512_ONLINE_packed/monitor_samples.jsonl,621d2a3c52c1e6596463648b0706826aa9ca2abe956200b40435c48b3cde2fcc,EXACT_BYTES; ARCHIVE_RESTORE
artifact/raw/B3-formal-v1/M6-S1-measured-06-M6_I2R1_N1024_e512_ONLINE_repeated/monitor_samples.jsonl,artifact/raw/B3-formal-v1/M6-S1-measured-06-M6_I2R1_N1024_e512_ONLINE_repeated/monitor_samples.jsonl,c576f39b36ee09498c2f3d9e080b82e0bb1c25f8933efcfb59384a5c206f96b0,EXACT_BYTES; ARCHIVE_RESTORE
artifact/raw/B3-formal-v1/M6-S1-measured-06-M6_I2R2_N1024_e512_COLD_packed/monitor_samples.jsonl,artifact/raw/B3-formal-v1/M6-S1-measured-06-M6_I2R2_N1024_e512_COLD_packed/monitor_samples.jsonl,1cc2114c95510212d6d0ed2231bc0e01479b9538d76abb1a74602e8e69db7752,EXACT_BYTES; ARCHIVE_RESTORE
artifact/raw/B3-formal-v1/M6-S1-measured-06-M6_I2R2_N1024_e512_COLD_repeated/monitor_samples.jsonl,artifact/raw/B3-formal-v1/M6-S1-measured-06-M6_I2R2_N1024_e512_COLD_repeated/monitor_samples.jsonl,50733c172c73f1582910f8f13858182c202729561d407641311706bc7fad8ee3,EXACT_BYTES; ARCHIVE_RESTORE
artifact/raw/B3-formal-v1/M6-S1-measured-06-M6_I2R2_N1024_e512_ONLINE_packed/monitor_samples.jsonl,artifact/raw/B3-formal-v1/M6-S1-measured-06-M6_I2R2_N1024_e512_ONLINE_packed/monitor_samples.jsonl,a7ac683b61dfa9f13303ee1bc76c31ee15d29e980df85c4089d5e1a9bb68a484,EXACT_BYTES; ARCHIVE_RESTORE
artifact/raw/B3-formal-v1/M6-S1-measured-06-M6_I2R2_N1024_e512_ONLINE_repeated/monitor_samples.jsonl,artifact/raw/B3-formal-v1/M6-S1-measured-06-M6_I2R2_N1024_e512_ONLINE_repeated/monitor_samples.jsonl,bd3b9261af944eddfd8bfb4811bcd1eca586f7f3de25038cd1a2b97ec55886c9,EXACT_BYTES; ARCHIVE_RESTORE
artifact/raw/B3-formal-v1/M6-S1-measured-07-M6_I1R1_N1024_e512_COLD_packed/monitor_samples.jsonl,artifact/raw/B3-formal-v1/M6-S1-measured-07-M6_I1R1_N1024_e512_COLD_packed/monitor_samples.jsonl,7af517f0b562145dee261ec1371e02359c48b64fc58cf42100a49c6249e1002b,EXACT_BYTES; ARCHIVE_RESTORE
artifact/raw/B3-formal-v1/M6-S1-measured-07-M6_I1R1_N1024_e512_COLD_repeated/monitor_samples.jsonl,artifact/raw/B3-formal-v1/M6-S1-measured-07-M6_I1R1_N1024_e512_COLD_repeated/monitor_samples.jsonl,466d89cc00c7c28db55d1de29c8b1729c58b6d6c0a2b046e9f1f1aa4ac128a5c,EXACT_BYTES; ARCHIVE_RESTORE
artifact/raw/B3-formal-v1/M6-S1-measured-07-M6_I1R1_N1024_e512_ONLINE_packed/monitor_samples.jsonl,artifact/raw/B3-formal-v1/M6-S1-measured-07-M6_I1R1_N1024_e512_ONLINE_packed/monitor_samples.jsonl,bad4583563bae0596f1ed9001248d3cc50e83e1df04f297355bd895cdfb5e0e7,EXACT_BYTES; ARCHIVE_RESTORE
artifact/raw/B3-formal-v1/M6-S1-measured-07-M6_I1R1_N1024_e512_ONLINE_repeated/monitor_samples.jsonl,artifact/raw/B3-formal-v1/M6-S1-measured-07-M6_I1R1_N1024_e512_ONLINE_repeated/monitor_samples.jsonl,e2a691c463092c7f760a113ccd6d991bb5488b03bf795456d9623a518f06f797,EXACT_BYTES; ARCHIVE_RESTORE
artifact/raw/B3-formal-v1/M6-S1-measured-07-M6_I1R2_N1024_e512_COLD_packed/monitor_samples.jsonl,artifact/raw/B3-formal-v1/M6-S1-measured-07-M6_I1R2_N1024_e512_COLD_packed/monitor_samples.jsonl,faab5a318521f63e0c57cac6e3efb17ada8c8ef03d6e30b27a6329d10941b478,EXACT_BYTES; ARCHIVE_RESTORE
artifact/raw/B3-formal-v1/M6-S1-measured-07-M6_I1R2_N1024_e512_COLD_repeated/monitor_samples.jsonl,artifact/raw/B3-formal-v1/M6-S1-measured-07-M6_I1R2_N1024_e512_COLD_repeated/monitor_samples.jsonl,3e6ba847bdf1e16ff2ad5a1d2756ebe8d8f8c48f7b5533343a93a180d6d1a1c7,EXACT_BYTES; ARCHIVE_RESTORE
artifact/raw/B3-formal-v1/M6-S1-measured-07-M6_I1R2_N1024_e512_ONLINE_packed/monitor_samples.jsonl,artifact/raw/B3-formal-v1/M6-S1-measured-07-M6_I1R2_N1024_e512_ONLINE_packed/monitor_samples.jsonl,5306ec869dcd3d54d0d57c3f26670518000361b785b8600fe0092c1572fd6c87,EXACT_BYTES; ARCHIVE_RESTORE
artifact/raw/B3-formal-v1/M6-S1-measured-07-M6_I1R2_N1024_e512_ONLINE_repeated/monitor_samples.jsonl,artifact/raw/B3-formal-v1/M6-S1-measured-07-M6_I1R2_N1024_e512_ONLINE_repeated/monitor_samples.jsonl,1107f8935d97587b8095a0daffc3ecef3073954b973467698311f49168674562,EXACT_BYTES; ARCHIVE_RESTORE
artifact/raw/B3-formal-v1/M6-S1-measured-07-M6_I2R1_N1024_e512_COLD_packed/monitor_samples.jsonl,artifact/raw/B3-formal-v1/M6-S1-measured-07-M6_I2R1_N1024_e512_COLD_packed/monitor_samples.jsonl,2b440550dce5dc0bff69b91531033568f29748af424778f6fbbf280525bdbf9a,EXACT_BYTES; ARCHIVE_RESTORE
artifact/raw/B3-formal-v1/M6-S1-measured-07-M6_I2R1_N1024_e512_COLD_repeated/monitor_samples.jsonl,artifact/raw/B3-formal-v1/M6-S1-measured-07-M6_I2R1_N1024_e512_COLD_repeated/monitor_samples.jsonl,6c83d03b2d657b22460141cf6762a2ad0a7865f7547ab3d19b872de311889fbd,EXACT_BYTES; ARCHIVE_RESTORE
artifact/raw/B3-formal-v1/M6-S1-measured-07-M6_I2R1_N1024_e512_ONLINE_packed/monitor_samples.jsonl,artifact/raw/B3-formal-v1/M6-S1-measured-07-M6_I2R1_N1024_e512_ONLINE_packed/monitor_samples.jsonl,359431a6362118e3a4e2b88be99da092d4198e94378c925736cc40348e791b1d,EXACT_BYTES; ARCHIVE_RESTORE
artifact/raw/B3-formal-v1/M6-S1-measured-07-M6_I2R1_N1024_e512_ONLINE_repeated/monitor_samples.jsonl,artifact/raw/B3-formal-v1/M6-S1-measured-07-M6_I2R1_N1024_e512_ONLINE_repeated/monitor_samples.jsonl,2b4f1c23ba86802dcafd1476312d5d894a5001bdb16d2219a94b5bcfc465a9c7,EXACT_BYTES; ARCHIVE_RESTORE
artifact/raw/B3-formal-v1/M6-S1-measured-07-M6_I2R2_N1024_e512_COLD_packed/monitor_samples.jsonl,artifact/raw/B3-formal-v1/M6-S1-measured-07-M6_I2R2_N1024_e512_COLD_packed/monitor_samples.jsonl,141368349c1ed861791c36cb957c6fc2aa138f17d968bc99d49eeea4a0c77e81,EXACT_BYTES; ARCHIVE_RESTORE
artifact/raw/B3-formal-v1/M6-S1-measured-07-M6_I2R2_N1024_e512_COLD_repeated/monitor_samples.jsonl,artifact/raw/B3-formal-v1/M6-S1-measured-07-M6_I2R2_N1024_e512_COLD_repeated/monitor_samples.jsonl,5f82c89bdc2c18074b80749f9d447630423da943cede824b313c3969e698a223,EXACT_BYTES; ARCHIVE_RESTORE
artifact/raw/B3-formal-v1/M6-S1-measured-07-M6_I2R2_N1024_e512_ONLINE_packed/monitor_samples.jsonl,artifact/raw/B3-formal-v1/M6-S1-measured-07-M6_I2R2_N1024_e512_ONLINE_packed/monitor_samples.jsonl,a5130a0bd8c54f9c0768fa0ea863946d8dac11054886960cda39b709e5394476,EXACT_BYTES; ARCHIVE_RESTORE
artifact/raw/B3-formal-v1/M6-S1-measured-07-M6_I2R2_N1024_e512_ONLINE_repeated/monitor_samples.jsonl,artifact/raw/B3-formal-v1/M6-S1-measured-07-M6_I2R2_N1024_e512_ONLINE_repeated/monitor_samples.jsonl,cd68512a05996bc35dbd8162e9267371cf5ff3dcff772ddd17b1682c157794b8,EXACT_BYTES; ARCHIVE_RESTORE
artifact/raw/B3-formal-v1/M6-S1-measured-08-M6_I1R1_N1024_e512_COLD_packed/monitor_samples.jsonl,artifact/raw/B3-formal-v1/M6-S1-measured-08-M6_I1R1_N1024_e512_COLD_packed/monitor_samples.jsonl,85a6e7484c13623a499d069484cebd60117d89e3c8496be3468d7faddb8ef6e7,EXACT_BYTES; ARCHIVE_RESTORE
artifact/raw/B3-formal-v1/M6-S1-measured-08-M6_I1R1_N1024_e512_COLD_repeated/monitor_samples.jsonl,artifact/raw/B3-formal-v1/M6-S1-measured-08-M6_I1R1_N1024_e512_COLD_repeated/monitor_samples.jsonl,74987d6f7dc473a491338e91e8f29a37abc85e971b53a1092dba381dcf56302a,EXACT_BYTES; ARCHIVE_RESTORE
artifact/raw/B3-formal-v1/M6-S1-measured-08-M6_I1R1_N1024_e512_ONLINE_packed/monitor_samples.jsonl,artifact/raw/B3-formal-v1/M6-S1-measured-08-M6_I1R1_N1024_e512_ONLINE_packed/monitor_samples.jsonl,bc1f9580e0042342b8031763a289640d15f84548b91c1de93ac591bbb025aef7,EXACT_BYTES; ARCHIVE_RESTORE
artifact/raw/B3-formal-v1/M6-S1-measured-08-M6_I1R1_N1024_e512_ONLINE_repeated/monitor_samples.jsonl,artifact/raw/B3-formal-v1/M6-S1-measured-08-M6_I1R1_N1024_e512_ONLINE_repeated/monitor_samples.jsonl,2eb8d77a2f51bd5cbd7297110440f2ab52c8e68591440880a6cd1749fbba40ef,EXACT_BYTES; ARCHIVE_RESTORE
artifact/raw/B3-formal-v1/M6-S1-measured-08-M6_I1R2_N1024_e512_COLD_packed/monitor_samples.jsonl,artifact/raw/B3-formal-v1/M6-S1-measured-08-M6_I1R2_N1024_e512_COLD_packed/monitor_samples.jsonl,c78147cdc80da37b159cba1c21e8d8cec7dc4bd4fd86bb8cfad8619e2bbdbc92,EXACT_BYTES; ARCHIVE_RESTORE
artifact/raw/B3-formal-v1/M6-S1-measured-08-M6_I1R2_N1024_e512_COLD_repeated/monitor_samples.jsonl,artifact/raw/B3-formal-v1/M6-S1-measured-08-M6_I1R2_N1024_e512_COLD_repeated/monitor_samples.jsonl,4d582c8e9304c400b8b78a3c233543a961f26f03956be873aafdf01d8c9c1e42,EXACT_BYTES; ARCHIVE_RESTORE
artifact/raw/B3-formal-v1/M6-S1-measured-08-M6_I1R2_N1024_e512_ONLINE_packed/monitor_samples.jsonl,artifact/raw/B3-formal-v1/M6-S1-measured-08-M6_I1R2_N1024_e512_ONLINE_packed/monitor_samples.jsonl,e601eac56292d0abc1e04c9bcbf4f3aa3f600be664baa24a0295e3e051cddef0,EXACT_BYTES; ARCHIVE_RESTORE
artifact/raw/B3-formal-v1/M6-S1-measured-08-M6_I1R2_N1024_e512_ONLINE_repeated/monitor_samples.jsonl,artifact/raw/B3-formal-v1/M6-S1-measured-08-M6_I1R2_N1024_e512_ONLINE_repeated/monitor_samples.jsonl,b32ca9e868108d5f2a40e83e2d4eb7e7d9baba85b57f461e06e10018b74b9ba6,EXACT_BYTES; ARCHIVE_RESTORE
artifact/raw/B3-formal-v1/M6-S1-measured-08-M6_I2R1_N1024_e512_COLD_packed/monitor_samples.jsonl,artifact/raw/B3-formal-v1/M6-S1-measured-08-M6_I2R1_N1024_e512_COLD_packed/monitor_samples.jsonl,c3f6b5001e4aae42a49845e0d7dc5c376de152d4d59c30cbe35cc72b0a80af2a,EXACT_BYTES; ARCHIVE_RESTORE
artifact/raw/B3-formal-v1/M6-S1-measured-08-M6_I2R1_N1024_e512_COLD_repeated/monitor_samples.jsonl,artifact/raw/B3-formal-v1/M6-S1-measured-08-M6_I2R1_N1024_e512_COLD_repeated/monitor_samples.jsonl,d3b02a922568eee8cb954559312a98a5e910d04c14dc9525680901f46d8b455b,EXACT_BYTES; ARCHIVE_RESTORE
artifact/raw/B3-formal-v1/M6-S1-measured-08-M6_I2R1_N1024_e512_ONLINE_packed/monitor_samples.jsonl,artifact/raw/B3-formal-v1/M6-S1-measured-08-M6_I2R1_N1024_e512_ONLINE_packed/monitor_samples.jsonl,2fd4aad20ecaf754223e8aa49165f776fc448f3a8052e1788da2bcf63482d3ed,EXACT_BYTES; ARCHIVE_RESTORE
artifact/raw/B3-formal-v1/M6-S1-measured-08-M6_I2R1_N1024_e512_ONLINE_repeated/monitor_samples.jsonl,artifact/raw/B3-formal-v1/M6-S1-measured-08-M6_I2R1_N1024_e512_ONLINE_repeated/monitor_samples.jsonl,d31bf9de8c1c37d6b5ba6b57ce81172300d18184b9cd0fc2cc695b218911cb4e,EXACT_BYTES; ARCHIVE_RESTORE
artifact/raw/B3-formal-v1/M6-S1-measured-08-M6_I2R2_N1024_e512_COLD_packed/monitor_samples.jsonl,artifact/raw/B3-formal-v1/M6-S1-measured-08-M6_I2R2_N1024_e512_COLD_packed/monitor_samples.jsonl,8cea5e486669eb95f7f4ff34deea6e7bb545afc0adb46001a6b78942455f7c43,EXACT_BYTES; ARCHIVE_RESTORE
artifact/raw/B3-formal-v1/M6-S1-measured-08-M6_I2R2_N1024_e512_COLD_repeated/monitor_samples.jsonl,artifact/raw/B3-formal-v1/M6-S1-measured-08-M6_I2R2_N1024_e512_COLD_repeated/monitor_samples.jsonl,579bcab8d2f2203e2b02071507ed8f2168668284a983bcdb31512a6d73806366,EXACT_BYTES; ARCHIVE_RESTORE
artifact/raw/B3-formal-v1/M6-S1-measured-08-M6_I2R2_N1024_e512_ONLINE_packed/monitor_samples.jsonl,artifact/raw/B3-formal-v1/M6-S1-measured-08-M6_I2R2_N1024_e512_ONLINE_packed/monitor_samples.jsonl,7aaa9af3a4a5ca13ded0bdcecc8a5b2b2997f9663ae25c341eff7e1da2d9bdc0,EXACT_BYTES; ARCHIVE_RESTORE
artifact/raw/B3-formal-v1/M6-S1-measured-08-M6_I2R2_N1024_e512_ONLINE_repeated/monitor_samples.jsonl,artifact/raw/B3-formal-v1/M6-S1-measured-08-M6_I2R2_N1024_e512_ONLINE_repeated/monitor_samples.jsonl,620bd6b6b3b47d2593399de0f1ce6258b239fc5d00b7882d1b8582e7a13f748e,EXACT_BYTES; ARCHIVE_RESTORE
artifact/raw/B3-formal-v1/M6-S1-measured-09-M6_I1R1_N1024_e512_COLD_packed/monitor_samples.jsonl,artifact/raw/B3-formal-v1/M6-S1-measured-09-M6_I1R1_N1024_e512_COLD_packed/monitor_samples.jsonl,73378049a79236bfeea659456c09255bfebefdaf887de0966d6b933cae66168d,EXACT_BYTES; ARCHIVE_RESTORE
artifact/raw/B3-formal-v1/M6-S1-measured-09-M6_I1R1_N1024_e512_COLD_repeated/monitor_samples.jsonl,artifact/raw/B3-formal-v1/M6-S1-measured-09-M6_I1R1_N1024_e512_COLD_repeated/monitor_samples.jsonl,5a0d46de0e7d68da41174c948666d6579030efcfb98799c99ce3d87b3bec073a,EXACT_BYTES; ARCHIVE_RESTORE
artifact/raw/B3-formal-v1/M6-S1-measured-09-M6_I1R1_N1024_e512_ONLINE_packed/monitor_samples.jsonl,artifact/raw/B3-formal-v1/M6-S1-measured-09-M6_I1R1_N1024_e512_ONLINE_packed/monitor_samples.jsonl,333dcd0922e50a98eb50faf3e234f2c68c6a9cfb9c7c730c301e61d5a743b80f,EXACT_BYTES; ARCHIVE_RESTORE
artifact/raw/B3-formal-v1/M6-S1-measured-09-M6_I1R1_N1024_e512_ONLINE_repeated/monitor_samples.jsonl,artifact/raw/B3-formal-v1/M6-S1-measured-09-M6_I1R1_N1024_e512_ONLINE_repeated/monitor_samples.jsonl,3c4c18a0c88f1517980c7987b742f72fee305237506a2848a7ce9c90e69e24b5,EXACT_BYTES; ARCHIVE_RESTORE
artifact/raw/B3-formal-v1/M6-S1-measured-09-M6_I1R2_N1024_e512_COLD_packed/monitor_samples.jsonl,artifact/raw/B3-formal-v1/M6-S1-measured-09-M6_I1R2_N1024_e512_COLD_packed/monitor_samples.jsonl,556bf9b8c9fee1de7fda6904527f412bc4c7cf962a9098376ba5a338458abd73,EXACT_BYTES; ARCHIVE_RESTORE
artifact/raw/B3-formal-v1/M6-S1-measured-09-M6_I1R2_N1024_e512_COLD_repeated/monitor_samples.jsonl,artifact/raw/B3-formal-v1/M6-S1-measured-09-M6_I1R2_N1024_e512_COLD_repeated/monitor_samples.jsonl,c4374e5e412bd48031cf965ac9d1933d2010ea71003f18f33127ff468bdf025f,EXACT_BYTES; ARCHIVE_RESTORE
artifact/raw/B3-formal-v1/M6-S1-measured-09-M6_I1R2_N1024_e512_ONLINE_packed/monitor_samples.jsonl,artifact/raw/B3-formal-v1/M6-S1-measured-09-M6_I1R2_N1024_e512_ONLINE_packed/monitor_samples.jsonl,59bb5f0192bb30d11f57455d7d8efbd1a0db9b42d84dc04927ffd7caa6cf24da,EXACT_BYTES; ARCHIVE_RESTORE
artifact/raw/B3-formal-v1/M6-S1-measured-09-M6_I1R2_N1024_e512_ONLINE_repeated/monitor_samples.jsonl,artifact/raw/B3-formal-v1/M6-S1-measured-09-M6_I1R2_N1024_e512_ONLINE_repeated/monitor_samples.jsonl,e12f3b9c1b37fdd01d4049d6ca9310ffef34303ba553b66c9a760c43b1a9e1a6,EXACT_BYTES; ARCHIVE_RESTORE
artifact/raw/B3-formal-v1/M6-S1-measured-09-M6_I2R1_N1024_e512_COLD_packed/monitor_samples.jsonl,artifact/raw/B3-formal-v1/M6-S1-measured-09-M6_I2R1_N1024_e512_COLD_packed/monitor_samples.jsonl,4fcc5cfda07b4509eab7ac2094e336354538509239f064368b357d60a9b8b882,EXACT_BYTES; ARCHIVE_RESTORE
artifact/raw/B3-formal-v1/M6-S1-measured-09-M6_I2R1_N1024_e512_COLD_repeated/monitor_samples.jsonl,artifact/raw/B3-formal-v1/M6-S1-measured-09-M6_I2R1_N1024_e512_COLD_repeated/monitor_samples.jsonl,1674991325afee8b43f2c54c8ab1ed9f716b4106ecf93e9faf9b69f40ed1bbde,EXACT_BYTES; ARCHIVE_RESTORE
artifact/raw/B3-formal-v1/M6-S1-measured-09-M6_I2R1_N1024_e512_ONLINE_packed/monitor_samples.jsonl,artifact/raw/B3-formal-v1/M6-S1-measured-09-M6_I2R1_N1024_e512_ONLINE_packed/monitor_samples.jsonl,9cb02c90f73acb975f78b4a735239a1cec28a09241f9818ab27b26de778a41b6,EXACT_BYTES; ARCHIVE_RESTORE
artifact/raw/B3-formal-v1/M6-S1-measured-09-M6_I2R1_N1024_e512_ONLINE_repeated/monitor_samples.jsonl,artifact/raw/B3-formal-v1/M6-S1-measured-09-M6_I2R1_N1024_e512_ONLINE_repeated/monitor_samples.jsonl,d5489ec1b41b3d46b06132642e1ac569ba30a2cb10d2460aa524d4034a414b9d,EXACT_BYTES; ARCHIVE_RESTORE
artifact/raw/B3-formal-v1/M6-S1-measured-09-M6_I2R2_N1024_e512_COLD_packed/monitor_samples.jsonl,artifact/raw/B3-formal-v1/M6-S1-measured-09-M6_I2R2_N1024_e512_COLD_packed/monitor_samples.jsonl,4b527e62740b017a4a799142373ee6af96f7276efe377dd8e76d92925e26cf8d,EXACT_BYTES; ARCHIVE_RESTORE
artifact/raw/B3-formal-v1/M6-S1-measured-09-M6_I2R2_N1024_e512_COLD_repeated/monitor_samples.jsonl,artifact/raw/B3-formal-v1/M6-S1-measured-09-M6_I2R2_N1024_e512_COLD_repeated/monitor_samples.jsonl,acfad6fd3178a5b2d6cce0bb39dc1b8983d32645a11d410f04bb8db5ecb42036,EXACT_BYTES; ARCHIVE_RESTORE
artifact/raw/B3-formal-v1/M6-S1-measured-09-M6_I2R2_N1024_e512_ONLINE_packed/monitor_samples.jsonl,artifact/raw/B3-formal-v1/M6-S1-measured-09-M6_I2R2_N1024_e512_ONLINE_packed/monitor_samples.jsonl,311a2de76621a53d35ac90203e904a9cc9f7e57489967daf734dc7aad0baf181,EXACT_BYTES; ARCHIVE_RESTORE
artifact/raw/B3-formal-v1/M6-S1-measured-09-M6_I2R2_N1024_e512_ONLINE_repeated/monitor_samples.jsonl,artifact/raw/B3-formal-v1/M6-S1-measured-09-M6_I2R2_N1024_e512_ONLINE_repeated/monitor_samples.jsonl,06cc69b43db948df260d338a97cd7eb46ea8bbf6f3155c89e51cfe22d11e2e4c,EXACT_BYTES; ARCHIVE_RESTORE
artifact/raw/B3-formal-v1/M6-S1-measured-10-M6_I1R1_N1024_e512_COLD_packed/monitor_samples.jsonl,artifact/raw/B3-formal-v1/M6-S1-measured-10-M6_I1R1_N1024_e512_COLD_packed/monitor_samples.jsonl,a31d422beb552596bfae5a8abb4898c4409745f69114a5d063e2338f05e36896,EXACT_BYTES; ARCHIVE_RESTORE
artifact/raw/B3-formal-v1/M6-S1-measured-10-M6_I1R1_N1024_e512_COLD_repeated/monitor_samples.jsonl,artifact/raw/B3-formal-v1/M6-S1-measured-10-M6_I1R1_N1024_e512_COLD_repeated/monitor_samples.jsonl,b069e55c16f828cc0f3e5a3a7262191e0dbe99f736cd1fd16cd58da8a07e1496,EXACT_BYTES; ARCHIVE_RESTORE
artifact/raw/B3-formal-v1/M6-S1-measured-10-M6_I1R1_N1024_e512_ONLINE_packed/monitor_samples.jsonl,artifact/raw/B3-formal-v1/M6-S1-measured-10-M6_I1R1_N1024_e512_ONLINE_packed/monitor_samples.jsonl,0c7f26f159db02fb3e630a4fbafdd104984b0369cd9ebd831b08cde283032aff,EXACT_BYTES; ARCHIVE_RESTORE
artifact/raw/B3-formal-v1/M6-S1-measured-10-M6_I1R1_N1024_e512_ONLINE_repeated/monitor_samples.jsonl,artifact/raw/B3-formal-v1/M6-S1-measured-10-M6_I1R1_N1024_e512_ONLINE_repeated/monitor_samples.jsonl,30ae39db9b1edf56173208e9870847a7feeb145359d65b327afa82304620b1b2,EXACT_BYTES; ARCHIVE_RESTORE
artifact/raw/B3-formal-v1/M6-S1-measured-10-M6_I1R2_N1024_e512_COLD_packed/monitor_samples.jsonl,artifact/raw/B3-formal-v1/M6-S1-measured-10-M6_I1R2_N1024_e512_COLD_packed/monitor_samples.jsonl,d78988c3c80d61b0508d685f994099a978f18ec24a631926c55add893ec311df,EXACT_BYTES; ARCHIVE_RESTORE
artifact/raw/B3-formal-v1/M6-S1-measured-10-M6_I1R2_N1024_e512_COLD_repeated/monitor_samples.jsonl,artifact/raw/B3-formal-v1/M6-S1-measured-10-M6_I1R2_N1024_e512_COLD_repeated/monitor_samples.jsonl,59a95b1ab04630d78b6bacd6a7ffac9c3f71cca1c325b689ff0320f247954c56,EXACT_BYTES; ARCHIVE_RESTORE
artifact/raw/B3-formal-v1/M6-S1-measured-10-M6_I1R2_N1024_e512_ONLINE_packed/monitor_samples.jsonl,artifact/raw/B3-formal-v1/M6-S1-measured-10-M6_I1R2_N1024_e512_ONLINE_packed/monitor_samples.jsonl,16eceb434f9558ea2918e292325cdfd0e866448d51e997c359d4d52b49d9a7a3,EXACT_BYTES; ARCHIVE_RESTORE
artifact/raw/B3-formal-v1/M6-S1-measured-10-M6_I1R2_N1024_e512_ONLINE_repeated/monitor_samples.jsonl,artifact/raw/B3-formal-v1/M6-S1-measured-10-M6_I1R2_N1024_e512_ONLINE_repeated/monitor_samples.jsonl,1f8d46fc1f72f6fd9a9e75017690c6fa05f72f9c8c40db229d6a836d925d5e30,EXACT_BYTES; ARCHIVE_RESTORE
artifact/raw/B3-formal-v1/M6-S1-measured-10-M6_I2R1_N1024_e512_COLD_packed/monitor_samples.jsonl,artifact/raw/B3-formal-v1/M6-S1-measured-10-M6_I2R1_N1024_e512_COLD_packed/monitor_samples.jsonl,628b614ebd24a33c9ef101ca055e7de7cc76a336e86aec09257e45ea3dd6e9b7,EXACT_BYTES; ARCHIVE_RESTORE
artifact/raw/B3-formal-v1/M6-S1-measured-10-M6_I2R1_N1024_e512_COLD_repeated/monitor_samples.jsonl,artifact/raw/B3-formal-v1/M6-S1-measured-10-M6_I2R1_N1024_e512_COLD_repeated/monitor_samples.jsonl,a286375626c65425322b0f7f3cd6b24c88f291838088b8fe95bf53908a186a1d,EXACT_BYTES; ARCHIVE_RESTORE
artifact/raw/B3-formal-v1/M6-S1-measured-10-M6_I2R1_N1024_e512_ONLINE_packed/monitor_samples.jsonl,artifact/raw/B3-formal-v1/M6-S1-measured-10-M6_I2R1_N1024_e512_ONLINE_packed/monitor_samples.jsonl,be3edb5a175d32d86f92660a5eca5da6716bb5648d1ec2062d5c1cda87a51b97,EXACT_BYTES; ARCHIVE_RESTORE
artifact/raw/B3-formal-v1/M6-S1-measured-10-M6_I2R1_N1024_e512_ONLINE_repeated/monitor_samples.jsonl,artifact/raw/B3-formal-v1/M6-S1-measured-10-M6_I2R1_N1024_e512_ONLINE_repeated/monitor_samples.jsonl,60331390e39377e3d46acc645eff75172d713026a4033e5eb125cee3aa93759c,EXACT_BYTES; ARCHIVE_RESTORE
artifact/raw/B3-formal-v1/M6-S1-measured-10-M6_I2R2_N1024_e512_COLD_packed/monitor_samples.jsonl,artifact/raw/B3-formal-v1/M6-S1-measured-10-M6_I2R2_N1024_e512_COLD_packed/monitor_samples.jsonl,b76a6cdb93ca425ecf11f4ef80d101d85c09c45c916b52c13b3e823e0cc6dea7,EXACT_BYTES; ARCHIVE_RESTORE
artifact/raw/B3-formal-v1/M6-S1-measured-10-M6_I2R2_N1024_e512_COLD_repeated/monitor_samples.jsonl,artifact/raw/B3-formal-v1/M6-S1-measured-10-M6_I2R2_N1024_e512_COLD_repeated/monitor_samples.jsonl,7c3798995b4e265d14c884f5e014065b95d49f7908918b93857114fd4cecf14d,EXACT_BYTES; ARCHIVE_RESTORE
artifact/raw/B3-formal-v1/M6-S1-measured-10-M6_I2R2_N1024_e512_ONLINE_packed/monitor_samples.jsonl,artifact/raw/B3-formal-v1/M6-S1-measured-10-M6_I2R2_N1024_e512_ONLINE_packed/monitor_samples.jsonl,09b7fb3e9227c02c08c8bc71d7498552689b7163a382a9c40d61e4984e02344e,EXACT_BYTES; ARCHIVE_RESTORE
artifact/raw/B3-formal-v1/M6-S1-measured-10-M6_I2R2_N1024_e512_ONLINE_repeated/monitor_samples.jsonl,artifact/raw/B3-formal-v1/M6-S1-measured-10-M6_I2R2_N1024_e512_ONLINE_repeated/monitor_samples.jsonl,80bae904e881035a4524c76bfc16ba69d4cd4fbd911f451eb989ea8b431dfa35,EXACT_BYTES; ARCHIVE_RESTORE
artifact/raw/B3-formal-v1/M6-S1-warmup-01-M6_I1R1_N1024_e512_COLD_packed/monitor_samples.jsonl,artifact/raw/B3-formal-v1/M6-S1-warmup-01-M6_I1R1_N1024_e512_COLD_packed/monitor_samples.jsonl,a4c6c04251fe2a2fb91e44a54655d9e01749ac2cc6b23fabeae6cb7701b862e2,EXACT_BYTES; ARCHIVE_RESTORE
artifact/raw/B3-formal-v1/M6-S1-warmup-01-M6_I1R1_N1024_e512_COLD_repeated/monitor_samples.jsonl,artifact/raw/B3-formal-v1/M6-S1-warmup-01-M6_I1R1_N1024_e512_COLD_repeated/monitor_samples.jsonl,b2e03a2403f31cb56ab29eab236507361be2bb2195beaf607c2461f64c6db4fe,EXACT_BYTES; ARCHIVE_RESTORE
artifact/raw/B3-formal-v1/M6-S1-warmup-01-M6_I1R1_N1024_e512_ONLINE_packed/monitor_samples.jsonl,artifact/raw/B3-formal-v1/M6-S1-warmup-01-M6_I1R1_N1024_e512_ONLINE_packed/monitor_samples.jsonl,6d4c9f668ae687c5e492a06f7f8b4d4877f3a2fa88e576657b1fb1f5df1ec272,EXACT_BYTES; ARCHIVE_RESTORE
artifact/raw/B3-formal-v1/M6-S1-warmup-01-M6_I1R1_N1024_e512_ONLINE_repeated/monitor_samples.jsonl,artifact/raw/B3-formal-v1/M6-S1-warmup-01-M6_I1R1_N1024_e512_ONLINE_repeated/monitor_samples.jsonl,2d6b5e96879ff754fb37a360bd19cc1a1f634e4a5ea48d774442cc7224b1f250,EXACT_BYTES; ARCHIVE_RESTORE
artifact/raw/B3-formal-v1/M6-S1-warmup-01-M6_I1R2_N1024_e512_COLD_packed/monitor_samples.jsonl,artifact/raw/B3-formal-v1/M6-S1-warmup-01-M6_I1R2_N1024_e512_COLD_packed/monitor_samples.jsonl,bc2292920d1b6766c9b0f66eebaf517e3bfc282907c5a48f072a93e505c0415e,EXACT_BYTES; ARCHIVE_RESTORE
artifact/raw/B3-formal-v1/M6-S1-warmup-01-M6_I1R2_N1024_e512_COLD_repeated/monitor_samples.jsonl,artifact/raw/B3-formal-v1/M6-S1-warmup-01-M6_I1R2_N1024_e512_COLD_repeated/monitor_samples.jsonl,f2250f301f88b7812a126f24295c217ad6d804da055695edf24691c1040041b5,EXACT_BYTES; ARCHIVE_RESTORE
artifact/raw/B3-formal-v1/M6-S1-warmup-01-M6_I1R2_N1024_e512_ONLINE_packed/monitor_samples.jsonl,artifact/raw/B3-formal-v1/M6-S1-warmup-01-M6_I1R2_N1024_e512_ONLINE_packed/monitor_samples.jsonl,4e272533dbb54b58f4e6428886b965c2a8aec1bf7a8cecfea60cb9677a49d906,EXACT_BYTES; ARCHIVE_RESTORE
artifact/raw/B3-formal-v1/M6-S1-warmup-01-M6_I1R2_N1024_e512_ONLINE_repeated/monitor_samples.jsonl,artifact/raw/B3-formal-v1/M6-S1-warmup-01-M6_I1R2_N1024_e512_ONLINE_repeated/monitor_samples.jsonl,2e53a64e3c52a4670c98d9e24d1d036ad2780dcd1b9ab3ee7cbbcdc816932f3f,EXACT_BYTES; ARCHIVE_RESTORE
artifact/raw/B3-formal-v1/M6-S1-warmup-01-M6_I2R1_N1024_e512_COLD_packed/monitor_samples.jsonl,artifact/raw/B3-formal-v1/M6-S1-warmup-01-M6_I2R1_N1024_e512_COLD_packed/monitor_samples.jsonl,7d9d652b03f76f72035dec04344d0a91729008ac376ef08e2995c593edb529e4,EXACT_BYTES; ARCHIVE_RESTORE
artifact/raw/B3-formal-v1/M6-S1-warmup-01-M6_I2R1_N1024_e512_COLD_repeated/monitor_samples.jsonl,artifact/raw/B3-formal-v1/M6-S1-warmup-01-M6_I2R1_N1024_e512_COLD_repeated/monitor_samples.jsonl,b9e21e4680df8b3645f9fd6f5748025d842fff37195e82f5d5875cc53c4e0185,EXACT_BYTES; ARCHIVE_RESTORE
artifact/raw/B3-formal-v1/M6-S1-warmup-01-M6_I2R1_N1024_e512_ONLINE_packed/monitor_samples.jsonl,artifact/raw/B3-formal-v1/M6-S1-warmup-01-M6_I2R1_N1024_e512_ONLINE_packed/monitor_samples.jsonl,c4f637b375e0ef414c47fa5a8edd4bac7c55448c7d013a0dc945ebb16c830576,EXACT_BYTES; ARCHIVE_RESTORE
artifact/raw/B3-formal-v1/M6-S1-warmup-01-M6_I2R1_N1024_e512_ONLINE_repeated/monitor_samples.jsonl,artifact/raw/B3-formal-v1/M6-S1-warmup-01-M6_I2R1_N1024_e512_ONLINE_repeated/monitor_samples.jsonl,77ca07ba67da04466643337dcd95068d3c7130eacae3400aff7ef626ba057918,EXACT_BYTES; ARCHIVE_RESTORE
artifact/raw/B3-formal-v1/M6-S1-warmup-01-M6_I2R2_N1024_e512_COLD_packed/monitor_samples.jsonl,artifact/raw/B3-formal-v1/M6-S1-warmup-01-M6_I2R2_N1024_e512_COLD_packed/monitor_samples.jsonl,261f53aea441f083524dbbec9337142f788e077252c09d5e42185baaa5b8bddf,EXACT_BYTES; ARCHIVE_RESTORE
artifact/raw/B3-formal-v1/M6-S1-warmup-01-M6_I2R2_N1024_e512_COLD_repeated/monitor_samples.jsonl,artifact/raw/B3-formal-v1/M6-S1-warmup-01-M6_I2R2_N1024_e512_COLD_repeated/monitor_samples.jsonl,fc56edc4be3c83ba15eeded5d84b26674244d0ec64f24c787c55f7a71c008d42,EXACT_BYTES; ARCHIVE_RESTORE
artifact/raw/B3-formal-v1/M6-S1-warmup-01-M6_I2R2_N1024_e512_ONLINE_packed/monitor_samples.jsonl,artifact/raw/B3-formal-v1/M6-S1-warmup-01-M6_I2R2_N1024_e512_ONLINE_packed/monitor_samples.jsonl,d663be12acd97aa3b6a0e4e2561d235368d812101f4111e1a141fe0911464827,EXACT_BYTES; ARCHIVE_RESTORE
artifact/raw/B3-formal-v1/M6-S1-warmup-01-M6_I2R2_N1024_e512_ONLINE_repeated/monitor_samples.jsonl,artifact/raw/B3-formal-v1/M6-S1-warmup-01-M6_I2R2_N1024_e512_ONLINE_repeated/monitor_samples.jsonl,40b5ccd138c621a854eac689004408208e306a1a47fd7e68a479a570c3ac8fd8,EXACT_BYTES; ARCHIVE_RESTORE
artifact/raw/B3-formal-v1/M6-S1-warmup-02-M6_I1R1_N1024_e512_COLD_packed/monitor_samples.jsonl,artifact/raw/B3-formal-v1/M6-S1-warmup-02-M6_I1R1_N1024_e512_COLD_packed/monitor_samples.jsonl,772c38438f0220a198bf1544e0d615e734c9461698aba091c045327af2de5a07,EXACT_BYTES; ARCHIVE_RESTORE
artifact/raw/B3-formal-v1/M6-S1-warmup-02-M6_I1R1_N1024_e512_COLD_repeated/monitor_samples.jsonl,artifact/raw/B3-formal-v1/M6-S1-warmup-02-M6_I1R1_N1024_e512_COLD_repeated/monitor_samples.jsonl,a4ae8e52e64d09f73278dbe469297445a45f2221a8e114b8448f05f83a68d76b,EXACT_BYTES; ARCHIVE_RESTORE
artifact/raw/B3-formal-v1/M6-S1-warmup-02-M6_I1R1_N1024_e512_ONLINE_packed/monitor_samples.jsonl,artifact/raw/B3-formal-v1/M6-S1-warmup-02-M6_I1R1_N1024_e512_ONLINE_packed/monitor_samples.jsonl,8e12d30ba96c36f3f932dbcac71476f3fb1480d0efa7be0572eee299088ff58f,EXACT_BYTES; ARCHIVE_RESTORE
artifact/raw/B3-formal-v1/M6-S1-warmup-02-M6_I1R1_N1024_e512_ONLINE_repeated/monitor_samples.jsonl,artifact/raw/B3-formal-v1/M6-S1-warmup-02-M6_I1R1_N1024_e512_ONLINE_repeated/monitor_samples.jsonl,44572a9b2c97fcdd56ba724e602e7459099f0e0210f1f1fd2dc0d1824611e91e,EXACT_BYTES; ARCHIVE_RESTORE
artifact/raw/B3-formal-v1/M6-S1-warmup-02-M6_I1R2_N1024_e512_COLD_packed/monitor_samples.jsonl,artifact/raw/B3-formal-v1/M6-S1-warmup-02-M6_I1R2_N1024_e512_COLD_packed/monitor_samples.jsonl,f186973b154894374dc15615b7a358668447e5076168f7ebf7317c2dc21db549,EXACT_BYTES; ARCHIVE_RESTORE
artifact/raw/B3-formal-v1/M6-S1-warmup-02-M6_I1R2_N1024_e512_COLD_repeated/monitor_samples.jsonl,artifact/raw/B3-formal-v1/M6-S1-warmup-02-M6_I1R2_N1024_e512_COLD_repeated/monitor_samples.jsonl,f61e633706320855c11ea4423c8970dfd03f5d0a660382e7f3c89b3e2834193d,EXACT_BYTES; ARCHIVE_RESTORE
artifact/raw/B3-formal-v1/M6-S1-warmup-02-M6_I1R2_N1024_e512_ONLINE_packed/monitor_samples.jsonl,artifact/raw/B3-formal-v1/M6-S1-warmup-02-M6_I1R2_N1024_e512_ONLINE_packed/monitor_samples.jsonl,d7abe90b1a190973c712a55ce46a979cd034ffc8b8ee8006542908a4796d7284,EXACT_BYTES; ARCHIVE_RESTORE
artifact/raw/B3-formal-v1/M6-S1-warmup-02-M6_I1R2_N1024_e512_ONLINE_repeated/monitor_samples.jsonl,artifact/raw/B3-formal-v1/M6-S1-warmup-02-M6_I1R2_N1024_e512_ONLINE_repeated/monitor_samples.jsonl,73b601e6b2a22970c2a868739f14f6e7fdff2c63262548e47285a0019bbec511,EXACT_BYTES; ARCHIVE_RESTORE
artifact/raw/B3-formal-v1/M6-S1-warmup-02-M6_I2R1_N1024_e512_COLD_packed/monitor_samples.jsonl,artifact/raw/B3-formal-v1/M6-S1-warmup-02-M6_I2R1_N1024_e512_COLD_packed/monitor_samples.jsonl,998f5220eb2d6a9c2942dc58be68040d2d5c6832e492036248b23d7cfdf8b15f,EXACT_BYTES; ARCHIVE_RESTORE
artifact/raw/B3-formal-v1/M6-S1-warmup-02-M6_I2R1_N1024_e512_COLD_repeated/monitor_samples.jsonl,artifact/raw/B3-formal-v1/M6-S1-warmup-02-M6_I2R1_N1024_e512_COLD_repeated/monitor_samples.jsonl,e8de2970fd5da49d66e8e87c8d380009a885739da12af9b671beaa4f4e8d44af,EXACT_BYTES; ARCHIVE_RESTORE
artifact/raw/B3-formal-v1/M6-S1-warmup-02-M6_I2R1_N1024_e512_ONLINE_packed/monitor_samples.jsonl,artifact/raw/B3-formal-v1/M6-S1-warmup-02-M6_I2R1_N1024_e512_ONLINE_packed/monitor_samples.jsonl,5e8be4187c9715f17e211df39ddb008d9784520ba084a2fcab446b94f20b3b5a,EXACT_BYTES; ARCHIVE_RESTORE
artifact/raw/B3-formal-v1/M6-S1-warmup-02-M6_I2R1_N1024_e512_ONLINE_repeated/monitor_samples.jsonl,artifact/raw/B3-formal-v1/M6-S1-warmup-02-M6_I2R1_N1024_e512_ONLINE_repeated/monitor_samples.jsonl,717870e8a2e80e3fbe4dd5a2bf8eb868d56995b5e406bc86c4b623edbdff93d3,EXACT_BYTES; ARCHIVE_RESTORE
artifact/raw/B3-formal-v1/M6-S1-warmup-02-M6_I2R2_N1024_e512_COLD_packed/monitor_samples.jsonl,artifact/raw/B3-formal-v1/M6-S1-warmup-02-M6_I2R2_N1024_e512_COLD_packed/monitor_samples.jsonl,82853bb8f0f2610c92438d5cbc23b08509b343e4bcae1f5882f45c0c28edaf8f,EXACT_BYTES; ARCHIVE_RESTORE
artifact/raw/B3-formal-v1/M6-S1-warmup-02-M6_I2R2_N1024_e512_COLD_repeated/monitor_samples.jsonl,artifact/raw/B3-formal-v1/M6-S1-warmup-02-M6_I2R2_N1024_e512_COLD_repeated/monitor_samples.jsonl,f15e4d288200d1b1ccc10d5bff8b4a29254752fa7b370b146eb534b1106c4082,EXACT_BYTES; ARCHIVE_RESTORE
artifact/raw/B3-formal-v1/M6-S1-warmup-02-M6_I2R2_N1024_e512_ONLINE_packed/monitor_samples.jsonl,artifact/raw/B3-formal-v1/M6-S1-warmup-02-M6_I2R2_N1024_e512_ONLINE_packed/monitor_samples.jsonl,6cf11b0899a709947e19ee5bb062f46fe0818944abf7b77192331edba6407d9c,EXACT_BYTES; ARCHIVE_RESTORE
artifact/raw/B3-formal-v1/M6-S1-warmup-02-M6_I2R2_N1024_e512_ONLINE_repeated/monitor_samples.jsonl,artifact/raw/B3-formal-v1/M6-S1-warmup-02-M6_I2R2_N1024_e512_ONLINE_repeated/monitor_samples.jsonl,527ed620b8ab35fa7126093c80e8d3e4c51489a534be4e95956e3de12675540d,EXACT_BYTES; ARCHIVE_RESTORE
artifact/raw/B3-formal-v1/M6-S1-warmup-03-M6_I1R1_N1024_e512_COLD_packed/monitor_samples.jsonl,artifact/raw/B3-formal-v1/M6-S1-warmup-03-M6_I1R1_N1024_e512_COLD_packed/monitor_samples.jsonl,48993d93da8170e07c22e772e2e7b8d6d0c6d3136fba6430623e6c095eb9430c,EXACT_BYTES; ARCHIVE_RESTORE
artifact/raw/B3-formal-v1/M6-S1-warmup-03-M6_I1R1_N1024_e512_COLD_repeated/monitor_samples.jsonl,artifact/raw/B3-formal-v1/M6-S1-warmup-03-M6_I1R1_N1024_e512_COLD_repeated/monitor_samples.jsonl,0b8493310cd4d1043511cf8c70cba23a2ed0670ee40636c80e15e5637a53c6a7,EXACT_BYTES; ARCHIVE_RESTORE
artifact/raw/B3-formal-v1/M6-S1-warmup-03-M6_I1R1_N1024_e512_ONLINE_packed/monitor_samples.jsonl,artifact/raw/B3-formal-v1/M6-S1-warmup-03-M6_I1R1_N1024_e512_ONLINE_packed/monitor_samples.jsonl,be17b46d965b1e2607c0b50f722528fdc3bf166dc81f60698f2f28795a236f91,EXACT_BYTES; ARCHIVE_RESTORE
artifact/raw/B3-formal-v1/M6-S1-warmup-03-M6_I1R1_N1024_e512_ONLINE_repeated/monitor_samples.jsonl,artifact/raw/B3-formal-v1/M6-S1-warmup-03-M6_I1R1_N1024_e512_ONLINE_repeated/monitor_samples.jsonl,3f075851ea5ed4a14188734f1b4561319ec1efea941752941b9e22bbc30183b2,EXACT_BYTES; ARCHIVE_RESTORE
artifact/raw/B3-formal-v1/M6-S1-warmup-03-M6_I1R2_N1024_e512_COLD_packed/monitor_samples.jsonl,artifact/raw/B3-formal-v1/M6-S1-warmup-03-M6_I1R2_N1024_e512_COLD_packed/monitor_samples.jsonl,50816b012b684540d72e6cff2e946c26f548f216e101a8dd7febc708815bc9c0,EXACT_BYTES; ARCHIVE_RESTORE
artifact/raw/B3-formal-v1/M6-S1-warmup-03-M6_I1R2_N1024_e512_COLD_repeated/monitor_samples.jsonl,artifact/raw/B3-formal-v1/M6-S1-warmup-03-M6_I1R2_N1024_e512_COLD_repeated/monitor_samples.jsonl,5272d37b8b25fc048ab8907dd170fe82da402fe355cf808d71fcc45a9d4b68c0,EXACT_BYTES; ARCHIVE_RESTORE
artifact/raw/B3-formal-v1/M6-S1-warmup-03-M6_I1R2_N1024_e512_ONLINE_packed/monitor_samples.jsonl,artifact/raw/B3-formal-v1/M6-S1-warmup-03-M6_I1R2_N1024_e512_ONLINE_packed/monitor_samples.jsonl,f09875224ee2f37ae1e4374ef58a84ce6bec8402d3bbf019178b125e80c56b8f,EXACT_BYTES; ARCHIVE_RESTORE
artifact/raw/B3-formal-v1/M6-S1-warmup-03-M6_I1R2_N1024_e512_ONLINE_repeated/monitor_samples.jsonl,artifact/raw/B3-formal-v1/M6-S1-warmup-03-M6_I1R2_N1024_e512_ONLINE_repeated/monitor_samples.jsonl,933f22dd101363a937ecce8d526ade98b3114810d39fa793d00b06e06ddb4eca,EXACT_BYTES; ARCHIVE_RESTORE
artifact/raw/B3-formal-v1/M6-S1-warmup-03-M6_I2R1_N1024_e512_COLD_packed/monitor_samples.jsonl,artifact/raw/B3-formal-v1/M6-S1-warmup-03-M6_I2R1_N1024_e512_COLD_packed/monitor_samples.jsonl,7435d0cf49b86df6d344102e26ef8d4ad55aaced497df2acee71824161ede395,EXACT_BYTES; ARCHIVE_RESTORE
artifact/raw/B3-formal-v1/M6-S1-warmup-03-M6_I2R1_N1024_e512_COLD_repeated/monitor_samples.jsonl,artifact/raw/B3-formal-v1/M6-S1-warmup-03-M6_I2R1_N1024_e512_COLD_repeated/monitor_samples.jsonl,8540cd88217982b514f7fade504bceed3380d09e2e3ecd91faa19eebe20f3de7,EXACT_BYTES; ARCHIVE_RESTORE
artifact/raw/B3-formal-v1/M6-S1-warmup-03-M6_I2R1_N1024_e512_ONLINE_packed/monitor_samples.jsonl,artifact/raw/B3-formal-v1/M6-S1-warmup-03-M6_I2R1_N1024_e512_ONLINE_packed/monitor_samples.jsonl,43d478de10aa92394b5380fdc0e0a8f352629907c243030e0971cbbfb7dc7b1d,EXACT_BYTES; ARCHIVE_RESTORE
artifact/raw/B3-formal-v1/M6-S1-warmup-03-M6_I2R1_N1024_e512_ONLINE_repeated/monitor_samples.jsonl,artifact/raw/B3-formal-v1/M6-S1-warmup-03-M6_I2R1_N1024_e512_ONLINE_repeated/monitor_samples.jsonl,3a4b29bdf773ce3fae5bdd187192a315bf1c9d987b75238f586f3d41b98e4dcc,EXACT_BYTES; ARCHIVE_RESTORE
artifact/raw/B3-formal-v1/M6-S1-warmup-03-M6_I2R2_N1024_e512_COLD_packed/monitor_samples.jsonl,artifact/raw/B3-formal-v1/M6-S1-warmup-03-M6_I2R2_N1024_e512_COLD_packed/monitor_samples.jsonl,45b2e632ef05dc510262881a9ba134bb190db4c7cca47f2289653ad17c595500,EXACT_BYTES; ARCHIVE_RESTORE
artifact/raw/B3-formal-v1/M6-S1-warmup-03-M6_I2R2_N1024_e512_COLD_repeated/monitor_samples.jsonl,artifact/raw/B3-formal-v1/M6-S1-warmup-03-M6_I2R2_N1024_e512_COLD_repeated/monitor_samples.jsonl,ebe7e460d8f0d697e01882d37488c92661d28d07dac65c6f1d6055a657d61bc5,EXACT_BYTES; ARCHIVE_RESTORE
artifact/raw/B3-formal-v1/M6-S1-warmup-03-M6_I2R2_N1024_e512_ONLINE_packed/monitor_samples.jsonl,artifact/raw/B3-formal-v1/M6-S1-warmup-03-M6_I2R2_N1024_e512_ONLINE_packed/monitor_samples.jsonl,359adf380193239ad6be84fdeb118b0fa648861c9d8c304d0f47217db3aac4fe,EXACT_BYTES; ARCHIVE_RESTORE
artifact/raw/B3-formal-v1/M6-S1-warmup-03-M6_I2R2_N1024_e512_ONLINE_repeated/monitor_samples.jsonl,artifact/raw/B3-formal-v1/M6-S1-warmup-03-M6_I2R2_N1024_e512_ONLINE_repeated/monitor_samples.jsonl,d9fcb95c3e6d8fb253029370f244d09427dd8148ca8b7908ed78e6fa110e0ad4,EXACT_BYTES; ARCHIVE_RESTORE
artifact/raw/B3-formal-v1/M6-S2-measured-01-M6_I1R1_N1024_e512_COLD_packed/monitor_samples.jsonl,artifact/raw/B3-formal-v1/M6-S2-measured-01-M6_I1R1_N1024_e512_COLD_packed/monitor_samples.jsonl,9424e715f099dc4cfa51997202becd12aeab53d68ee99997970743169501f6c1,EXACT_BYTES; ARCHIVE_RESTORE
artifact/raw/B3-formal-v1/M6-S2-measured-01-M6_I1R1_N1024_e512_COLD_repeated/monitor_samples.jsonl,artifact/raw/B3-formal-v1/M6-S2-measured-01-M6_I1R1_N1024_e512_COLD_repeated/monitor_samples.jsonl,5046b6c3aae487d4ad54b68e4fed750f3dc87ce0998a29557a04a9f0f137d8f5,EXACT_BYTES; ARCHIVE_RESTORE
artifact/raw/B3-formal-v1/M6-S2-measured-01-M6_I1R1_N1024_e512_ONLINE_packed/monitor_samples.jsonl,artifact/raw/B3-formal-v1/M6-S2-measured-01-M6_I1R1_N1024_e512_ONLINE_packed/monitor_samples.jsonl,c1aa008dfd52b47c5bd4dca6dbdeaa0cb4f0a41921ee6db8ac03bd842ffa9832,EXACT_BYTES; ARCHIVE_RESTORE
artifact/raw/B3-formal-v1/M6-S2-measured-01-M6_I1R1_N1024_e512_ONLINE_repeated/monitor_samples.jsonl,artifact/raw/B3-formal-v1/M6-S2-measured-01-M6_I1R1_N1024_e512_ONLINE_repeated/monitor_samples.jsonl,6f35931cdb0fe0e68443a63c060cad67d2b5027d3651d3ebd588dca15d385721,EXACT_BYTES; ARCHIVE_RESTORE
artifact/raw/B3-formal-v1/M6-S2-measured-01-M6_I1R2_N1024_e512_COLD_packed/monitor_samples.jsonl,artifact/raw/B3-formal-v1/M6-S2-measured-01-M6_I1R2_N1024_e512_COLD_packed/monitor_samples.jsonl,b911c08f1b99fa4303c52a48aabaff732292c6fa4fe440112849f10e71c7e30f,EXACT_BYTES; ARCHIVE_RESTORE
artifact/raw/B3-formal-v1/M6-S2-measured-01-M6_I1R2_N1024_e512_COLD_repeated/monitor_samples.jsonl,artifact/raw/B3-formal-v1/M6-S2-measured-01-M6_I1R2_N1024_e512_COLD_repeated/monitor_samples.jsonl,5d42ba5451ff42500a4a713fbe19340a1999c90e2089b8ab04c7444196f77ba3,EXACT_BYTES; ARCHIVE_RESTORE
artifact/raw/B3-formal-v1/M6-S2-measured-01-M6_I1R2_N1024_e512_ONLINE_packed/monitor_samples.jsonl,artifact/raw/B3-formal-v1/M6-S2-measured-01-M6_I1R2_N1024_e512_ONLINE_packed/monitor_samples.jsonl,83f58346a66ac1008826229bc374c4575e05faba5002544a69424637c536337e,EXACT_BYTES; ARCHIVE_RESTORE
artifact/raw/B3-formal-v1/M6-S2-measured-01-M6_I1R2_N1024_e512_ONLINE_repeated/monitor_samples.jsonl,artifact/raw/B3-formal-v1/M6-S2-measured-01-M6_I1R2_N1024_e512_ONLINE_repeated/monitor_samples.jsonl,90187080eb5a93d2139ce03eb9bab392f770e2d6c59982763ca698f23866671d,EXACT_BYTES; ARCHIVE_RESTORE
artifact/raw/B3-formal-v1/M6-S2-measured-01-M6_I2R1_N1024_e512_COLD_packed/monitor_samples.jsonl,artifact/raw/B3-formal-v1/M6-S2-measured-01-M6_I2R1_N1024_e512_COLD_packed/monitor_samples.jsonl,459bea0510ad2fc9ab896e93791a5838d8dfc3f926e6cb3999570952e0f6aec2,EXACT_BYTES; ARCHIVE_RESTORE
artifact/raw/B3-formal-v1/M6-S2-measured-01-M6_I2R1_N1024_e512_COLD_repeated/monitor_samples.jsonl,artifact/raw/B3-formal-v1/M6-S2-measured-01-M6_I2R1_N1024_e512_COLD_repeated/monitor_samples.jsonl,e31e7797d96ad0b80d3a6e9934e6fcc9187b098dbaf93f7366e04d626d9aad1d,EXACT_BYTES; ARCHIVE_RESTORE
artifact/raw/B3-formal-v1/M6-S2-measured-01-M6_I2R1_N1024_e512_ONLINE_packed/monitor_samples.jsonl,artifact/raw/B3-formal-v1/M6-S2-measured-01-M6_I2R1_N1024_e512_ONLINE_packed/monitor_samples.jsonl,5ebb4f70b80935f2d3333914b7d1247022ac3269109b0e61250aceb283ac0d1b,EXACT_BYTES; ARCHIVE_RESTORE
artifact/raw/B3-formal-v1/M6-S2-measured-01-M6_I2R1_N1024_e512_ONLINE_repeated/monitor_samples.jsonl,artifact/raw/B3-formal-v1/M6-S2-measured-01-M6_I2R1_N1024_e512_ONLINE_repeated/monitor_samples.jsonl,6efb213767ec4676c7119731236b0490e93f7919fee8101047ad2411587cfd5a,EXACT_BYTES; ARCHIVE_RESTORE
artifact/raw/B3-formal-v1/M6-S2-measured-01-M6_I2R2_N1024_e512_COLD_packed/monitor_samples.jsonl,artifact/raw/B3-formal-v1/M6-S2-measured-01-M6_I2R2_N1024_e512_COLD_packed/monitor_samples.jsonl,840d5153f692581326610217b51905c7282e7027ef08b19e1f5cf2e2f557d426,EXACT_BYTES; ARCHIVE_RESTORE
artifact/raw/B3-formal-v1/M6-S2-measured-01-M6_I2R2_N1024_e512_COLD_repeated/monitor_samples.jsonl,artifact/raw/B3-formal-v1/M6-S2-measured-01-M6_I2R2_N1024_e512_COLD_repeated/monitor_samples.jsonl,94ed49564c1bb362f1fd63249e1e734b8dd6825ff8df32369b8e2e064b500b50,EXACT_BYTES; ARCHIVE_RESTORE
artifact/raw/B3-formal-v1/M6-S2-measured-01-M6_I2R2_N1024_e512_ONLINE_packed/monitor_samples.jsonl,artifact/raw/B3-formal-v1/M6-S2-measured-01-M6_I2R2_N1024_e512_ONLINE_packed/monitor_samples.jsonl,ea39113b7842a2069e5938398e45f0d5d86d4c92abf00573e4a43b4de7b9c3f8,EXACT_BYTES; ARCHIVE_RESTORE
artifact/raw/B3-formal-v1/M6-S2-measured-01-M6_I2R2_N1024_e512_ONLINE_repeated/monitor_samples.jsonl,artifact/raw/B3-formal-v1/M6-S2-measured-01-M6_I2R2_N1024_e512_ONLINE_repeated/monitor_samples.jsonl,47da7224f2be5805ef39cfd33a5078b437555667f148064d57eef7298ffbfe52,EXACT_BYTES; ARCHIVE_RESTORE
artifact/raw/B3-formal-v1/M6-S2-measured-02-M6_I1R1_N1024_e512_COLD_packed/monitor_samples.jsonl,artifact/raw/B3-formal-v1/M6-S2-measured-02-M6_I1R1_N1024_e512_COLD_packed/monitor_samples.jsonl,9a655d168fcb5e785dec2eee3b1b4ab350dc9f0519f7242d080a7fd7d9c2eb3d,EXACT_BYTES; ARCHIVE_RESTORE
artifact/raw/B3-formal-v1/M6-S2-measured-02-M6_I1R1_N1024_e512_COLD_repeated/monitor_samples.jsonl,artifact/raw/B3-formal-v1/M6-S2-measured-02-M6_I1R1_N1024_e512_COLD_repeated/monitor_samples.jsonl,abb6661de7d30d6c004b8570d7a60a3e222704239c3dd2140b7aae62a1b35553,EXACT_BYTES; ARCHIVE_RESTORE
artifact/raw/B3-formal-v1/M6-S2-measured-02-M6_I1R1_N1024_e512_ONLINE_packed/monitor_samples.jsonl,artifact/raw/B3-formal-v1/M6-S2-measured-02-M6_I1R1_N1024_e512_ONLINE_packed/monitor_samples.jsonl,efccafe64e6715f6a49c94f633cf4242e317dbe0fd61fa8f2f1b267b1b853471,EXACT_BYTES; ARCHIVE_RESTORE
artifact/raw/B3-formal-v1/M6-S2-measured-02-M6_I1R1_N1024_e512_ONLINE_repeated/monitor_samples.jsonl,artifact/raw/B3-formal-v1/M6-S2-measured-02-M6_I1R1_N1024_e512_ONLINE_repeated/monitor_samples.jsonl,49fe2dcba33cfb9910e7e7a69ca27b7a1b782929395e4dc0ae813646e28822e6,EXACT_BYTES; ARCHIVE_RESTORE
artifact/raw/B3-formal-v1/M6-S2-measured-02-M6_I1R2_N1024_e512_COLD_packed/monitor_samples.jsonl,artifact/raw/B3-formal-v1/M6-S2-measured-02-M6_I1R2_N1024_e512_COLD_packed/monitor_samples.jsonl,b717eb4fd3955479a22f5aff5cdbdde8f1f1722f4fe7af3d27614396eb18cd5d,EXACT_BYTES; ARCHIVE_RESTORE
artifact/raw/B3-formal-v1/M6-S2-measured-02-M6_I1R2_N1024_e512_COLD_repeated/monitor_samples.jsonl,artifact/raw/B3-formal-v1/M6-S2-measured-02-M6_I1R2_N1024_e512_COLD_repeated/monitor_samples.jsonl,1a39b665fee724773d02f84c4768584c94051ca68ceb5b285c58075ee364ab56,EXACT_BYTES; ARCHIVE_RESTORE
artifact/raw/B3-formal-v1/M6-S2-measured-02-M6_I1R2_N1024_e512_ONLINE_packed/monitor_samples.jsonl,artifact/raw/B3-formal-v1/M6-S2-measured-02-M6_I1R2_N1024_e512_ONLINE_packed/monitor_samples.jsonl,3e6bfd6981dd5475266a6ec2a6de40476ab723fce2d610ab704882a1418be30f,EXACT_BYTES; ARCHIVE_RESTORE
artifact/raw/B3-formal-v1/M6-S2-measured-02-M6_I1R2_N1024_e512_ONLINE_repeated/monitor_samples.jsonl,artifact/raw/B3-formal-v1/M6-S2-measured-02-M6_I1R2_N1024_e512_ONLINE_repeated/monitor_samples.jsonl,49aaf29301a193ee05fcaa6393fc9afe42fcd75068d0e7657e97871046429452,EXACT_BYTES; ARCHIVE_RESTORE
artifact/raw/B3-formal-v1/M6-S2-measured-02-M6_I2R1_N1024_e512_COLD_packed/monitor_samples.jsonl,artifact/raw/B3-formal-v1/M6-S2-measured-02-M6_I2R1_N1024_e512_COLD_packed/monitor_samples.jsonl,464e2dd558a6fc97ef0e107bf9d19fcd973e2c4cf6379458db6f3dc4c5024392,EXACT_BYTES; ARCHIVE_RESTORE
artifact/raw/B3-formal-v1/M6-S2-measured-02-M6_I2R1_N1024_e512_COLD_repeated/monitor_samples.jsonl,artifact/raw/B3-formal-v1/M6-S2-measured-02-M6_I2R1_N1024_e512_COLD_repeated/monitor_samples.jsonl,b7d05100a1feb7df953e5cee53d62f3a2b914e39464f7e2332738d1a68eb7391,EXACT_BYTES; ARCHIVE_RESTORE
artifact/raw/B3-formal-v1/M6-S2-measured-02-M6_I2R1_N1024_e512_ONLINE_packed/monitor_samples.jsonl,artifact/raw/B3-formal-v1/M6-S2-measured-02-M6_I2R1_N1024_e512_ONLINE_packed/monitor_samples.jsonl,0a50c92990d41087c937a0547cecab8e58ec3d56dc7ccc617401f4088ff6efce,EXACT_BYTES; ARCHIVE_RESTORE
artifact/raw/B3-formal-v1/M6-S2-measured-02-M6_I2R1_N1024_e512_ONLINE_repeated/monitor_samples.jsonl,artifact/raw/B3-formal-v1/M6-S2-measured-02-M6_I2R1_N1024_e512_ONLINE_repeated/monitor_samples.jsonl,fec8050cdd261125b8e003ffaca1ad53ed0fa1cf71d3a22b08673f9bf13d82bf,EXACT_BYTES; ARCHIVE_RESTORE
artifact/raw/B3-formal-v1/M6-S2-measured-02-M6_I2R2_N1024_e512_COLD_packed/monitor_samples.jsonl,artifact/raw/B3-formal-v1/M6-S2-measured-02-M6_I2R2_N1024_e512_COLD_packed/monitor_samples.jsonl,0326417d7920c7b69fce5312a3d9d8fb467ce807811af4b08bdf4d734f8ff404,EXACT_BYTES; ARCHIVE_RESTORE
artifact/raw/B3-formal-v1/M6-S2-measured-02-M6_I2R2_N1024_e512_COLD_repeated/monitor_samples.jsonl,artifact/raw/B3-formal-v1/M6-S2-measured-02-M6_I2R2_N1024_e512_COLD_repeated/monitor_samples.jsonl,c919a4fc2d72cf43666b3337e921453d4e96620f49d762aee3816f199e6f1e34,EXACT_BYTES; ARCHIVE_RESTORE
artifact/raw/B3-formal-v1/M6-S2-measured-02-M6_I2R2_N1024_e512_ONLINE_packed/monitor_samples.jsonl,artifact/raw/B3-formal-v1/M6-S2-measured-02-M6_I2R2_N1024_e512_ONLINE_packed/monitor_samples.jsonl,b9f25aa26a9eff9654d79f742e0ee6602dd96e03a80a15def2ba8e3f227efb48,EXACT_BYTES; ARCHIVE_RESTORE
artifact/raw/B3-formal-v1/M6-S2-measured-02-M6_I2R2_N1024_e512_ONLINE_repeated/monitor_samples.jsonl,artifact/raw/B3-formal-v1/M6-S2-measured-02-M6_I2R2_N1024_e512_ONLINE_repeated/monitor_samples.jsonl,e640a04c0584e10dd076bc609ccd50e944705f030903bf0a3338cce510782a34,EXACT_BYTES; ARCHIVE_RESTORE
artifact/raw/B3-formal-v1/M6-S2-measured-03-M6_I1R1_N1024_e512_COLD_packed/monitor_samples.jsonl,artifact/raw/B3-formal-v1/M6-S2-measured-03-M6_I1R1_N1024_e512_COLD_packed/monitor_samples.jsonl,159c1ea69a56ce4da1626d03b62b762a9f0701beaeae709cc513af00f9d0633d,EXACT_BYTES; ARCHIVE_RESTORE
artifact/raw/B3-formal-v1/M6-S2-measured-03-M6_I1R1_N1024_e512_COLD_repeated/monitor_samples.jsonl,artifact/raw/B3-formal-v1/M6-S2-measured-03-M6_I1R1_N1024_e512_COLD_repeated/monitor_samples.jsonl,439db0344e48577bef5b047163ec773273e45b785da5adafae65cda0427c087a,EXACT_BYTES; ARCHIVE_RESTORE
artifact/raw/B3-formal-v1/M6-S2-measured-03-M6_I1R1_N1024_e512_ONLINE_packed/monitor_samples.jsonl,artifact/raw/B3-formal-v1/M6-S2-measured-03-M6_I1R1_N1024_e512_ONLINE_packed/monitor_samples.jsonl,72726a47d9a877378d3d4366ae30be37686cda68d66b03ef29abeade24c09fef,EXACT_BYTES; ARCHIVE_RESTORE
artifact/raw/B3-formal-v1/M6-S2-measured-03-M6_I1R1_N1024_e512_ONLINE_repeated/monitor_samples.jsonl,artifact/raw/B3-formal-v1/M6-S2-measured-03-M6_I1R1_N1024_e512_ONLINE_repeated/monitor_samples.jsonl,c5b8046f9ef1bd26557691d45f5ad5132d0f95150d2191f5af1e8e0830a5fdd2,EXACT_BYTES; ARCHIVE_RESTORE
artifact/raw/B3-formal-v1/M6-S2-measured-03-M6_I1R2_N1024_e512_COLD_packed/monitor_samples.jsonl,artifact/raw/B3-formal-v1/M6-S2-measured-03-M6_I1R2_N1024_e512_COLD_packed/monitor_samples.jsonl,cba105c329da91c0fdeece3ba0aaccaaa04789c681801f9df74de8fac5b3514e,EXACT_BYTES; ARCHIVE_RESTORE
artifact/raw/B3-formal-v1/M6-S2-measured-03-M6_I1R2_N1024_e512_COLD_repeated/monitor_samples.jsonl,artifact/raw/B3-formal-v1/M6-S2-measured-03-M6_I1R2_N1024_e512_COLD_repeated/monitor_samples.jsonl,45d7b2fb65a6a2caea75f14631809d123d0be6962c2a075a980d7a2042c8cb7e,EXACT_BYTES; ARCHIVE_RESTORE
artifact/raw/B3-formal-v1/M6-S2-measured-03-M6_I1R2_N1024_e512_ONLINE_packed/monitor_samples.jsonl,artifact/raw/B3-formal-v1/M6-S2-measured-03-M6_I1R2_N1024_e512_ONLINE_packed/monitor_samples.jsonl,2fbebd062458b8d1731abb0198f624f9e28b60427eeee04c9a3d53ac313f24c2,EXACT_BYTES; ARCHIVE_RESTORE
artifact/raw/B3-formal-v1/M6-S2-measured-03-M6_I1R2_N1024_e512_ONLINE_repeated/monitor_samples.jsonl,artifact/raw/B3-formal-v1/M6-S2-measured-03-M6_I1R2_N1024_e512_ONLINE_repeated/monitor_samples.jsonl,732754726d06878fbe2b78b65df7a28e5d15345aad5cf8d29bdf640c80c0afbd,EXACT_BYTES; ARCHIVE_RESTORE
artifact/raw/B3-formal-v1/M6-S2-measured-03-M6_I2R1_N1024_e512_COLD_packed/monitor_samples.jsonl,artifact/raw/B3-formal-v1/M6-S2-measured-03-M6_I2R1_N1024_e512_COLD_packed/monitor_samples.jsonl,2efba9be9fe0f94a445b8328dbe06d636a0f74e95da1f34b7ac59c628bf743c8,EXACT_BYTES; ARCHIVE_RESTORE
artifact/raw/B3-formal-v1/M6-S2-measured-03-M6_I2R1_N1024_e512_COLD_repeated/monitor_samples.jsonl,artifact/raw/B3-formal-v1/M6-S2-measured-03-M6_I2R1_N1024_e512_COLD_repeated/monitor_samples.jsonl,3640b66d4d5483a8fffb99b1fdd8b3c700f2603426e85c212524a8731f642da6,EXACT_BYTES; ARCHIVE_RESTORE
artifact/raw/B3-formal-v1/M6-S2-measured-03-M6_I2R1_N1024_e512_ONLINE_packed/monitor_samples.jsonl,artifact/raw/B3-formal-v1/M6-S2-measured-03-M6_I2R1_N1024_e512_ONLINE_packed/monitor_samples.jsonl,0a50b9db2c1b6a79bd55af238a21d17add7882b7fa9ce53874363135a3d4e2d6,EXACT_BYTES; ARCHIVE_RESTORE
artifact/raw/B3-formal-v1/M6-S2-measured-03-M6_I2R1_N1024_e512_ONLINE_repeated/monitor_samples.jsonl,artifact/raw/B3-formal-v1/M6-S2-measured-03-M6_I2R1_N1024_e512_ONLINE_repeated/monitor_samples.jsonl,3e7ff82bc883690442fe70e6f115a9f8a52d6ec4e3ca300fcd5d1d343f3a0e6f,EXACT_BYTES; ARCHIVE_RESTORE
artifact/raw/B3-formal-v1/M6-S2-measured-03-M6_I2R2_N1024_e512_COLD_packed/monitor_samples.jsonl,artifact/raw/B3-formal-v1/M6-S2-measured-03-M6_I2R2_N1024_e512_COLD_packed/monitor_samples.jsonl,0019d77feeac042a2eeb8e7ae0c156eab02d9d7ef2c07e1519d6c83b0f2eb572,EXACT_BYTES; ARCHIVE_RESTORE
artifact/raw/B3-formal-v1/M6-S2-measured-03-M6_I2R2_N1024_e512_COLD_repeated/monitor_samples.jsonl,artifact/raw/B3-formal-v1/M6-S2-measured-03-M6_I2R2_N1024_e512_COLD_repeated/monitor_samples.jsonl,bd1883e33b04ad139e4c84a1a9c839bbac93da6f2ae05f70c3da30a7024756f4,EXACT_BYTES; ARCHIVE_RESTORE
artifact/raw/B3-formal-v1/M6-S2-measured-03-M6_I2R2_N1024_e512_ONLINE_packed/monitor_samples.jsonl,artifact/raw/B3-formal-v1/M6-S2-measured-03-M6_I2R2_N1024_e512_ONLINE_packed/monitor_samples.jsonl,59c152d6934e571f3b2aa245bdc7ddabe32d13fa8349a030e9195b3f07ff4dfb,EXACT_BYTES; ARCHIVE_RESTORE
artifact/raw/B3-formal-v1/M6-S2-measured-03-M6_I2R2_N1024_e512_ONLINE_repeated/monitor_samples.jsonl,artifact/raw/B3-formal-v1/M6-S2-measured-03-M6_I2R2_N1024_e512_ONLINE_repeated/monitor_samples.jsonl,7b3851025f914f81a24c113feea161708d16a0ea0623e2655e2f9008b4045113,EXACT_BYTES; ARCHIVE_RESTORE
artifact/raw/B3-formal-v1/M6-S2-measured-04-M6_I1R1_N1024_e512_COLD_packed/monitor_samples.jsonl,artifact/raw/B3-formal-v1/M6-S2-measured-04-M6_I1R1_N1024_e512_COLD_packed/monitor_samples.jsonl,8873b5e1fe94a10226cf9633f0f3aa67d692388fa6f2a2eff1dd4b4c92745abe,EXACT_BYTES; ARCHIVE_RESTORE
artifact/raw/B3-formal-v1/M6-S2-measured-04-M6_I1R1_N1024_e512_COLD_repeated/monitor_samples.jsonl,artifact/raw/B3-formal-v1/M6-S2-measured-04-M6_I1R1_N1024_e512_COLD_repeated/monitor_samples.jsonl,647818f6fd9725a6575966939f3f9062fb466e6dbf66634eb970c363b93700a8,EXACT_BYTES; ARCHIVE_RESTORE
artifact/raw/B3-formal-v1/M6-S2-measured-04-M6_I1R1_N1024_e512_ONLINE_packed/monitor_samples.jsonl,artifact/raw/B3-formal-v1/M6-S2-measured-04-M6_I1R1_N1024_e512_ONLINE_packed/monitor_samples.jsonl,6e39b5479c5fb20a170f84546a6e4c110748e4d0e696f69140d5336ddffd1425,EXACT_BYTES; ARCHIVE_RESTORE
artifact/raw/B3-formal-v1/M6-S2-measured-04-M6_I1R1_N1024_e512_ONLINE_repeated/monitor_samples.jsonl,artifact/raw/B3-formal-v1/M6-S2-measured-04-M6_I1R1_N1024_e512_ONLINE_repeated/monitor_samples.jsonl,cb1af44078b8dbf0ecc8e664b287465fc551e0ef7c4add1e0d57e6423723f1cc,EXACT_BYTES; ARCHIVE_RESTORE
artifact/raw/B3-formal-v1/M6-S2-measured-04-M6_I1R2_N1024_e512_COLD_packed/monitor_samples.jsonl,artifact/raw/B3-formal-v1/M6-S2-measured-04-M6_I1R2_N1024_e512_COLD_packed/monitor_samples.jsonl,0744bb46ec3b77040bd09ef05f518970372e8b2f4d255d9bdaabf8f7071be29f,EXACT_BYTES; ARCHIVE_RESTORE
artifact/raw/B3-formal-v1/M6-S2-measured-04-M6_I1R2_N1024_e512_COLD_repeated/monitor_samples.jsonl,artifact/raw/B3-formal-v1/M6-S2-measured-04-M6_I1R2_N1024_e512_COLD_repeated/monitor_samples.jsonl,e8c17e44a1d90a94f160e5d17ab480997309499c8050d5d50008a35d2a9f23c3,EXACT_BYTES; ARCHIVE_RESTORE
artifact/raw/B3-formal-v1/M6-S2-measured-04-M6_I1R2_N1024_e512_ONLINE_packed/monitor_samples.jsonl,artifact/raw/B3-formal-v1/M6-S2-measured-04-M6_I1R2_N1024_e512_ONLINE_packed/monitor_samples.jsonl,89489679cb7e88e6f85674b62ffed978bb624acd7ed8bb9e4f6ee2a06edaf70e,EXACT_BYTES; ARCHIVE_RESTORE
artifact/raw/B3-formal-v1/M6-S2-measured-04-M6_I1R2_N1024_e512_ONLINE_repeated/monitor_samples.jsonl,artifact/raw/B3-formal-v1/M6-S2-measured-04-M6_I1R2_N1024_e512_ONLINE_repeated/monitor_samples.jsonl,d7c46f220d6642a93824c5c78e3a8d4ae6751c599eee04adb011963942e9d5d5,EXACT_BYTES; ARCHIVE_RESTORE
artifact/raw/B3-formal-v1/M6-S2-measured-04-M6_I2R1_N1024_e512_COLD_packed/monitor_samples.jsonl,artifact/raw/B3-formal-v1/M6-S2-measured-04-M6_I2R1_N1024_e512_COLD_packed/monitor_samples.jsonl,94f759956c273a3e43558b82965024c25acce67c7424e81a02d3116f766b2a03,EXACT_BYTES; ARCHIVE_RESTORE
artifact/raw/B3-formal-v1/M6-S2-measured-04-M6_I2R1_N1024_e512_COLD_repeated/monitor_samples.jsonl,artifact/raw/B3-formal-v1/M6-S2-measured-04-M6_I2R1_N1024_e512_COLD_repeated/monitor_samples.jsonl,999460ce14f3198300b17bffbad4ce9b50a84c6e316f093247e1d16927782dcc,EXACT_BYTES; ARCHIVE_RESTORE
artifact/raw/B3-formal-v1/M6-S2-measured-04-M6_I2R1_N1024_e512_ONLINE_packed/monitor_samples.jsonl,artifact/raw/B3-formal-v1/M6-S2-measured-04-M6_I2R1_N1024_e512_ONLINE_packed/monitor_samples.jsonl,1e1ef6d37887df0f3231265bc39a04152053ad2b0c3cdf6ca0c1b5d0391b6bb0,EXACT_BYTES; ARCHIVE_RESTORE
artifact/raw/B3-formal-v1/M6-S2-measured-04-M6_I2R1_N1024_e512_ONLINE_repeated/monitor_samples.jsonl,artifact/raw/B3-formal-v1/M6-S2-measured-04-M6_I2R1_N1024_e512_ONLINE_repeated/monitor_samples.jsonl,3858fea1e5e19b930fca818f3c3981bf2a6c1f8ba8c50dcfd025648c4d4dcbfd,EXACT_BYTES; ARCHIVE_RESTORE
artifact/raw/B3-formal-v1/M6-S2-measured-04-M6_I2R2_N1024_e512_COLD_packed/monitor_samples.jsonl,artifact/raw/B3-formal-v1/M6-S2-measured-04-M6_I2R2_N1024_e512_COLD_packed/monitor_samples.jsonl,1114837a063e10682ab3b1a9d039e57ddaa4429b442953ecbd0edd0bdcb7c4e8,EXACT_BYTES; ARCHIVE_RESTORE
artifact/raw/B3-formal-v1/M6-S2-measured-04-M6_I2R2_N1024_e512_COLD_repeated/monitor_samples.jsonl,artifact/raw/B3-formal-v1/M6-S2-measured-04-M6_I2R2_N1024_e512_COLD_repeated/monitor_samples.jsonl,8b93b0d11874418fefd443b3fdb481a3a57c4caadda4d0b89bf08b30c8678e87,EXACT_BYTES; ARCHIVE_RESTORE
artifact/raw/B3-formal-v1/M6-S2-measured-04-M6_I2R2_N1024_e512_ONLINE_packed/monitor_samples.jsonl,artifact/raw/B3-formal-v1/M6-S2-measured-04-M6_I2R2_N1024_e512_ONLINE_packed/monitor_samples.jsonl,05d612b25fe79fb1625e9494b03637d10855c9f31942300b9ab201f8179198d4,EXACT_BYTES; ARCHIVE_RESTORE
artifact/raw/B3-formal-v1/M6-S2-measured-04-M6_I2R2_N1024_e512_ONLINE_repeated/monitor_samples.jsonl,artifact/raw/B3-formal-v1/M6-S2-measured-04-M6_I2R2_N1024_e512_ONLINE_repeated/monitor_samples.jsonl,28afdb994ed2ef2b973dde51f9fa31119f9a7a15bbdf9a0c63a8a140121c99a3,EXACT_BYTES; ARCHIVE_RESTORE
artifact/raw/B3-formal-v1/M6-S2-measured-05-M6_I1R1_N1024_e512_COLD_packed/monitor_samples.jsonl,artifact/raw/B3-formal-v1/M6-S2-measured-05-M6_I1R1_N1024_e512_COLD_packed/monitor_samples.jsonl,5695728c14de71b24b784bf154889ed29992b6b07c64584f14c30df7dd9db3b7,EXACT_BYTES; ARCHIVE_RESTORE
artifact/raw/B3-formal-v1/M6-S2-measured-05-M6_I1R1_N1024_e512_COLD_repeated/monitor_samples.jsonl,artifact/raw/B3-formal-v1/M6-S2-measured-05-M6_I1R1_N1024_e512_COLD_repeated/monitor_samples.jsonl,489a5be753af1e7605bd40cf53ce464c709a47eff8fea562be657044843f9b2c,EXACT_BYTES; ARCHIVE_RESTORE
artifact/raw/B3-formal-v1/M6-S2-measured-05-M6_I1R1_N1024_e512_ONLINE_packed/monitor_samples.jsonl,artifact/raw/B3-formal-v1/M6-S2-measured-05-M6_I1R1_N1024_e512_ONLINE_packed/monitor_samples.jsonl,e792a3b69d9267a9c0ea46ff0961cd3c8f1edc677ecbefe7f8e7ed3fcd3233f1,EXACT_BYTES; ARCHIVE_RESTORE
artifact/raw/B3-formal-v1/M6-S2-measured-05-M6_I1R1_N1024_e512_ONLINE_repeated/monitor_samples.jsonl,artifact/raw/B3-formal-v1/M6-S2-measured-05-M6_I1R1_N1024_e512_ONLINE_repeated/monitor_samples.jsonl,3267b59249a1879df65e93028aab30feb16774201339a0acb2f93fd6e39cc373,EXACT_BYTES; ARCHIVE_RESTORE
artifact/raw/B3-formal-v1/M6-S2-measured-05-M6_I1R2_N1024_e512_COLD_packed/monitor_samples.jsonl,artifact/raw/B3-formal-v1/M6-S2-measured-05-M6_I1R2_N1024_e512_COLD_packed/monitor_samples.jsonl,3f17f101982c1a9318f1f41bd59072e38ae22870a39594c403326ac2422fc5e3,EXACT_BYTES; ARCHIVE_RESTORE
artifact/raw/B3-formal-v1/M6-S2-measured-05-M6_I1R2_N1024_e512_COLD_repeated/monitor_samples.jsonl,artifact/raw/B3-formal-v1/M6-S2-measured-05-M6_I1R2_N1024_e512_COLD_repeated/monitor_samples.jsonl,d961f38619a9d426eae09898ef8f93c0920c0680d7dfdcefb08638221dbbf3bd,EXACT_BYTES; ARCHIVE_RESTORE
artifact/raw/B3-formal-v1/M6-S2-measured-05-M6_I1R2_N1024_e512_ONLINE_packed/monitor_samples.jsonl,artifact/raw/B3-formal-v1/M6-S2-measured-05-M6_I1R2_N1024_e512_ONLINE_packed/monitor_samples.jsonl,5637e8ed5fdc1a99d2ac47259428935145535651b71174018a54de11f41ef766,EXACT_BYTES; ARCHIVE_RESTORE
artifact/raw/B3-formal-v1/M6-S2-measured-05-M6_I1R2_N1024_e512_ONLINE_repeated/monitor_samples.jsonl,artifact/raw/B3-formal-v1/M6-S2-measured-05-M6_I1R2_N1024_e512_ONLINE_repeated/monitor_samples.jsonl,8a29072cdbd17c593340f8bd79c01acdf4f5e03681aca48ca42b8d374d4ad7bc,EXACT_BYTES; ARCHIVE_RESTORE
artifact/raw/B3-formal-v1/M6-S2-measured-05-M6_I2R1_N1024_e512_COLD_packed/monitor_samples.jsonl,artifact/raw/B3-formal-v1/M6-S2-measured-05-M6_I2R1_N1024_e512_COLD_packed/monitor_samples.jsonl,9207144de5cb5df7ecf3986dbf9e10553b6aae5e7e47beab82e1a32b6439fd65,EXACT_BYTES; ARCHIVE_RESTORE
artifact/raw/B3-formal-v1/M6-S2-measured-05-M6_I2R1_N1024_e512_COLD_repeated/monitor_samples.jsonl,artifact/raw/B3-formal-v1/M6-S2-measured-05-M6_I2R1_N1024_e512_COLD_repeated/monitor_samples.jsonl,f14db8ccfece6014ed770c104d4a17a06705af2fdcbcbbbfca1bb3688e542308,EXACT_BYTES; ARCHIVE_RESTORE
artifact/raw/B3-formal-v1/M6-S2-measured-05-M6_I2R1_N1024_e512_ONLINE_packed/monitor_samples.jsonl,artifact/raw/B3-formal-v1/M6-S2-measured-05-M6_I2R1_N1024_e512_ONLINE_packed/monitor_samples.jsonl,f70349f88d0502f330c51602bc5b9c67a6e349c22f42ad19505c917c5d745b43,EXACT_BYTES; ARCHIVE_RESTORE
artifact/raw/B3-formal-v1/M6-S2-measured-05-M6_I2R1_N1024_e512_ONLINE_repeated/monitor_samples.jsonl,artifact/raw/B3-formal-v1/M6-S2-measured-05-M6_I2R1_N1024_e512_ONLINE_repeated/monitor_samples.jsonl,7969052d318bb67770ce7e314c863ad5120c98f731f3150b59ba3c8990615e6a,EXACT_BYTES; ARCHIVE_RESTORE
artifact/raw/B3-formal-v1/M6-S2-measured-05-M6_I2R2_N1024_e512_COLD_packed/monitor_samples.jsonl,artifact/raw/B3-formal-v1/M6-S2-measured-05-M6_I2R2_N1024_e512_COLD_packed/monitor_samples.jsonl,8717f35740173a3bfe9cd7b4508c82afde83a73fe3ae67bbe15a24efcb15b373,EXACT_BYTES; ARCHIVE_RESTORE
artifact/raw/B3-formal-v1/M6-S2-measured-05-M6_I2R2_N1024_e512_COLD_repeated/monitor_samples.jsonl,artifact/raw/B3-formal-v1/M6-S2-measured-05-M6_I2R2_N1024_e512_COLD_repeated/monitor_samples.jsonl,6863dcf482d26322837e12c6782b1f2ca3f18a03fe92f2827f74029ffd1d859b,EXACT_BYTES; ARCHIVE_RESTORE
artifact/raw/B3-formal-v1/M6-S2-measured-05-M6_I2R2_N1024_e512_ONLINE_packed/monitor_samples.jsonl,artifact/raw/B3-formal-v1/M6-S2-measured-05-M6_I2R2_N1024_e512_ONLINE_packed/monitor_samples.jsonl,f4cc9cd7e7b04430a50a755a0c71e4c833d21eb6ab52925efc737fd1e6b15c8f,EXACT_BYTES; ARCHIVE_RESTORE
artifact/raw/B3-formal-v1/M6-S2-measured-05-M6_I2R2_N1024_e512_ONLINE_repeated/monitor_samples.jsonl,artifact/raw/B3-formal-v1/M6-S2-measured-05-M6_I2R2_N1024_e512_ONLINE_repeated/monitor_samples.jsonl,4e90755862e45da8d267bfce7b0d6f8ca7c218fd5c80c4d2df2b0376a0f55db9,EXACT_BYTES; ARCHIVE_RESTORE
artifact/raw/B3-formal-v1/M6-S2-measured-06-M6_I1R1_N1024_e512_COLD_packed/monitor_samples.jsonl,artifact/raw/B3-formal-v1/M6-S2-measured-06-M6_I1R1_N1024_e512_COLD_packed/monitor_samples.jsonl,97cafe99ef79602b10f071835a5bb426d9fd7a29e87a10fe46c3719bb9f63688,EXACT_BYTES; ARCHIVE_RESTORE
artifact/raw/B3-formal-v1/M6-S2-measured-06-M6_I1R1_N1024_e512_COLD_repeated/monitor_samples.jsonl,artifact/raw/B3-formal-v1/M6-S2-measured-06-M6_I1R1_N1024_e512_COLD_repeated/monitor_samples.jsonl,3249e5aefa040bd3a0642abdfcaf98ee286d62c24807b34ace240bbe98d76c1a,EXACT_BYTES; ARCHIVE_RESTORE
artifact/raw/B3-formal-v1/M6-S2-measured-06-M6_I1R1_N1024_e512_ONLINE_packed/monitor_samples.jsonl,artifact/raw/B3-formal-v1/M6-S2-measured-06-M6_I1R1_N1024_e512_ONLINE_packed/monitor_samples.jsonl,9987837e5df78c50ef6ab9cc99a940c224a8a7e007536e38fc7a18291294b763,EXACT_BYTES; ARCHIVE_RESTORE
artifact/raw/B3-formal-v1/M6-S2-measured-06-M6_I1R1_N1024_e512_ONLINE_repeated/monitor_samples.jsonl,artifact/raw/B3-formal-v1/M6-S2-measured-06-M6_I1R1_N1024_e512_ONLINE_repeated/monitor_samples.jsonl,4d75d7a867622a6a7aaa1d2b5ac888405733c568eb686dd4cfdcb65a32905bee,EXACT_BYTES; ARCHIVE_RESTORE
artifact/raw/B3-formal-v1/M6-S2-measured-06-M6_I1R2_N1024_e512_COLD_packed/monitor_samples.jsonl,artifact/raw/B3-formal-v1/M6-S2-measured-06-M6_I1R2_N1024_e512_COLD_packed/monitor_samples.jsonl,8bd3971ac650d258be43e77ba8f282457818e103df95b23ec567afde02dc9979,EXACT_BYTES; ARCHIVE_RESTORE
artifact/raw/B3-formal-v1/M6-S2-measured-06-M6_I1R2_N1024_e512_COLD_repeated/monitor_samples.jsonl,artifact/raw/B3-formal-v1/M6-S2-measured-06-M6_I1R2_N1024_e512_COLD_repeated/monitor_samples.jsonl,8c032017ea2f1f9204975b1280200dbfaaec77a72a32ac7fc77f8f4c3c0a701f,EXACT_BYTES; ARCHIVE_RESTORE
artifact/raw/B3-formal-v1/M6-S2-measured-06-M6_I1R2_N1024_e512_ONLINE_packed/monitor_samples.jsonl,artifact/raw/B3-formal-v1/M6-S2-measured-06-M6_I1R2_N1024_e512_ONLINE_packed/monitor_samples.jsonl,b08df6acccf5fe1f2bb1b9903f8760250b29c18ea65b11e57c18e1c2e4882585,EXACT_BYTES; ARCHIVE_RESTORE
artifact/raw/B3-formal-v1/M6-S2-measured-06-M6_I1R2_N1024_e512_ONLINE_repeated/monitor_samples.jsonl,artifact/raw/B3-formal-v1/M6-S2-measured-06-M6_I1R2_N1024_e512_ONLINE_repeated/monitor_samples.jsonl,bc37679ccff8beec04b30bf54752c88b4e0e26548a62aba29234fd691f235bbf,EXACT_BYTES; ARCHIVE_RESTORE
artifact/raw/B3-formal-v1/M6-S2-measured-06-M6_I2R1_N1024_e512_COLD_packed/monitor_samples.jsonl,artifact/raw/B3-formal-v1/M6-S2-measured-06-M6_I2R1_N1024_e512_COLD_packed/monitor_samples.jsonl,cb3c87d42d79bd09c040f3ecce12b083bbec8796a5267523078efb785e03d9c5,EXACT_BYTES; ARCHIVE_RESTORE
artifact/raw/B3-formal-v1/M6-S2-measured-06-M6_I2R1_N1024_e512_COLD_repeated/monitor_samples.jsonl,artifact/raw/B3-formal-v1/M6-S2-measured-06-M6_I2R1_N1024_e512_COLD_repeated/monitor_samples.jsonl,9ed0dce4fd27c3ca3b04a93805e46d05492b3cd8eb7207040a0935f0a78437d1,EXACT_BYTES; ARCHIVE_RESTORE
artifact/raw/B3-formal-v1/M6-S2-measured-06-M6_I2R1_N1024_e512_ONLINE_packed/monitor_samples.jsonl,artifact/raw/B3-formal-v1/M6-S2-measured-06-M6_I2R1_N1024_e512_ONLINE_packed/monitor_samples.jsonl,32a158806882a09ee80fd3bebf50df88a0091e6728acdead16599542b10934f3,EXACT_BYTES; ARCHIVE_RESTORE
artifact/raw/B3-formal-v1/M6-S2-measured-06-M6_I2R1_N1024_e512_ONLINE_repeated/monitor_samples.jsonl,artifact/raw/B3-formal-v1/M6-S2-measured-06-M6_I2R1_N1024_e512_ONLINE_repeated/monitor_samples.jsonl,f9ad88f63d0b30d63ed5949b9d120a70ab07689299d863d4dc4f01a9935a14f5,EXACT_BYTES; ARCHIVE_RESTORE
artifact/raw/B3-formal-v1/M6-S2-measured-06-M6_I2R2_N1024_e512_COLD_packed/monitor_samples.jsonl,artifact/raw/B3-formal-v1/M6-S2-measured-06-M6_I2R2_N1024_e512_COLD_packed/monitor_samples.jsonl,3930ecd8ba1e0f4c2c57ab593f9c2e7006b5dd1408624021bd6e5ddd875e732b,EXACT_BYTES; ARCHIVE_RESTORE
artifact/raw/B3-formal-v1/M6-S2-measured-06-M6_I2R2_N1024_e512_COLD_repeated/monitor_samples.jsonl,artifact/raw/B3-formal-v1/M6-S2-measured-06-M6_I2R2_N1024_e512_COLD_repeated/monitor_samples.jsonl,fd11733b2af7664addb916f2682526ad28397492403b36c647a67663384a5856,EXACT_BYTES; ARCHIVE_RESTORE
artifact/raw/B3-formal-v1/M6-S2-measured-06-M6_I2R2_N1024_e512_ONLINE_packed/monitor_samples.jsonl,artifact/raw/B3-formal-v1/M6-S2-measured-06-M6_I2R2_N1024_e512_ONLINE_packed/monitor_samples.jsonl,5be8a813586e3cf57dd672957f2be702930261f4feafb23d461e4b45fe6dce39,EXACT_BYTES; ARCHIVE_RESTORE
artifact/raw/B3-formal-v1/M6-S2-measured-06-M6_I2R2_N1024_e512_ONLINE_repeated/monitor_samples.jsonl,artifact/raw/B3-formal-v1/M6-S2-measured-06-M6_I2R2_N1024_e512_ONLINE_repeated/monitor_samples.jsonl,bd977c030dcca0f16718d58f5b3ebf37fdfe134811c32c1ab2206800bf5b5685,EXACT_BYTES; ARCHIVE_RESTORE
artifact/raw/B3-formal-v1/M6-S2-measured-07-M6_I1R1_N1024_e512_COLD_packed/monitor_samples.jsonl,artifact/raw/B3-formal-v1/M6-S2-measured-07-M6_I1R1_N1024_e512_COLD_packed/monitor_samples.jsonl,07a41320377b4f11eb1ffc8fc156448e9ee49fe6734731b2a1a66080e55bcafd,EXACT_BYTES; ARCHIVE_RESTORE
artifact/raw/B3-formal-v1/M6-S2-measured-07-M6_I1R1_N1024_e512_COLD_repeated/monitor_samples.jsonl,artifact/raw/B3-formal-v1/M6-S2-measured-07-M6_I1R1_N1024_e512_COLD_repeated/monitor_samples.jsonl,7122467ecb74a2756355187d078d8417707821bf8c941cc41708912977159e80,EXACT_BYTES; ARCHIVE_RESTORE
artifact/raw/B3-formal-v1/M6-S2-measured-07-M6_I1R1_N1024_e512_ONLINE_packed/monitor_samples.jsonl,artifact/raw/B3-formal-v1/M6-S2-measured-07-M6_I1R1_N1024_e512_ONLINE_packed/monitor_samples.jsonl,fea9c5577b4c3d6c2be03a9b3829c86479d42e9941656ca689565a4940c14fe1,EXACT_BYTES; ARCHIVE_RESTORE
artifact/raw/B3-formal-v1/M6-S2-measured-07-M6_I1R1_N1024_e512_ONLINE_repeated/monitor_samples.jsonl,artifact/raw/B3-formal-v1/M6-S2-measured-07-M6_I1R1_N1024_e512_ONLINE_repeated/monitor_samples.jsonl,7d14efb0fd7ad895c69c3f9efe8d7f481e59bea2a508bdf3cade3fd35a21ed2c,EXACT_BYTES; ARCHIVE_RESTORE
artifact/raw/B3-formal-v1/M6-S2-measured-07-M6_I1R2_N1024_e512_COLD_packed/monitor_samples.jsonl,artifact/raw/B3-formal-v1/M6-S2-measured-07-M6_I1R2_N1024_e512_COLD_packed/monitor_samples.jsonl,a727fb1fa006f49cbd1f903e20d9537da4571271420b40ea8d6631e1b15996a0,EXACT_BYTES; ARCHIVE_RESTORE
artifact/raw/B3-formal-v1/M6-S2-measured-07-M6_I1R2_N1024_e512_COLD_repeated/monitor_samples.jsonl,artifact/raw/B3-formal-v1/M6-S2-measured-07-M6_I1R2_N1024_e512_COLD_repeated/monitor_samples.jsonl,8b6700069630d5e678f073555783833f66c932c69ca555dac32e0c1bb5fde38d,EXACT_BYTES; ARCHIVE_RESTORE
artifact/raw/B3-formal-v1/M6-S2-measured-07-M6_I1R2_N1024_e512_ONLINE_packed/monitor_samples.jsonl,artifact/raw/B3-formal-v1/M6-S2-measured-07-M6_I1R2_N1024_e512_ONLINE_packed/monitor_samples.jsonl,dad53e398019faf1f2f8ec218307d4d156d517c127144c7c38d14485a8c7ba4b,EXACT_BYTES; ARCHIVE_RESTORE
artifact/raw/B3-formal-v1/M6-S2-measured-07-M6_I1R2_N1024_e512_ONLINE_repeated/monitor_samples.jsonl,artifact/raw/B3-formal-v1/M6-S2-measured-07-M6_I1R2_N1024_e512_ONLINE_repeated/monitor_samples.jsonl,f2131112f3172539691d553bcc0a78bcac0589a27254dda63f37d10a589def48,EXACT_BYTES; ARCHIVE_RESTORE
artifact/raw/B3-formal-v1/M6-S2-measured-07-M6_I2R1_N1024_e512_COLD_packed/monitor_samples.jsonl,artifact/raw/B3-formal-v1/M6-S2-measured-07-M6_I2R1_N1024_e512_COLD_packed/monitor_samples.jsonl,f5bb429423e6f0777b598353d586137433de9f439b0a638f3a003886cad00979,EXACT_BYTES; ARCHIVE_RESTORE
artifact/raw/B3-formal-v1/M6-S2-measured-07-M6_I2R1_N1024_e512_COLD_repeated/monitor_samples.jsonl,artifact/raw/B3-formal-v1/M6-S2-measured-07-M6_I2R1_N1024_e512_COLD_repeated/monitor_samples.jsonl,5bcb91862dbe9699dd8f7927bdd267cbffe95b9241ec1c0c471b62ac2db79130,EXACT_BYTES; ARCHIVE_RESTORE
artifact/raw/B3-formal-v1/M6-S2-measured-07-M6_I2R1_N1024_e512_ONLINE_packed/monitor_samples.jsonl,artifact/raw/B3-formal-v1/M6-S2-measured-07-M6_I2R1_N1024_e512_ONLINE_packed/monitor_samples.jsonl,a5c16e4147d7cd1d07883e8733b879cba49ff6f54abed54cac347f22399bbfb9,EXACT_BYTES; ARCHIVE_RESTORE
artifact/raw/B3-formal-v1/M6-S2-measured-07-M6_I2R1_N1024_e512_ONLINE_repeated/monitor_samples.jsonl,artifact/raw/B3-formal-v1/M6-S2-measured-07-M6_I2R1_N1024_e512_ONLINE_repeated/monitor_samples.jsonl,bc4d26ff788e7affd30fc0da7102e475f06df90ff2422771714c82c0204f82e1,EXACT_BYTES; ARCHIVE_RESTORE
artifact/raw/B3-formal-v1/M6-S2-measured-07-M6_I2R2_N1024_e512_COLD_packed/monitor_samples.jsonl,artifact/raw/B3-formal-v1/M6-S2-measured-07-M6_I2R2_N1024_e512_COLD_packed/monitor_samples.jsonl,99abbdba9a5a2c10dff707c85fa6af8e424e43bbd1cad64129a032036647f962,EXACT_BYTES; ARCHIVE_RESTORE
artifact/raw/B3-formal-v1/M6-S2-measured-07-M6_I2R2_N1024_e512_COLD_repeated/monitor_samples.jsonl,artifact/raw/B3-formal-v1/M6-S2-measured-07-M6_I2R2_N1024_e512_COLD_repeated/monitor_samples.jsonl,ac79baf439181c84c3ac612ee9abde6b1a1944701d6334d79e2439f72e731475,EXACT_BYTES; ARCHIVE_RESTORE
artifact/raw/B3-formal-v1/M6-S2-measured-07-M6_I2R2_N1024_e512_ONLINE_packed/monitor_samples.jsonl,artifact/raw/B3-formal-v1/M6-S2-measured-07-M6_I2R2_N1024_e512_ONLINE_packed/monitor_samples.jsonl,4b53919e4055680f69db704c990599d86a6f46fc1f60daf2f3bf9708212bed2e,EXACT_BYTES; ARCHIVE_RESTORE
artifact/raw/B3-formal-v1/M6-S2-measured-07-M6_I2R2_N1024_e512_ONLINE_repeated/monitor_samples.jsonl,artifact/raw/B3-formal-v1/M6-S2-measured-07-M6_I2R2_N1024_e512_ONLINE_repeated/monitor_samples.jsonl,feecd3501a7ca8c71bdbde6e65e0e5e5a15acd426ecc0827d442f5bbe70cd64e,EXACT_BYTES; ARCHIVE_RESTORE
artifact/raw/B3-formal-v1/M6-S2-measured-08-M6_I1R1_N1024_e512_COLD_packed/monitor_samples.jsonl,artifact/raw/B3-formal-v1/M6-S2-measured-08-M6_I1R1_N1024_e512_COLD_packed/monitor_samples.jsonl,63401b6a18a84aa3c47025f5d1e0f3f769534d9845f733c66238c2ac5fe5b21d,EXACT_BYTES; ARCHIVE_RESTORE
artifact/raw/B3-formal-v1/M6-S2-measured-08-M6_I1R1_N1024_e512_COLD_repeated/monitor_samples.jsonl,artifact/raw/B3-formal-v1/M6-S2-measured-08-M6_I1R1_N1024_e512_COLD_repeated/monitor_samples.jsonl,52ae45fda3ae55faa0f223b66825ccbcef5c71174390270dc99c95dde281561f,EXACT_BYTES; ARCHIVE_RESTORE
artifact/raw/B3-formal-v1/M6-S2-measured-08-M6_I1R1_N1024_e512_ONLINE_packed/monitor_samples.jsonl,artifact/raw/B3-formal-v1/M6-S2-measured-08-M6_I1R1_N1024_e512_ONLINE_packed/monitor_samples.jsonl,8ab75e5773be9d3fb2ee6d15722dcf0377b4ee87d51e4e83560ef5095f2bf298,EXACT_BYTES; ARCHIVE_RESTORE
artifact/raw/B3-formal-v1/M6-S2-measured-08-M6_I1R1_N1024_e512_ONLINE_repeated/monitor_samples.jsonl,artifact/raw/B3-formal-v1/M6-S2-measured-08-M6_I1R1_N1024_e512_ONLINE_repeated/monitor_samples.jsonl,c2e49aec8209305678e778ce7a95db1f0336590b5aa21019f9c8243dcd9583dd,EXACT_BYTES; ARCHIVE_RESTORE
artifact/raw/B3-formal-v1/M6-S2-measured-08-M6_I1R2_N1024_e512_COLD_packed/monitor_samples.jsonl,artifact/raw/B3-formal-v1/M6-S2-measured-08-M6_I1R2_N1024_e512_COLD_packed/monitor_samples.jsonl,f76377474f9187dcedf9db49d708fe444707c19df2db8ebbb76dd762e4274f59,EXACT_BYTES; ARCHIVE_RESTORE
artifact/raw/B3-formal-v1/M6-S2-measured-08-M6_I1R2_N1024_e512_COLD_repeated/monitor_samples.jsonl,artifact/raw/B3-formal-v1/M6-S2-measured-08-M6_I1R2_N1024_e512_COLD_repeated/monitor_samples.jsonl,c83ab2b72b5df8dad2ebe7893d5837beb6bb1eef444e45a607676b7ab72a5eb7,EXACT_BYTES; ARCHIVE_RESTORE
artifact/raw/B3-formal-v1/M6-S2-measured-08-M6_I1R2_N1024_e512_ONLINE_packed/monitor_samples.jsonl,artifact/raw/B3-formal-v1/M6-S2-measured-08-M6_I1R2_N1024_e512_ONLINE_packed/monitor_samples.jsonl,01a2d0a40c6711d92881a5e591c552c68abf64a792537b770b130c2201fb829a,EXACT_BYTES; ARCHIVE_RESTORE
artifact/raw/B3-formal-v1/M6-S2-measured-08-M6_I1R2_N1024_e512_ONLINE_repeated/monitor_samples.jsonl,artifact/raw/B3-formal-v1/M6-S2-measured-08-M6_I1R2_N1024_e512_ONLINE_repeated/monitor_samples.jsonl,5019e2f488fae95bee9c578733ed71bb3c00adb553b5ea87404a05d7b515ff37,EXACT_BYTES; ARCHIVE_RESTORE
artifact/raw/B3-formal-v1/M6-S2-measured-08-M6_I2R1_N1024_e512_COLD_packed/monitor_samples.jsonl,artifact/raw/B3-formal-v1/M6-S2-measured-08-M6_I2R1_N1024_e512_COLD_packed/monitor_samples.jsonl,75b257000cf5982b620c4a3f700008ef5464812b121027708933735b8d3ccb7d,EXACT_BYTES; ARCHIVE_RESTORE
artifact/raw/B3-formal-v1/M6-S2-measured-08-M6_I2R1_N1024_e512_COLD_repeated/monitor_samples.jsonl,artifact/raw/B3-formal-v1/M6-S2-measured-08-M6_I2R1_N1024_e512_COLD_repeated/monitor_samples.jsonl,1cee1eee0b548b777c30f341290a57133a49b9c29935bfa85a765cb2611e7253,EXACT_BYTES; ARCHIVE_RESTORE
artifact/raw/B3-formal-v1/M6-S2-measured-08-M6_I2R1_N1024_e512_ONLINE_packed/monitor_samples.jsonl,artifact/raw/B3-formal-v1/M6-S2-measured-08-M6_I2R1_N1024_e512_ONLINE_packed/monitor_samples.jsonl,69fffa94247a49da8fc4935b5e24a542c9d272498c3184a0cd6a89818f7fbb77,EXACT_BYTES; ARCHIVE_RESTORE
artifact/raw/B3-formal-v1/M6-S2-measured-08-M6_I2R1_N1024_e512_ONLINE_repeated/monitor_samples.jsonl,artifact/raw/B3-formal-v1/M6-S2-measured-08-M6_I2R1_N1024_e512_ONLINE_repeated/monitor_samples.jsonl,d06669def8e8bbb4624ab730a18773b4c47b6ccbd8314dd6c3c7eabcef116271,EXACT_BYTES; ARCHIVE_RESTORE
artifact/raw/B3-formal-v1/M6-S2-measured-08-M6_I2R2_N1024_e512_COLD_packed/monitor_samples.jsonl,artifact/raw/B3-formal-v1/M6-S2-measured-08-M6_I2R2_N1024_e512_COLD_packed/monitor_samples.jsonl,b24ded6949174bf840133c1025987301b5b9ae9186ef0bdc351d64911ca797ba,EXACT_BYTES; ARCHIVE_RESTORE
artifact/raw/B3-formal-v1/M6-S2-measured-08-M6_I2R2_N1024_e512_COLD_repeated/monitor_samples.jsonl,artifact/raw/B3-formal-v1/M6-S2-measured-08-M6_I2R2_N1024_e512_COLD_repeated/monitor_samples.jsonl,fbd04330472cb067e9fa9e6ad196212d1c0060ee322dd20326938d1a214dab1d,EXACT_BYTES; ARCHIVE_RESTORE
artifact/raw/B3-formal-v1/M6-S2-measured-08-M6_I2R2_N1024_e512_ONLINE_packed/monitor_samples.jsonl,artifact/raw/B3-formal-v1/M6-S2-measured-08-M6_I2R2_N1024_e512_ONLINE_packed/monitor_samples.jsonl,110ba97ad8f2cb21f1bfce3302c5d395da0fca69dbba66c201a0f23bdefec66e,EXACT_BYTES; ARCHIVE_RESTORE
artifact/raw/B3-formal-v1/M6-S2-measured-08-M6_I2R2_N1024_e512_ONLINE_repeated/monitor_samples.jsonl,artifact/raw/B3-formal-v1/M6-S2-measured-08-M6_I2R2_N1024_e512_ONLINE_repeated/monitor_samples.jsonl,ffbd6130d48ac77de66d61fb80d1ba6fac7a7359f7d07ba7f460be9d3b9cc308,EXACT_BYTES; ARCHIVE_RESTORE
artifact/raw/B3-formal-v1/M6-S2-measured-09-M6_I1R1_N1024_e512_COLD_packed/monitor_samples.jsonl,artifact/raw/B3-formal-v1/M6-S2-measured-09-M6_I1R1_N1024_e512_COLD_packed/monitor_samples.jsonl,17d939b1fa5e8a2e7757d01f20ab803416b1a5876e7ac5d3d6b1b7234a454205,EXACT_BYTES; ARCHIVE_RESTORE
artifact/raw/B3-formal-v1/M6-S2-measured-09-M6_I1R1_N1024_e512_COLD_repeated/monitor_samples.jsonl,artifact/raw/B3-formal-v1/M6-S2-measured-09-M6_I1R1_N1024_e512_COLD_repeated/monitor_samples.jsonl,c509e11edb441ac40043b2c4e37ae5799aab334350adea936eed9caf77ce9b8c,EXACT_BYTES; ARCHIVE_RESTORE
artifact/raw/B3-formal-v1/M6-S2-measured-09-M6_I1R1_N1024_e512_ONLINE_packed/monitor_samples.jsonl,artifact/raw/B3-formal-v1/M6-S2-measured-09-M6_I1R1_N1024_e512_ONLINE_packed/monitor_samples.jsonl,2c5ca0a09c643f7ae996630b3ec9dbc54a7e936f96c5dd75e71c3b68c0bcabc6,EXACT_BYTES; ARCHIVE_RESTORE
artifact/raw/B3-formal-v1/M6-S2-measured-09-M6_I1R1_N1024_e512_ONLINE_repeated/monitor_samples.jsonl,artifact/raw/B3-formal-v1/M6-S2-measured-09-M6_I1R1_N1024_e512_ONLINE_repeated/monitor_samples.jsonl,1bc3bd688c71292750c2edc0ea488b955b92b3d536128e548aa3505d82ac88ee,EXACT_BYTES; ARCHIVE_RESTORE
artifact/raw/B3-formal-v1/M6-S2-measured-09-M6_I1R2_N1024_e512_COLD_packed/monitor_samples.jsonl,artifact/raw/B3-formal-v1/M6-S2-measured-09-M6_I1R2_N1024_e512_COLD_packed/monitor_samples.jsonl,decf5378a2b1e0d3ca6e6049a251083c84397c61d53d44056b711a008e582b68,EXACT_BYTES; ARCHIVE_RESTORE
artifact/raw/B3-formal-v1/M6-S2-measured-09-M6_I1R2_N1024_e512_COLD_repeated/monitor_samples.jsonl,artifact/raw/B3-formal-v1/M6-S2-measured-09-M6_I1R2_N1024_e512_COLD_repeated/monitor_samples.jsonl,608160b291b498b1ec999baf4ca8043601d11e6350973d3b0cf39e23a81e5f65,EXACT_BYTES; ARCHIVE_RESTORE
artifact/raw/B3-formal-v1/M6-S2-measured-09-M6_I1R2_N1024_e512_ONLINE_packed/monitor_samples.jsonl,artifact/raw/B3-formal-v1/M6-S2-measured-09-M6_I1R2_N1024_e512_ONLINE_packed/monitor_samples.jsonl,186d00a9e634d73355b659a4ed17fffe805ad25bb77b8aec1450ef216c96d936,EXACT_BYTES; ARCHIVE_RESTORE
artifact/raw/B3-formal-v1/M6-S2-measured-09-M6_I1R2_N1024_e512_ONLINE_repeated/monitor_samples.jsonl,artifact/raw/B3-formal-v1/M6-S2-measured-09-M6_I1R2_N1024_e512_ONLINE_repeated/monitor_samples.jsonl,046e26141615eb4e198806ed8232741c65a46a7def07385ebbdda110fa3a77de,EXACT_BYTES; ARCHIVE_RESTORE
artifact/raw/B3-formal-v1/M6-S2-measured-09-M6_I2R1_N1024_e512_COLD_packed/monitor_samples.jsonl,artifact/raw/B3-formal-v1/M6-S2-measured-09-M6_I2R1_N1024_e512_COLD_packed/monitor_samples.jsonl,ce2aa01f1471c91efc94efb767ce9f14616a5fbad29f5bd7c4c560c0aa2b492d,EXACT_BYTES; ARCHIVE_RESTORE
artifact/raw/B3-formal-v1/M6-S2-measured-09-M6_I2R1_N1024_e512_COLD_repeated/monitor_samples.jsonl,artifact/raw/B3-formal-v1/M6-S2-measured-09-M6_I2R1_N1024_e512_COLD_repeated/monitor_samples.jsonl,ee71968906ade6b76113724cf15ecd3308db284d81ec8db5bdae1efaccc1dd4a,EXACT_BYTES; ARCHIVE_RESTORE
artifact/raw/B3-formal-v1/M6-S2-measured-09-M6_I2R1_N1024_e512_ONLINE_packed/monitor_samples.jsonl,artifact/raw/B3-formal-v1/M6-S2-measured-09-M6_I2R1_N1024_e512_ONLINE_packed/monitor_samples.jsonl,669539d994196eb58ab7178bb9a6cd718f84772b43d9e99de7af84eaa4108c1b,EXACT_BYTES; ARCHIVE_RESTORE
artifact/raw/B3-formal-v1/M6-S2-measured-09-M6_I2R1_N1024_e512_ONLINE_repeated/monitor_samples.jsonl,artifact/raw/B3-formal-v1/M6-S2-measured-09-M6_I2R1_N1024_e512_ONLINE_repeated/monitor_samples.jsonl,dcdb91b6221867067028441f44bb37ac4824f280cf0e9a05924e9e98304921f0,EXACT_BYTES; ARCHIVE_RESTORE
artifact/raw/B3-formal-v1/M6-S2-measured-09-M6_I2R2_N1024_e512_COLD_packed/monitor_samples.jsonl,artifact/raw/B3-formal-v1/M6-S2-measured-09-M6_I2R2_N1024_e512_COLD_packed/monitor_samples.jsonl,b9041c1bca7dee18d3570217607dca03b741c31ba60e1ed135fe1be984ef0aa2,EXACT_BYTES; ARCHIVE_RESTORE
artifact/raw/B3-formal-v1/M6-S2-measured-09-M6_I2R2_N1024_e512_COLD_repeated/monitor_samples.jsonl,artifact/raw/B3-formal-v1/M6-S2-measured-09-M6_I2R2_N1024_e512_COLD_repeated/monitor_samples.jsonl,4c04e856ffe0db3891182dc2eb6e814ebcff8c82197e843c22aa6951648336d8,EXACT_BYTES; ARCHIVE_RESTORE
artifact/raw/B3-formal-v1/M6-S2-measured-09-M6_I2R2_N1024_e512_ONLINE_packed/monitor_samples.jsonl,artifact/raw/B3-formal-v1/M6-S2-measured-09-M6_I2R2_N1024_e512_ONLINE_packed/monitor_samples.jsonl,110e27d6b3120a212a83cac7899987655fa3991e10556fe7f3f1cb9839fa925b,EXACT_BYTES; ARCHIVE_RESTORE
artifact/raw/B3-formal-v1/M6-S2-measured-09-M6_I2R2_N1024_e512_ONLINE_repeated/monitor_samples.jsonl,artifact/raw/B3-formal-v1/M6-S2-measured-09-M6_I2R2_N1024_e512_ONLINE_repeated/monitor_samples.jsonl,cdada1b3e29421b6a5a258f035f73436f3ad6d2167fbdad81eb52b84ed6fac42,EXACT_BYTES; ARCHIVE_RESTORE
artifact/raw/B3-formal-v1/M6-S2-measured-10-M6_I1R1_N1024_e512_COLD_packed/monitor_samples.jsonl,artifact/raw/B3-formal-v1/M6-S2-measured-10-M6_I1R1_N1024_e512_COLD_packed/monitor_samples.jsonl,2733b16ec1039b9d40ca57a0e0706a4f33a4d8d439c73f65820a0dc650cda3de,EXACT_BYTES; ARCHIVE_RESTORE
artifact/raw/B3-formal-v1/M6-S2-measured-10-M6_I1R1_N1024_e512_COLD_repeated/monitor_samples.jsonl,artifact/raw/B3-formal-v1/M6-S2-measured-10-M6_I1R1_N1024_e512_COLD_repeated/monitor_samples.jsonl,9f61dcee30505f73b8845ee1367efdd091a8127c4a1c8ad7814b2ec957a92332,EXACT_BYTES; ARCHIVE_RESTORE
artifact/raw/B3-formal-v1/M6-S2-measured-10-M6_I1R1_N1024_e512_ONLINE_packed/monitor_samples.jsonl,artifact/raw/B3-formal-v1/M6-S2-measured-10-M6_I1R1_N1024_e512_ONLINE_packed/monitor_samples.jsonl,9a518da0e79a05651c83ef6636b79434a2e8b703989b354f5d11acf4f84ecf16,EXACT_BYTES; ARCHIVE_RESTORE
artifact/raw/B3-formal-v1/M6-S2-measured-10-M6_I1R1_N1024_e512_ONLINE_repeated/monitor_samples.jsonl,artifact/raw/B3-formal-v1/M6-S2-measured-10-M6_I1R1_N1024_e512_ONLINE_repeated/monitor_samples.jsonl,95d5f02bb4b6d475334e2ba76a5521321ee93ce7b318bda12ef64abdff1b03b0,EXACT_BYTES; ARCHIVE_RESTORE
artifact/raw/B3-formal-v1/M6-S2-measured-10-M6_I1R2_N1024_e512_COLD_packed/monitor_samples.jsonl,artifact/raw/B3-formal-v1/M6-S2-measured-10-M6_I1R2_N1024_e512_COLD_packed/monitor_samples.jsonl,23dc57dc353206cf505321b4084e8edca40cfd0d05f27f7307c55af857abd5eb,EXACT_BYTES; ARCHIVE_RESTORE
artifact/raw/B3-formal-v1/M6-S2-measured-10-M6_I1R2_N1024_e512_COLD_repeated/monitor_samples.jsonl,artifact/raw/B3-formal-v1/M6-S2-measured-10-M6_I1R2_N1024_e512_COLD_repeated/monitor_samples.jsonl,7dc2e32e7742bbc8473eea2bc0fd77dda4148193382fc61f2ce690e56b95813c,EXACT_BYTES; ARCHIVE_RESTORE
artifact/raw/B3-formal-v1/M6-S2-measured-10-M6_I1R2_N1024_e512_ONLINE_packed/monitor_samples.jsonl,artifact/raw/B3-formal-v1/M6-S2-measured-10-M6_I1R2_N1024_e512_ONLINE_packed/monitor_samples.jsonl,7841f01b75cc971d34310b75bfadca73486f8ca10eea5ee18f51b8524ff501e5,EXACT_BYTES; ARCHIVE_RESTORE
artifact/raw/B3-formal-v1/M6-S2-measured-10-M6_I1R2_N1024_e512_ONLINE_repeated/monitor_samples.jsonl,artifact/raw/B3-formal-v1/M6-S2-measured-10-M6_I1R2_N1024_e512_ONLINE_repeated/monitor_samples.jsonl,3004fac0b13f13a7edb66594af8116a2c6228c7bce221e77deb9ae9bea1a13b3,EXACT_BYTES; ARCHIVE_RESTORE
artifact/raw/B3-formal-v1/M6-S2-measured-10-M6_I2R1_N1024_e512_COLD_packed/monitor_samples.jsonl,artifact/raw/B3-formal-v1/M6-S2-measured-10-M6_I2R1_N1024_e512_COLD_packed/monitor_samples.jsonl,7921e628de59b007d91fc9b2507d4c9d292b26e668181d050b879c66f770f6b2,EXACT_BYTES; ARCHIVE_RESTORE
artifact/raw/B3-formal-v1/M6-S2-measured-10-M6_I2R1_N1024_e512_COLD_repeated/monitor_samples.jsonl,artifact/raw/B3-formal-v1/M6-S2-measured-10-M6_I2R1_N1024_e512_COLD_repeated/monitor_samples.jsonl,133326688e457fd517b62398307a57c8c2bf2d4ab7f4194d2524d0ce3b2291ec,EXACT_BYTES; ARCHIVE_RESTORE
artifact/raw/B3-formal-v1/M6-S2-measured-10-M6_I2R1_N1024_e512_ONLINE_packed/monitor_samples.jsonl,artifact/raw/B3-formal-v1/M6-S2-measured-10-M6_I2R1_N1024_e512_ONLINE_packed/monitor_samples.jsonl,96dfc7c740b9bdc53143217e07a335748a91f9af56d86efee7ef3daed71645f3,EXACT_BYTES; ARCHIVE_RESTORE
artifact/raw/B3-formal-v1/M6-S2-measured-10-M6_I2R1_N1024_e512_ONLINE_repeated/monitor_samples.jsonl,artifact/raw/B3-formal-v1/M6-S2-measured-10-M6_I2R1_N1024_e512_ONLINE_repeated/monitor_samples.jsonl,19c1fe9f39efa21c536c3a76a97ab5cd8a7201b7632e7e0800b6b7b4fd45a05f,EXACT_BYTES; ARCHIVE_RESTORE
artifact/raw/B3-formal-v1/M6-S2-measured-10-M6_I2R2_N1024_e512_COLD_packed/monitor_samples.jsonl,artifact/raw/B3-formal-v1/M6-S2-measured-10-M6_I2R2_N1024_e512_COLD_packed/monitor_samples.jsonl,7cbc13d32bc91453ce51f0256a256fe312a5ab89a14b833f4d0f809b703d13ad,EXACT_BYTES; ARCHIVE_RESTORE
artifact/raw/B3-formal-v1/M6-S2-measured-10-M6_I2R2_N1024_e512_COLD_repeated/monitor_samples.jsonl,artifact/raw/B3-formal-v1/M6-S2-measured-10-M6_I2R2_N1024_e512_COLD_repeated/monitor_samples.jsonl,0a2e078d214916f2bf1c844831d7dc56cd29470cecbd7452cdb90b9269434fe3,EXACT_BYTES; ARCHIVE_RESTORE
artifact/raw/B3-formal-v1/M6-S2-measured-10-M6_I2R2_N1024_e512_ONLINE_packed/monitor_samples.jsonl,artifact/raw/B3-formal-v1/M6-S2-measured-10-M6_I2R2_N1024_e512_ONLINE_packed/monitor_samples.jsonl,9308c69b157ffb7c27a55b80b211f38732c1d961ef36187b17edadfb5702af2f,EXACT_BYTES; ARCHIVE_RESTORE
artifact/raw/B3-formal-v1/M6-S2-measured-10-M6_I2R2_N1024_e512_ONLINE_repeated/monitor_samples.jsonl,artifact/raw/B3-formal-v1/M6-S2-measured-10-M6_I2R2_N1024_e512_ONLINE_repeated/monitor_samples.jsonl,eae2eb1a21dbe503e2f12d4a9e561ed57817d3e1e29f268e09bbb1459bd4d7cf,EXACT_BYTES; ARCHIVE_RESTORE
artifact/raw/B3-formal-v1/M6-S2-warmup-01-M6_I1R1_N1024_e512_COLD_packed/monitor_samples.jsonl,artifact/raw/B3-formal-v1/M6-S2-warmup-01-M6_I1R1_N1024_e512_COLD_packed/monitor_samples.jsonl,70558eb8beabfc62d4fa55fab53cc6f67f445590dcebc48e89b286d452382b19,EXACT_BYTES; ARCHIVE_RESTORE
artifact/raw/B3-formal-v1/M6-S2-warmup-01-M6_I1R1_N1024_e512_COLD_repeated/monitor_samples.jsonl,artifact/raw/B3-formal-v1/M6-S2-warmup-01-M6_I1R1_N1024_e512_COLD_repeated/monitor_samples.jsonl,cc12543d8b8b9ab4a75bfebcae38ddb154aadbd809c914aad5e513254288c84f,EXACT_BYTES; ARCHIVE_RESTORE
artifact/raw/B3-formal-v1/M6-S2-warmup-01-M6_I1R1_N1024_e512_ONLINE_packed/monitor_samples.jsonl,artifact/raw/B3-formal-v1/M6-S2-warmup-01-M6_I1R1_N1024_e512_ONLINE_packed/monitor_samples.jsonl,7ab6a2d605acdd02ce1d23f4fdca7f44b281fd04c546c7c68c95b2e7273bd58f,EXACT_BYTES; ARCHIVE_RESTORE
artifact/raw/B3-formal-v1/M6-S2-warmup-01-M6_I1R1_N1024_e512_ONLINE_repeated/monitor_samples.jsonl,artifact/raw/B3-formal-v1/M6-S2-warmup-01-M6_I1R1_N1024_e512_ONLINE_repeated/monitor_samples.jsonl,7ac0c412b4a5abbc9844a9af39f1e7bacbc3960ac7a52cf9bd34e885e1f46cf2,EXACT_BYTES; ARCHIVE_RESTORE
artifact/raw/B3-formal-v1/M6-S2-warmup-01-M6_I1R2_N1024_e512_COLD_packed/monitor_samples.jsonl,artifact/raw/B3-formal-v1/M6-S2-warmup-01-M6_I1R2_N1024_e512_COLD_packed/monitor_samples.jsonl,5b5c3ce82d8519b346da13b09a4946bdbeea8143e6839621644d96f52b06f6c9,EXACT_BYTES; ARCHIVE_RESTORE
artifact/raw/B3-formal-v1/M6-S2-warmup-01-M6_I1R2_N1024_e512_COLD_repeated/monitor_samples.jsonl,artifact/raw/B3-formal-v1/M6-S2-warmup-01-M6_I1R2_N1024_e512_COLD_repeated/monitor_samples.jsonl,610fce4a36f45fcb65484affdfb585f987971d4bf35246a6ed250c30c29b0856,EXACT_BYTES; ARCHIVE_RESTORE
artifact/raw/B3-formal-v1/M6-S2-warmup-01-M6_I1R2_N1024_e512_ONLINE_packed/monitor_samples.jsonl,artifact/raw/B3-formal-v1/M6-S2-warmup-01-M6_I1R2_N1024_e512_ONLINE_packed/monitor_samples.jsonl,a837d3edde6e1f589da98db22d097529cd53704aad805ccdacaa79cc74933c3d,EXACT_BYTES; ARCHIVE_RESTORE
artifact/raw/B3-formal-v1/M6-S2-warmup-01-M6_I1R2_N1024_e512_ONLINE_repeated/monitor_samples.jsonl,artifact/raw/B3-formal-v1/M6-S2-warmup-01-M6_I1R2_N1024_e512_ONLINE_repeated/monitor_samples.jsonl,499e394072198543cb488862987cc0efcb21302b9f165e023a13ef57771ad539,EXACT_BYTES; ARCHIVE_RESTORE
artifact/raw/B3-formal-v1/M6-S2-warmup-01-M6_I2R1_N1024_e512_COLD_packed/monitor_samples.jsonl,artifact/raw/B3-formal-v1/M6-S2-warmup-01-M6_I2R1_N1024_e512_COLD_packed/monitor_samples.jsonl,28680e002239342c2a6f5f547a3640f58ab046f7f5e651573c18623256a2c438,EXACT_BYTES; ARCHIVE_RESTORE
artifact/raw/B3-formal-v1/M6-S2-warmup-01-M6_I2R1_N1024_e512_COLD_repeated/monitor_samples.jsonl,artifact/raw/B3-formal-v1/M6-S2-warmup-01-M6_I2R1_N1024_e512_COLD_repeated/monitor_samples.jsonl,2a614a283b4e6b69b1e6941f4db53b8cce199a97d40745d95de5a487ff3bd18a,EXACT_BYTES; ARCHIVE_RESTORE
artifact/raw/B3-formal-v1/M6-S2-warmup-01-M6_I2R1_N1024_e512_ONLINE_packed/monitor_samples.jsonl,artifact/raw/B3-formal-v1/M6-S2-warmup-01-M6_I2R1_N1024_e512_ONLINE_packed/monitor_samples.jsonl,cd0beb8c3de02859edc3e780600323eaf01f654d48bebee235a1d932a2ffecee,EXACT_BYTES; ARCHIVE_RESTORE
artifact/raw/B3-formal-v1/M6-S2-warmup-01-M6_I2R1_N1024_e512_ONLINE_repeated/monitor_samples.jsonl,artifact/raw/B3-formal-v1/M6-S2-warmup-01-M6_I2R1_N1024_e512_ONLINE_repeated/monitor_samples.jsonl,b3d6180963194e13621c570e428061d9037d150f9706c63cc6f67f303bf0ba06,EXACT_BYTES; ARCHIVE_RESTORE
artifact/raw/B3-formal-v1/M6-S2-warmup-01-M6_I2R2_N1024_e512_COLD_packed/monitor_samples.jsonl,artifact/raw/B3-formal-v1/M6-S2-warmup-01-M6_I2R2_N1024_e512_COLD_packed/monitor_samples.jsonl,fb6d88584d4b33e51a8213f5782615b375d4fe279b160284df11e2ab313a3678,EXACT_BYTES; ARCHIVE_RESTORE
artifact/raw/B3-formal-v1/M6-S2-warmup-01-M6_I2R2_N1024_e512_COLD_repeated/monitor_samples.jsonl,artifact/raw/B3-formal-v1/M6-S2-warmup-01-M6_I2R2_N1024_e512_COLD_repeated/monitor_samples.jsonl,5280c37b5904f33933a33324adbf941f75a229a200a9e5f4ec14c5abe99eb200,EXACT_BYTES; ARCHIVE_RESTORE
artifact/raw/B3-formal-v1/M6-S2-warmup-01-M6_I2R2_N1024_e512_ONLINE_packed/monitor_samples.jsonl,artifact/raw/B3-formal-v1/M6-S2-warmup-01-M6_I2R2_N1024_e512_ONLINE_packed/monitor_samples.jsonl,6d943e111ee2db7e19f287b08b3f2c723e4e2e013f4909b7d482902caade104a,EXACT_BYTES; ARCHIVE_RESTORE
artifact/raw/B3-formal-v1/M6-S2-warmup-01-M6_I2R2_N1024_e512_ONLINE_repeated/monitor_samples.jsonl,artifact/raw/B3-formal-v1/M6-S2-warmup-01-M6_I2R2_N1024_e512_ONLINE_repeated/monitor_samples.jsonl,b2ed0c37949591099fdb9a0c6ca17658a2aa15a1851834fb6aa37c962ad358fc,EXACT_BYTES; ARCHIVE_RESTORE
artifact/raw/B3-formal-v1/M6-S2-warmup-02-M6_I1R1_N1024_e512_COLD_packed/monitor_samples.jsonl,artifact/raw/B3-formal-v1/M6-S2-warmup-02-M6_I1R1_N1024_e512_COLD_packed/monitor_samples.jsonl,c22f64064c38e5cd50c59197ee4bf4703dede4ce5b273f48b4833ff3ee98f4f2,EXACT_BYTES; ARCHIVE_RESTORE
artifact/raw/B3-formal-v1/M6-S2-warmup-02-M6_I1R1_N1024_e512_COLD_repeated/monitor_samples.jsonl,artifact/raw/B3-formal-v1/M6-S2-warmup-02-M6_I1R1_N1024_e512_COLD_repeated/monitor_samples.jsonl,92228b14fdcb5d41b438ec25dc1dbb2305577b459447ce37af1830b312f1160b,EXACT_BYTES; ARCHIVE_RESTORE
artifact/raw/B3-formal-v1/M6-S2-warmup-02-M6_I1R1_N1024_e512_ONLINE_packed/monitor_samples.jsonl,artifact/raw/B3-formal-v1/M6-S2-warmup-02-M6_I1R1_N1024_e512_ONLINE_packed/monitor_samples.jsonl,87e2701cc5c9bd7c8495ca61ce24d8fb926a0f94adfc910f3bedadcd449c8287,EXACT_BYTES; ARCHIVE_RESTORE
artifact/raw/B3-formal-v1/M6-S2-warmup-02-M6_I1R1_N1024_e512_ONLINE_repeated/monitor_samples.jsonl,artifact/raw/B3-formal-v1/M6-S2-warmup-02-M6_I1R1_N1024_e512_ONLINE_repeated/monitor_samples.jsonl,6da0b929dfddbfe7aba3dda7537256c0c735c45837f5e9c9b38d97e815055216,EXACT_BYTES; ARCHIVE_RESTORE
artifact/raw/B3-formal-v1/M6-S2-warmup-02-M6_I1R2_N1024_e512_COLD_packed/monitor_samples.jsonl,artifact/raw/B3-formal-v1/M6-S2-warmup-02-M6_I1R2_N1024_e512_COLD_packed/monitor_samples.jsonl,57fbca5a11d6e2c7f388b7239faa2c2f61b34ef5803b3f7df5c8296c4cf7a48c,EXACT_BYTES; ARCHIVE_RESTORE
artifact/raw/B3-formal-v1/M6-S2-warmup-02-M6_I1R2_N1024_e512_COLD_repeated/monitor_samples.jsonl,artifact/raw/B3-formal-v1/M6-S2-warmup-02-M6_I1R2_N1024_e512_COLD_repeated/monitor_samples.jsonl,628d567899130f67174bc1b4bbab35f0d351130d616a6ab7acb3b13900fdc48b,EXACT_BYTES; ARCHIVE_RESTORE
artifact/raw/B3-formal-v1/M6-S2-warmup-02-M6_I1R2_N1024_e512_ONLINE_packed/monitor_samples.jsonl,artifact/raw/B3-formal-v1/M6-S2-warmup-02-M6_I1R2_N1024_e512_ONLINE_packed/monitor_samples.jsonl,df0da5e1f9da7be28da3de744b154af9f5463deb13b5846439169da8b49c788d,EXACT_BYTES; ARCHIVE_RESTORE
artifact/raw/B3-formal-v1/M6-S2-warmup-02-M6_I1R2_N1024_e512_ONLINE_repeated/monitor_samples.jsonl,artifact/raw/B3-formal-v1/M6-S2-warmup-02-M6_I1R2_N1024_e512_ONLINE_repeated/monitor_samples.jsonl,b4e6e2e5a30f56a16f644563a582660cb7d87e44a3a0c967ddfdbd60a1a4c0dd,EXACT_BYTES; ARCHIVE_RESTORE
artifact/raw/B3-formal-v1/M6-S2-warmup-02-M6_I2R1_N1024_e512_COLD_packed/monitor_samples.jsonl,artifact/raw/B3-formal-v1/M6-S2-warmup-02-M6_I2R1_N1024_e512_COLD_packed/monitor_samples.jsonl,136cf794a87e56510067e97806166f36f634e200965c8baf7309a88de95beea2,EXACT_BYTES; ARCHIVE_RESTORE
artifact/raw/B3-formal-v1/M6-S2-warmup-02-M6_I2R1_N1024_e512_COLD_repeated/monitor_samples.jsonl,artifact/raw/B3-formal-v1/M6-S2-warmup-02-M6_I2R1_N1024_e512_COLD_repeated/monitor_samples.jsonl,155558af89a43571768ffab4be3d320fba61e33959c043706fa50a97bf1ab1b1,EXACT_BYTES; ARCHIVE_RESTORE
artifact/raw/B3-formal-v1/M6-S2-warmup-02-M6_I2R1_N1024_e512_ONLINE_packed/monitor_samples.jsonl,artifact/raw/B3-formal-v1/M6-S2-warmup-02-M6_I2R1_N1024_e512_ONLINE_packed/monitor_samples.jsonl,660376f9f85eca67c24c831291c9ccd0b7371fc6adabc6b9b1cd32510fb95857,EXACT_BYTES; ARCHIVE_RESTORE
artifact/raw/B3-formal-v1/M6-S2-warmup-02-M6_I2R1_N1024_e512_ONLINE_repeated/monitor_samples.jsonl,artifact/raw/B3-formal-v1/M6-S2-warmup-02-M6_I2R1_N1024_e512_ONLINE_repeated/monitor_samples.jsonl,d0eab214ef4c975c1e80a7ddb4310b58221a29d3f8369bf8be2b9379a71d42a7,EXACT_BYTES; ARCHIVE_RESTORE
artifact/raw/B3-formal-v1/M6-S2-warmup-02-M6_I2R2_N1024_e512_COLD_packed/monitor_samples.jsonl,artifact/raw/B3-formal-v1/M6-S2-warmup-02-M6_I2R2_N1024_e512_COLD_packed/monitor_samples.jsonl,01eb5c3adc16999a4c47d042cd005089c5a87bd4b5bc1d341221c0df97abdd0a,EXACT_BYTES; ARCHIVE_RESTORE
artifact/raw/B3-formal-v1/M6-S2-warmup-02-M6_I2R2_N1024_e512_COLD_repeated/monitor_samples.jsonl,artifact/raw/B3-formal-v1/M6-S2-warmup-02-M6_I2R2_N1024_e512_COLD_repeated/monitor_samples.jsonl,be355316a506836479df0ae5298756b8467e81b50fd7ced69898ffafea1885cd,EXACT_BYTES; ARCHIVE_RESTORE
artifact/raw/B3-formal-v1/M6-S2-warmup-02-M6_I2R2_N1024_e512_ONLINE_packed/monitor_samples.jsonl,artifact/raw/B3-formal-v1/M6-S2-warmup-02-M6_I2R2_N1024_e512_ONLINE_packed/monitor_samples.jsonl,1a2d2f658d11d809b73261c4b66d55c5355f45f4dc897a9a3203801a7cd920c2,EXACT_BYTES; ARCHIVE_RESTORE
artifact/raw/B3-formal-v1/M6-S2-warmup-02-M6_I2R2_N1024_e512_ONLINE_repeated/monitor_samples.jsonl,artifact/raw/B3-formal-v1/M6-S2-warmup-02-M6_I2R2_N1024_e512_ONLINE_repeated/monitor_samples.jsonl,401704af02b485450dfcd24869671f9127799bedc4c3d1342993e22bddbd6068,EXACT_BYTES; ARCHIVE_RESTORE
artifact/raw/B3-formal-v1/M6-S2-warmup-03-M6_I1R1_N1024_e512_COLD_packed/monitor_samples.jsonl,artifact/raw/B3-formal-v1/M6-S2-warmup-03-M6_I1R1_N1024_e512_COLD_packed/monitor_samples.jsonl,5f6c25844c22c4ebe13142b44c3253330d9413fa77bbb0c2872ce932a08afb54,EXACT_BYTES; ARCHIVE_RESTORE
artifact/raw/B3-formal-v1/M6-S2-warmup-03-M6_I1R1_N1024_e512_COLD_repeated/monitor_samples.jsonl,artifact/raw/B3-formal-v1/M6-S2-warmup-03-M6_I1R1_N1024_e512_COLD_repeated/monitor_samples.jsonl,acb776987b5c85017c00c4fde4794aaf74e8c92c50d6049e6091cfa048108459,EXACT_BYTES; ARCHIVE_RESTORE
artifact/raw/B3-formal-v1/M6-S2-warmup-03-M6_I1R1_N1024_e512_ONLINE_packed/monitor_samples.jsonl,artifact/raw/B3-formal-v1/M6-S2-warmup-03-M6_I1R1_N1024_e512_ONLINE_packed/monitor_samples.jsonl,5d0f25b210ae5cd99a0d488edecff5fbc062dd8afb445833811488e01cec6116,EXACT_BYTES; ARCHIVE_RESTORE
artifact/raw/B3-formal-v1/M6-S2-warmup-03-M6_I1R1_N1024_e512_ONLINE_repeated/monitor_samples.jsonl,artifact/raw/B3-formal-v1/M6-S2-warmup-03-M6_I1R1_N1024_e512_ONLINE_repeated/monitor_samples.jsonl,b919ac2b3cb3f316844f8ed1a475f9e05f940353c0cfc3a8b5fd7a18abcb02be,EXACT_BYTES; ARCHIVE_RESTORE
artifact/raw/B3-formal-v1/M6-S2-warmup-03-M6_I1R2_N1024_e512_COLD_packed/monitor_samples.jsonl,artifact/raw/B3-formal-v1/M6-S2-warmup-03-M6_I1R2_N1024_e512_COLD_packed/monitor_samples.jsonl,95051b128cd55404adb7b386c7a12d8e1b41b6f428e716d4230f88cb5ec07f19,EXACT_BYTES; ARCHIVE_RESTORE
artifact/raw/B3-formal-v1/M6-S2-warmup-03-M6_I1R2_N1024_e512_COLD_repeated/monitor_samples.jsonl,artifact/raw/B3-formal-v1/M6-S2-warmup-03-M6_I1R2_N1024_e512_COLD_repeated/monitor_samples.jsonl,735f891896c1d3fa1662e03a13c28ba998ff29d03103ef4955cb30952ea2c12c,EXACT_BYTES; ARCHIVE_RESTORE
artifact/raw/B3-formal-v1/M6-S2-warmup-03-M6_I1R2_N1024_e512_ONLINE_packed/monitor_samples.jsonl,artifact/raw/B3-formal-v1/M6-S2-warmup-03-M6_I1R2_N1024_e512_ONLINE_packed/monitor_samples.jsonl,649c398d591f0f66896c622a48c782b5b70d3267a0b753b4421213c80c6a9046,EXACT_BYTES; ARCHIVE_RESTORE
artifact/raw/B3-formal-v1/M6-S2-warmup-03-M6_I1R2_N1024_e512_ONLINE_repeated/monitor_samples.jsonl,artifact/raw/B3-formal-v1/M6-S2-warmup-03-M6_I1R2_N1024_e512_ONLINE_repeated/monitor_samples.jsonl,33aef52667a93a652ee28a24600f661fd86e7256bea0de0457f911f6a33492a0,EXACT_BYTES; ARCHIVE_RESTORE
artifact/raw/B3-formal-v1/M6-S2-warmup-03-M6_I2R1_N1024_e512_COLD_packed/monitor_samples.jsonl,artifact/raw/B3-formal-v1/M6-S2-warmup-03-M6_I2R1_N1024_e512_COLD_packed/monitor_samples.jsonl,98693110b5f8bd1709a6016348ebf0a5df1199b7b36c513c67051e52896c6198,EXACT_BYTES; ARCHIVE_RESTORE
artifact/raw/B3-formal-v1/M6-S2-warmup-03-M6_I2R1_N1024_e512_COLD_repeated/monitor_samples.jsonl,artifact/raw/B3-formal-v1/M6-S2-warmup-03-M6_I2R1_N1024_e512_COLD_repeated/monitor_samples.jsonl,2b9e8d7cb9a565a7d17d97a5fe105eae36590961c58308d10e2214a9e4f532ed,EXACT_BYTES; ARCHIVE_RESTORE
artifact/raw/B3-formal-v1/M6-S2-warmup-03-M6_I2R1_N1024_e512_ONLINE_packed/monitor_samples.jsonl,artifact/raw/B3-formal-v1/M6-S2-warmup-03-M6_I2R1_N1024_e512_ONLINE_packed/monitor_samples.jsonl,a4c5fd77f93a6545889effce5eb276e8a3346bb6b578fdf55ed564de183f23aa,EXACT_BYTES; ARCHIVE_RESTORE
artifact/raw/B3-formal-v1/M6-S2-warmup-03-M6_I2R1_N1024_e512_ONLINE_repeated/monitor_samples.jsonl,artifact/raw/B3-formal-v1/M6-S2-warmup-03-M6_I2R1_N1024_e512_ONLINE_repeated/monitor_samples.jsonl,40462dd1a621e5b708e3ba19b249f4a98f5d8336afa2ad87cd491c31e86f067b,EXACT_BYTES; ARCHIVE_RESTORE
artifact/raw/B3-formal-v1/M6-S2-warmup-03-M6_I2R2_N1024_e512_COLD_packed/monitor_samples.jsonl,artifact/raw/B3-formal-v1/M6-S2-warmup-03-M6_I2R2_N1024_e512_COLD_packed/monitor_samples.jsonl,271b0dfb621b7d62e5614b62056ba1ec6177b0b21185d43e8baf4d8453eceaba,EXACT_BYTES; ARCHIVE_RESTORE
artifact/raw/B3-formal-v1/M6-S2-warmup-03-M6_I2R2_N1024_e512_COLD_repeated/monitor_samples.jsonl,artifact/raw/B3-formal-v1/M6-S2-warmup-03-M6_I2R2_N1024_e512_COLD_repeated/monitor_samples.jsonl,faf3f55ed5c6e806fe3efd4634a49958b82c547fcc7e3d890b8e7af186715a56,EXACT_BYTES; ARCHIVE_RESTORE
artifact/raw/B3-formal-v1/M6-S2-warmup-03-M6_I2R2_N1024_e512_ONLINE_packed/monitor_samples.jsonl,artifact/raw/B3-formal-v1/M6-S2-warmup-03-M6_I2R2_N1024_e512_ONLINE_packed/monitor_samples.jsonl,91ec045a444407babff63434ee4e5f93aa1204c131607732f260e50fed102108,EXACT_BYTES; ARCHIVE_RESTORE
artifact/raw/B3-formal-v1/M6-S2-warmup-03-M6_I2R2_N1024_e512_ONLINE_repeated/monitor_samples.jsonl,artifact/raw/B3-formal-v1/M6-S2-warmup-03-M6_I2R2_N1024_e512_ONLINE_repeated/monitor_samples.jsonl,f2c8c9d9122ce707e9f1a31281c0bb5b2aa57d5900c6ae728e35b4e0d8e49717,EXACT_BYTES; ARCHIVE_RESTORE
artifact/raw/B3-formal-v1/M6-S3-measured-01-M6_I1R1_N1024_e512_COLD_packed/monitor_samples.jsonl,artifact/raw/B3-formal-v1/M6-S3-measured-01-M6_I1R1_N1024_e512_COLD_packed/monitor_samples.jsonl,30c1e35053ffb5384e82e8ff793ee7f9bfdee270b16f6455633a7494b1ee9726,EXACT_BYTES; ARCHIVE_RESTORE
artifact/raw/B3-formal-v1/M6-S3-measured-01-M6_I1R1_N1024_e512_COLD_repeated/monitor_samples.jsonl,artifact/raw/B3-formal-v1/M6-S3-measured-01-M6_I1R1_N1024_e512_COLD_repeated/monitor_samples.jsonl,df15ce124b272b1b007a6fe2208605ffd094be888e40a71b5e2ea76ab256678d,EXACT_BYTES; ARCHIVE_RESTORE
artifact/raw/B3-formal-v1/M6-S3-measured-01-M6_I1R1_N1024_e512_ONLINE_packed/monitor_samples.jsonl,artifact/raw/B3-formal-v1/M6-S3-measured-01-M6_I1R1_N1024_e512_ONLINE_packed/monitor_samples.jsonl,acc0cb839741e1c06071595cd069c36a9ce3f9ddf2b6daca3eb9d2e8acfca51a,EXACT_BYTES; ARCHIVE_RESTORE
artifact/raw/B3-formal-v1/M6-S3-measured-01-M6_I1R1_N1024_e512_ONLINE_repeated/monitor_samples.jsonl,artifact/raw/B3-formal-v1/M6-S3-measured-01-M6_I1R1_N1024_e512_ONLINE_repeated/monitor_samples.jsonl,ddb88dd06ba1170472b69d741563c487487fd8c5d6375d20c7f348a9a6a7fbeb,EXACT_BYTES; ARCHIVE_RESTORE
artifact/raw/B3-formal-v1/M6-S3-measured-01-M6_I1R2_N1024_e512_COLD_packed/monitor_samples.jsonl,artifact/raw/B3-formal-v1/M6-S3-measured-01-M6_I1R2_N1024_e512_COLD_packed/monitor_samples.jsonl,c8b4aa56914e218c99413aefab9b2e9523ee1f4e095809b82352254d88b053ad,EXACT_BYTES; ARCHIVE_RESTORE
artifact/raw/B3-formal-v1/M6-S3-measured-01-M6_I1R2_N1024_e512_COLD_repeated/monitor_samples.jsonl,artifact/raw/B3-formal-v1/M6-S3-measured-01-M6_I1R2_N1024_e512_COLD_repeated/monitor_samples.jsonl,281bfc08ba8b98b6e8259d238bb7257097fd18c2eccc6dcceda7a35e98797091,EXACT_BYTES; ARCHIVE_RESTORE
artifact/raw/B3-formal-v1/M6-S3-measured-01-M6_I1R2_N1024_e512_ONLINE_packed/monitor_samples.jsonl,artifact/raw/B3-formal-v1/M6-S3-measured-01-M6_I1R2_N1024_e512_ONLINE_packed/monitor_samples.jsonl,5eb33b556d84771b7ef7336518b280e909e14bf0905efe1368b252c4c21ee556,EXACT_BYTES; ARCHIVE_RESTORE
artifact/raw/B3-formal-v1/M6-S3-measured-01-M6_I1R2_N1024_e512_ONLINE_repeated/monitor_samples.jsonl,artifact/raw/B3-formal-v1/M6-S3-measured-01-M6_I1R2_N1024_e512_ONLINE_repeated/monitor_samples.jsonl,b69c0ef678d274e3a5e3e2b50e70c82ca92c5b8a4b9a82187aa83cf95b37590b,EXACT_BYTES; ARCHIVE_RESTORE
artifact/raw/B3-formal-v1/M6-S3-measured-01-M6_I2R1_N1024_e512_COLD_packed/monitor_samples.jsonl,artifact/raw/B3-formal-v1/M6-S3-measured-01-M6_I2R1_N1024_e512_COLD_packed/monitor_samples.jsonl,eb1809fa54e4a07629ff034d9657d06b56fb5dad7c2027db67772315bd0b836e,EXACT_BYTES; ARCHIVE_RESTORE
artifact/raw/B3-formal-v1/M6-S3-measured-01-M6_I2R1_N1024_e512_COLD_repeated/monitor_samples.jsonl,artifact/raw/B3-formal-v1/M6-S3-measured-01-M6_I2R1_N1024_e512_COLD_repeated/monitor_samples.jsonl,67dd3114d2405ede126cc903778a7d4c487ef1c5a924a0b9f16644897eb9885e,EXACT_BYTES; ARCHIVE_RESTORE
artifact/raw/B3-formal-v1/M6-S3-measured-01-M6_I2R1_N1024_e512_ONLINE_packed/monitor_samples.jsonl,artifact/raw/B3-formal-v1/M6-S3-measured-01-M6_I2R1_N1024_e512_ONLINE_packed/monitor_samples.jsonl,f926c15bc6e065c41fe459779ecaa3d7ed6c2db051ba132fc8a23461f7656d57,EXACT_BYTES; ARCHIVE_RESTORE
artifact/raw/B3-formal-v1/M6-S3-measured-01-M6_I2R1_N1024_e512_ONLINE_repeated/monitor_samples.jsonl,artifact/raw/B3-formal-v1/M6-S3-measured-01-M6_I2R1_N1024_e512_ONLINE_repeated/monitor_samples.jsonl,9e0a4d4b1dabfdfa941382e0e19dadb4747815aed23c7f6956c3589f520b529e,EXACT_BYTES; ARCHIVE_RESTORE
artifact/raw/B3-formal-v1/M6-S3-measured-01-M6_I2R2_N1024_e512_COLD_packed/monitor_samples.jsonl,artifact/raw/B3-formal-v1/M6-S3-measured-01-M6_I2R2_N1024_e512_COLD_packed/monitor_samples.jsonl,c2eed7d237eab72f442655d1d5df94c4136fb98faff4921c4797bbfc5f0ed669,EXACT_BYTES; ARCHIVE_RESTORE
artifact/raw/B3-formal-v1/M6-S3-measured-01-M6_I2R2_N1024_e512_COLD_repeated/monitor_samples.jsonl,artifact/raw/B3-formal-v1/M6-S3-measured-01-M6_I2R2_N1024_e512_COLD_repeated/monitor_samples.jsonl,7ff279abb3d77fcaa4ef5a5ca8ec2ffa521d7e9c0eaf10b8d5f6f03b2b229502,EXACT_BYTES; ARCHIVE_RESTORE
artifact/raw/B3-formal-v1/M6-S3-measured-01-M6_I2R2_N1024_e512_ONLINE_packed/monitor_samples.jsonl,artifact/raw/B3-formal-v1/M6-S3-measured-01-M6_I2R2_N1024_e512_ONLINE_packed/monitor_samples.jsonl,1eaeed5af3d2f8aba2dae8188ceffb2a7155b20b0743035034bc9911e2b3deb1,EXACT_BYTES; ARCHIVE_RESTORE
artifact/raw/B3-formal-v1/M6-S3-measured-01-M6_I2R2_N1024_e512_ONLINE_repeated/monitor_samples.jsonl,artifact/raw/B3-formal-v1/M6-S3-measured-01-M6_I2R2_N1024_e512_ONLINE_repeated/monitor_samples.jsonl,3720a9755216de39295d8ba2357295025ff0b2776ba400301c37a9fbc3ff8bc8,EXACT_BYTES; ARCHIVE_RESTORE
artifact/raw/B3-formal-v1/M6-S3-measured-02-M6_I1R1_N1024_e512_COLD_packed/monitor_samples.jsonl,artifact/raw/B3-formal-v1/M6-S3-measured-02-M6_I1R1_N1024_e512_COLD_packed/monitor_samples.jsonl,4ea507f38cbaa8a2717bfa5451d9d688974f86b3d8b696de5bd24b9528107442,EXACT_BYTES; ARCHIVE_RESTORE
artifact/raw/B3-formal-v1/M6-S3-measured-02-M6_I1R1_N1024_e512_COLD_repeated/monitor_samples.jsonl,artifact/raw/B3-formal-v1/M6-S3-measured-02-M6_I1R1_N1024_e512_COLD_repeated/monitor_samples.jsonl,7411873190973ec69f6fcd0a9c58dead76837d1ffea226b71416b6a342433689,EXACT_BYTES; ARCHIVE_RESTORE
artifact/raw/B3-formal-v1/M6-S3-measured-02-M6_I1R1_N1024_e512_ONLINE_packed/monitor_samples.jsonl,artifact/raw/B3-formal-v1/M6-S3-measured-02-M6_I1R1_N1024_e512_ONLINE_packed/monitor_samples.jsonl,4ab9edb62514a978576e03087033c46eb8be41c72b6496f490ed32f21fbae936,EXACT_BYTES; ARCHIVE_RESTORE
artifact/raw/B3-formal-v1/M6-S3-measured-02-M6_I1R1_N1024_e512_ONLINE_repeated/monitor_samples.jsonl,artifact/raw/B3-formal-v1/M6-S3-measured-02-M6_I1R1_N1024_e512_ONLINE_repeated/monitor_samples.jsonl,34f20a3b14099726790cff4d46898adba5f06d7f330f5cf4fb1e3c6671a075ff,EXACT_BYTES; ARCHIVE_RESTORE
artifact/raw/B3-formal-v1/M6-S3-measured-02-M6_I1R2_N1024_e512_COLD_packed/monitor_samples.jsonl,artifact/raw/B3-formal-v1/M6-S3-measured-02-M6_I1R2_N1024_e512_COLD_packed/monitor_samples.jsonl,524c11ac9f192fe7f567da44409e68420ac0678af2c5440090a4482058557ab9,EXACT_BYTES; ARCHIVE_RESTORE
artifact/raw/B3-formal-v1/M6-S3-measured-02-M6_I1R2_N1024_e512_COLD_repeated/monitor_samples.jsonl,artifact/raw/B3-formal-v1/M6-S3-measured-02-M6_I1R2_N1024_e512_COLD_repeated/monitor_samples.jsonl,8d0427a1a90deb4660907273f9841716b84d2609945884bdbd2a0a8e05a3bffb,EXACT_BYTES; ARCHIVE_RESTORE
artifact/raw/B3-formal-v1/M6-S3-measured-02-M6_I1R2_N1024_e512_ONLINE_packed/monitor_samples.jsonl,artifact/raw/B3-formal-v1/M6-S3-measured-02-M6_I1R2_N1024_e512_ONLINE_packed/monitor_samples.jsonl,d2ab1d2e6aae0bb46f4d3ec20ee1ab3389bca85674a30dd2a309be5c03807c01,EXACT_BYTES; ARCHIVE_RESTORE
artifact/raw/B3-formal-v1/M6-S3-measured-02-M6_I1R2_N1024_e512_ONLINE_repeated/monitor_samples.jsonl,artifact/raw/B3-formal-v1/M6-S3-measured-02-M6_I1R2_N1024_e512_ONLINE_repeated/monitor_samples.jsonl,06efe71d48992548bca315f296ec2967f4b849c265e092a31143cc7594ebdf0d,EXACT_BYTES; ARCHIVE_RESTORE
artifact/raw/B3-formal-v1/M6-S3-measured-02-M6_I2R1_N1024_e512_COLD_packed/monitor_samples.jsonl,artifact/raw/B3-formal-v1/M6-S3-measured-02-M6_I2R1_N1024_e512_COLD_packed/monitor_samples.jsonl,9431d302c5a5db4ba577a323694a604e2ec9ecb7a4479229fa93776994737f32,EXACT_BYTES; ARCHIVE_RESTORE
artifact/raw/B3-formal-v1/M6-S3-measured-02-M6_I2R1_N1024_e512_COLD_repeated/monitor_samples.jsonl,artifact/raw/B3-formal-v1/M6-S3-measured-02-M6_I2R1_N1024_e512_COLD_repeated/monitor_samples.jsonl,4ddca2dbcbc82854d302e127de2b16fe63c71e07e5e5acc34ffb0194d32a2274,EXACT_BYTES; ARCHIVE_RESTORE
artifact/raw/B3-formal-v1/M6-S3-measured-02-M6_I2R1_N1024_e512_ONLINE_packed/monitor_samples.jsonl,artifact/raw/B3-formal-v1/M6-S3-measured-02-M6_I2R1_N1024_e512_ONLINE_packed/monitor_samples.jsonl,a67e3c7d9492629318fa1b2d56d13b28a17114f571d59b4e8bf4f561ee9f933a,EXACT_BYTES; ARCHIVE_RESTORE
artifact/raw/B3-formal-v1/M6-S3-measured-02-M6_I2R1_N1024_e512_ONLINE_repeated/monitor_samples.jsonl,artifact/raw/B3-formal-v1/M6-S3-measured-02-M6_I2R1_N1024_e512_ONLINE_repeated/monitor_samples.jsonl,b38262881069cfef6e6b9b53c05eb3e220f2b3c67b63565275aad1ce537b9930,EXACT_BYTES; ARCHIVE_RESTORE
artifact/raw/B3-formal-v1/M6-S3-measured-02-M6_I2R2_N1024_e512_COLD_packed/monitor_samples.jsonl,artifact/raw/B3-formal-v1/M6-S3-measured-02-M6_I2R2_N1024_e512_COLD_packed/monitor_samples.jsonl,7a2e7a681cf68ae5dd1ab9c2fd1a2c247965a4a93cb2e2fe5542be7a5f894ed3,EXACT_BYTES; ARCHIVE_RESTORE
artifact/raw/B3-formal-v1/M6-S3-measured-02-M6_I2R2_N1024_e512_COLD_repeated/monitor_samples.jsonl,artifact/raw/B3-formal-v1/M6-S3-measured-02-M6_I2R2_N1024_e512_COLD_repeated/monitor_samples.jsonl,ec8de72aea00e2a17bd9fd21529e234bacb83e99d9d8c8835dc7ae894ddf53ef,EXACT_BYTES; ARCHIVE_RESTORE
artifact/raw/B3-formal-v1/M6-S3-measured-02-M6_I2R2_N1024_e512_ONLINE_packed/monitor_samples.jsonl,artifact/raw/B3-formal-v1/M6-S3-measured-02-M6_I2R2_N1024_e512_ONLINE_packed/monitor_samples.jsonl,99f8c09d91f05dcd81e7cce620d079b1ba74aedf61d491ab3669fdf426c11f79,EXACT_BYTES; ARCHIVE_RESTORE
artifact/raw/B3-formal-v1/M6-S3-measured-02-M6_I2R2_N1024_e512_ONLINE_repeated/monitor_samples.jsonl,artifact/raw/B3-formal-v1/M6-S3-measured-02-M6_I2R2_N1024_e512_ONLINE_repeated/monitor_samples.jsonl,9e4e541866706ec3726cbfd47c63d86a4e5ffa62228890fc7bb35254493db1c6,EXACT_BYTES; ARCHIVE_RESTORE
artifact/raw/B3-formal-v1/M6-S3-measured-03-M6_I1R1_N1024_e512_COLD_packed/monitor_samples.jsonl,artifact/raw/B3-formal-v1/M6-S3-measured-03-M6_I1R1_N1024_e512_COLD_packed/monitor_samples.jsonl,879a1ced14ca571a707c6e01d0d597b1f8825c6b24c190be3e3b54b5009bedd4,EXACT_BYTES; ARCHIVE_RESTORE
artifact/raw/B3-formal-v1/M6-S3-measured-03-M6_I1R1_N1024_e512_COLD_repeated/monitor_samples.jsonl,artifact/raw/B3-formal-v1/M6-S3-measured-03-M6_I1R1_N1024_e512_COLD_repeated/monitor_samples.jsonl,e357ee6233a5e8189649d797cdb398cc8b281f0ebf309d413ec6ef61719e09da,EXACT_BYTES; ARCHIVE_RESTORE
artifact/raw/B3-formal-v1/M6-S3-measured-03-M6_I1R1_N1024_e512_ONLINE_packed/monitor_samples.jsonl,artifact/raw/B3-formal-v1/M6-S3-measured-03-M6_I1R1_N1024_e512_ONLINE_packed/monitor_samples.jsonl,167bb18b04c910bb0fdc5f59a34962fc8db4f89793339edc57f57acceca86292,EXACT_BYTES; ARCHIVE_RESTORE
artifact/raw/B3-formal-v1/M6-S3-measured-03-M6_I1R1_N1024_e512_ONLINE_repeated/monitor_samples.jsonl,artifact/raw/B3-formal-v1/M6-S3-measured-03-M6_I1R1_N1024_e512_ONLINE_repeated/monitor_samples.jsonl,f9605c7365272fd164e34a67b3b2ce038ab6798dec7bd87badedc8b3d40d8eb3,EXACT_BYTES; ARCHIVE_RESTORE
artifact/raw/B3-formal-v1/M6-S3-measured-03-M6_I1R2_N1024_e512_COLD_packed/monitor_samples.jsonl,artifact/raw/B3-formal-v1/M6-S3-measured-03-M6_I1R2_N1024_e512_COLD_packed/monitor_samples.jsonl,3e8f9ef5b1ce38b3dbb80d0be4100d9cdb3d832bb1e612ad31cba70c45912b91,EXACT_BYTES; ARCHIVE_RESTORE
artifact/raw/B3-formal-v1/M6-S3-measured-03-M6_I1R2_N1024_e512_COLD_repeated/monitor_samples.jsonl,artifact/raw/B3-formal-v1/M6-S3-measured-03-M6_I1R2_N1024_e512_COLD_repeated/monitor_samples.jsonl,6dd41dc62c29b3f2720ee5d93c40fab3ca56b1e8ed0c1a66ab1a7daa881a2322,EXACT_BYTES; ARCHIVE_RESTORE
artifact/raw/B3-formal-v1/M6-S3-measured-03-M6_I1R2_N1024_e512_ONLINE_packed/monitor_samples.jsonl,artifact/raw/B3-formal-v1/M6-S3-measured-03-M6_I1R2_N1024_e512_ONLINE_packed/monitor_samples.jsonl,312c888d66dec0d70f640006e1f383882484ac1625d8c2fbb5d4cc4d3e6150de,EXACT_BYTES; ARCHIVE_RESTORE
artifact/raw/B3-formal-v1/M6-S3-measured-03-M6_I1R2_N1024_e512_ONLINE_repeated/monitor_samples.jsonl,artifact/raw/B3-formal-v1/M6-S3-measured-03-M6_I1R2_N1024_e512_ONLINE_repeated/monitor_samples.jsonl,c9b2cc18c2747c227c134a79d9b7192c24013dba11bd93462407adb8f4221dee,EXACT_BYTES; ARCHIVE_RESTORE
artifact/raw/B3-formal-v1/M6-S3-measured-03-M6_I2R1_N1024_e512_COLD_packed/monitor_samples.jsonl,artifact/raw/B3-formal-v1/M6-S3-measured-03-M6_I2R1_N1024_e512_COLD_packed/monitor_samples.jsonl,6d565dd70b921cf853c51e086e4267a3ba38afd93518bf5d993f77e0c6ca8274,EXACT_BYTES; ARCHIVE_RESTORE
artifact/raw/B3-formal-v1/M6-S3-measured-03-M6_I2R1_N1024_e512_COLD_repeated/monitor_samples.jsonl,artifact/raw/B3-formal-v1/M6-S3-measured-03-M6_I2R1_N1024_e512_COLD_repeated/monitor_samples.jsonl,7ab4b9ad7e9c65d7fda9b18b551601d0ec7b3da08b26550f2371a3e9c734c5b2,EXACT_BYTES; ARCHIVE_RESTORE
artifact/raw/B3-formal-v1/M6-S3-measured-03-M6_I2R1_N1024_e512_ONLINE_packed/monitor_samples.jsonl,artifact/raw/B3-formal-v1/M6-S3-measured-03-M6_I2R1_N1024_e512_ONLINE_packed/monitor_samples.jsonl,15f9e29ce2aa0918313b0d452ec7cba5eca4ab1ec51dfde7b7650fd39e22e361,EXACT_BYTES; ARCHIVE_RESTORE
artifact/raw/B3-formal-v1/M6-S3-measured-03-M6_I2R1_N1024_e512_ONLINE_repeated/monitor_samples.jsonl,artifact/raw/B3-formal-v1/M6-S3-measured-03-M6_I2R1_N1024_e512_ONLINE_repeated/monitor_samples.jsonl,76e5c1e591a53e7387e28420ab4c0604b57db5a0d71b104f0dee0684ec49b74a,EXACT_BYTES; ARCHIVE_RESTORE
artifact/raw/B3-formal-v1/M6-S3-measured-03-M6_I2R2_N1024_e512_COLD_packed/monitor_samples.jsonl,artifact/raw/B3-formal-v1/M6-S3-measured-03-M6_I2R2_N1024_e512_COLD_packed/monitor_samples.jsonl,f2c9cd992dbf1194a7a44b0f2eb462a58c838ecac1744874f446b1e7ef457d0e,EXACT_BYTES; ARCHIVE_RESTORE
artifact/raw/B3-formal-v1/M6-S3-measured-03-M6_I2R2_N1024_e512_COLD_repeated/monitor_samples.jsonl,artifact/raw/B3-formal-v1/M6-S3-measured-03-M6_I2R2_N1024_e512_COLD_repeated/monitor_samples.jsonl,22ec130f1d6ca22064a92c1e6c9a84b6c30b028ece90c4c1f7ac10e963248672,EXACT_BYTES; ARCHIVE_RESTORE
artifact/raw/B3-formal-v1/M6-S3-measured-03-M6_I2R2_N1024_e512_ONLINE_packed/monitor_samples.jsonl,artifact/raw/B3-formal-v1/M6-S3-measured-03-M6_I2R2_N1024_e512_ONLINE_packed/monitor_samples.jsonl,c29f3c3e57cc24a885cc076a285a4e062c1c1704270d6260aadbb08d209088ee,EXACT_BYTES; ARCHIVE_RESTORE
artifact/raw/B3-formal-v1/M6-S3-measured-03-M6_I2R2_N1024_e512_ONLINE_repeated/monitor_samples.jsonl,artifact/raw/B3-formal-v1/M6-S3-measured-03-M6_I2R2_N1024_e512_ONLINE_repeated/monitor_samples.jsonl,68ae32f6c872ace448c5bd880f76f5dea6fbb2778e4fd0298de11baed99fbcb1,EXACT_BYTES; ARCHIVE_RESTORE
artifact/raw/B3-formal-v1/M6-S3-measured-04-M6_I1R1_N1024_e512_COLD_packed/monitor_samples.jsonl,artifact/raw/B3-formal-v1/M6-S3-measured-04-M6_I1R1_N1024_e512_COLD_packed/monitor_samples.jsonl,51cd9e893a999b4b0f3fe6d4a57c2b2c730af2e1d6b21cffc36ee91149bbbf9b,EXACT_BYTES; ARCHIVE_RESTORE
artifact/raw/B3-formal-v1/M6-S3-measured-04-M6_I1R1_N1024_e512_COLD_repeated/monitor_samples.jsonl,artifact/raw/B3-formal-v1/M6-S3-measured-04-M6_I1R1_N1024_e512_COLD_repeated/monitor_samples.jsonl,754e5f20058dabaef579015a768b0fa9cb63b69b37854ce0dd3ef9ada0ad0fad,EXACT_BYTES; ARCHIVE_RESTORE
artifact/raw/B3-formal-v1/M6-S3-measured-04-M6_I1R1_N1024_e512_ONLINE_packed/monitor_samples.jsonl,artifact/raw/B3-formal-v1/M6-S3-measured-04-M6_I1R1_N1024_e512_ONLINE_packed/monitor_samples.jsonl,64408a2c12f5ea0558e1ae0a629be83097f6eaba88cfb750947c6aee4d5726ac,EXACT_BYTES; ARCHIVE_RESTORE
artifact/raw/B3-formal-v1/M6-S3-measured-04-M6_I1R1_N1024_e512_ONLINE_repeated/monitor_samples.jsonl,artifact/raw/B3-formal-v1/M6-S3-measured-04-M6_I1R1_N1024_e512_ONLINE_repeated/monitor_samples.jsonl,3fb61a0e4d5c6bd7ab3242ee478aa708efd944ff401d0f03a4579ac0ac9aaccf,EXACT_BYTES; ARCHIVE_RESTORE
artifact/raw/B3-formal-v1/M6-S3-measured-04-M6_I1R2_N1024_e512_COLD_packed/monitor_samples.jsonl,artifact/raw/B3-formal-v1/M6-S3-measured-04-M6_I1R2_N1024_e512_COLD_packed/monitor_samples.jsonl,b964eccf5cfcf9aa30a18f4e6ed27ed1bcd96e5460d6986661690deaea2aa24f,EXACT_BYTES; ARCHIVE_RESTORE
artifact/raw/B3-formal-v1/M6-S3-measured-04-M6_I1R2_N1024_e512_COLD_repeated/monitor_samples.jsonl,artifact/raw/B3-formal-v1/M6-S3-measured-04-M6_I1R2_N1024_e512_COLD_repeated/monitor_samples.jsonl,98b5201e50d252c33c134308c151d56f95dfa3220284dd853b3c3b8f475c10a3,EXACT_BYTES; ARCHIVE_RESTORE
artifact/raw/B3-formal-v1/M6-S3-measured-04-M6_I1R2_N1024_e512_ONLINE_packed/monitor_samples.jsonl,artifact/raw/B3-formal-v1/M6-S3-measured-04-M6_I1R2_N1024_e512_ONLINE_packed/monitor_samples.jsonl,c30c46e09d6ed47ff1b281118b1aa3ee5975635357d07cb3e5945ff3a07e53ff,EXACT_BYTES; ARCHIVE_RESTORE
artifact/raw/B3-formal-v1/M6-S3-measured-04-M6_I1R2_N1024_e512_ONLINE_repeated/monitor_samples.jsonl,artifact/raw/B3-formal-v1/M6-S3-measured-04-M6_I1R2_N1024_e512_ONLINE_repeated/monitor_samples.jsonl,a0f2e4cd1b0b3166228a77e0acb3997a34ec733ebe1286f0575a138540269c70,EXACT_BYTES; ARCHIVE_RESTORE
artifact/raw/B3-formal-v1/M6-S3-measured-04-M6_I2R1_N1024_e512_COLD_packed/monitor_samples.jsonl,artifact/raw/B3-formal-v1/M6-S3-measured-04-M6_I2R1_N1024_e512_COLD_packed/monitor_samples.jsonl,4897735da8711269098dd46016406b37695ca51cc577b2e6b07f15990b13f214,EXACT_BYTES; ARCHIVE_RESTORE
artifact/raw/B3-formal-v1/M6-S3-measured-04-M6_I2R1_N1024_e512_COLD_repeated/monitor_samples.jsonl,artifact/raw/B3-formal-v1/M6-S3-measured-04-M6_I2R1_N1024_e512_COLD_repeated/monitor_samples.jsonl,77cfb0ec44518a536645111925653b1a2ecd8a69895c65520829ae1abd739b9a,EXACT_BYTES; ARCHIVE_RESTORE
artifact/raw/B3-formal-v1/M6-S3-measured-04-M6_I2R1_N1024_e512_ONLINE_packed/monitor_samples.jsonl,artifact/raw/B3-formal-v1/M6-S3-measured-04-M6_I2R1_N1024_e512_ONLINE_packed/monitor_samples.jsonl,056715318e6c42d442e34429682b4836f8dae3627093a463012c7dacd6104fb6,EXACT_BYTES; ARCHIVE_RESTORE
artifact/raw/B3-formal-v1/M6-S3-measured-04-M6_I2R1_N1024_e512_ONLINE_repeated/monitor_samples.jsonl,artifact/raw/B3-formal-v1/M6-S3-measured-04-M6_I2R1_N1024_e512_ONLINE_repeated/monitor_samples.jsonl,400ba504f2be185077b174134fa7a88b651d5c96c98fa636b174b421c4b99f18,EXACT_BYTES; ARCHIVE_RESTORE
artifact/raw/B3-formal-v1/M6-S3-measured-04-M6_I2R2_N1024_e512_COLD_packed/monitor_samples.jsonl,artifact/raw/B3-formal-v1/M6-S3-measured-04-M6_I2R2_N1024_e512_COLD_packed/monitor_samples.jsonl,746e9c9ba5291e94fcc067e224384aa0a126818f0e025e68c73fdd0dbefa1fd2,EXACT_BYTES; ARCHIVE_RESTORE
artifact/raw/B3-formal-v1/M6-S3-measured-04-M6_I2R2_N1024_e512_COLD_repeated/monitor_samples.jsonl,artifact/raw/B3-formal-v1/M6-S3-measured-04-M6_I2R2_N1024_e512_COLD_repeated/monitor_samples.jsonl,5b219f361d6c41ec24d8621a03f132747a7b27adeeb63ffd7eedad6b1b30d16f,EXACT_BYTES; ARCHIVE_RESTORE
artifact/raw/B3-formal-v1/M6-S3-measured-04-M6_I2R2_N1024_e512_ONLINE_packed/monitor_samples.jsonl,artifact/raw/B3-formal-v1/M6-S3-measured-04-M6_I2R2_N1024_e512_ONLINE_packed/monitor_samples.jsonl,8d4ad7d66ddd12e9df9db226711a7a680f29d7c17f3f8ec6f604ffe909ba9044,EXACT_BYTES; ARCHIVE_RESTORE
artifact/raw/B3-formal-v1/M6-S3-measured-04-M6_I2R2_N1024_e512_ONLINE_repeated/monitor_samples.jsonl,artifact/raw/B3-formal-v1/M6-S3-measured-04-M6_I2R2_N1024_e512_ONLINE_repeated/monitor_samples.jsonl,578ed4d3c4c57b91d16fa4091d29e7c53d76eab5c485bb2d51a02dadecf3bac9,EXACT_BYTES; ARCHIVE_RESTORE
artifact/raw/B3-formal-v1/M6-S3-measured-05-M6_I1R1_N1024_e512_COLD_packed/monitor_samples.jsonl,artifact/raw/B3-formal-v1/M6-S3-measured-05-M6_I1R1_N1024_e512_COLD_packed/monitor_samples.jsonl,407e411250c67a60e222baf17a48466f7f229c2cf3ee1da75d96be28224990b8,EXACT_BYTES; ARCHIVE_RESTORE
artifact/raw/B3-formal-v1/M6-S3-measured-05-M6_I1R1_N1024_e512_COLD_repeated/monitor_samples.jsonl,artifact/raw/B3-formal-v1/M6-S3-measured-05-M6_I1R1_N1024_e512_COLD_repeated/monitor_samples.jsonl,93a533c1d9f16a31a32fc00d5c9153af70db0a2a22831c1750c91da2a17d1c5b,EXACT_BYTES; ARCHIVE_RESTORE
artifact/raw/B3-formal-v1/M6-S3-measured-05-M6_I1R1_N1024_e512_ONLINE_packed/monitor_samples.jsonl,artifact/raw/B3-formal-v1/M6-S3-measured-05-M6_I1R1_N1024_e512_ONLINE_packed/monitor_samples.jsonl,19858ed9294a5d092b09c336891eed6a1572c2fdb4fa2d55aabfc6ab1369a9ac,EXACT_BYTES; ARCHIVE_RESTORE
artifact/raw/B3-formal-v1/M6-S3-measured-05-M6_I1R1_N1024_e512_ONLINE_repeated/monitor_samples.jsonl,artifact/raw/B3-formal-v1/M6-S3-measured-05-M6_I1R1_N1024_e512_ONLINE_repeated/monitor_samples.jsonl,0683c56a376b85de6d67bdc55bf744295f5da61c621c8ffab23fe309b0076804,EXACT_BYTES; ARCHIVE_RESTORE
artifact/raw/B3-formal-v1/M6-S3-measured-05-M6_I1R2_N1024_e512_COLD_packed/monitor_samples.jsonl,artifact/raw/B3-formal-v1/M6-S3-measured-05-M6_I1R2_N1024_e512_COLD_packed/monitor_samples.jsonl,83ccefc5de32c094a3d1c04f49019925e35170f7c8e9e3e01a472e24d2073b1f,EXACT_BYTES; ARCHIVE_RESTORE
artifact/raw/B3-formal-v1/M6-S3-measured-05-M6_I1R2_N1024_e512_COLD_repeated/monitor_samples.jsonl,artifact/raw/B3-formal-v1/M6-S3-measured-05-M6_I1R2_N1024_e512_COLD_repeated/monitor_samples.jsonl,4cec1800118c41d99ba9ae8e1a4086fca3752201977fe99f609b5cfab3226365,EXACT_BYTES; ARCHIVE_RESTORE
artifact/raw/B3-formal-v1/M6-S3-measured-05-M6_I1R2_N1024_e512_ONLINE_packed/monitor_samples.jsonl,artifact/raw/B3-formal-v1/M6-S3-measured-05-M6_I1R2_N1024_e512_ONLINE_packed/monitor_samples.jsonl,4b8b4d70ed2df518effe1671d3b8b11afbdc3fbe8527da8b8e60539cd2488c7d,EXACT_BYTES; ARCHIVE_RESTORE
artifact/raw/B3-formal-v1/M6-S3-measured-05-M6_I1R2_N1024_e512_ONLINE_repeated/monitor_samples.jsonl,artifact/raw/B3-formal-v1/M6-S3-measured-05-M6_I1R2_N1024_e512_ONLINE_repeated/monitor_samples.jsonl,bf41e715d14f6dd8e8e323027d1938ebbffc564dff72fa1f71266ab19921adff,EXACT_BYTES; ARCHIVE_RESTORE
artifact/raw/B3-formal-v1/M6-S3-measured-05-M6_I2R1_N1024_e512_COLD_packed/monitor_samples.jsonl,artifact/raw/B3-formal-v1/M6-S3-measured-05-M6_I2R1_N1024_e512_COLD_packed/monitor_samples.jsonl,63f7dc634c87c3b30c6a6686c41c535cb51e7ca135c0c72edb65ac9eaf7f2801,EXACT_BYTES; ARCHIVE_RESTORE
artifact/raw/B3-formal-v1/M6-S3-measured-05-M6_I2R1_N1024_e512_COLD_repeated/monitor_samples.jsonl,artifact/raw/B3-formal-v1/M6-S3-measured-05-M6_I2R1_N1024_e512_COLD_repeated/monitor_samples.jsonl,c3cac8044e1fbb0c31f1843fe281b6da77442e78b674dbccd5e0f6651cd301f6,EXACT_BYTES; ARCHIVE_RESTORE
artifact/raw/B3-formal-v1/M6-S3-measured-05-M6_I2R1_N1024_e512_ONLINE_packed/monitor_samples.jsonl,artifact/raw/B3-formal-v1/M6-S3-measured-05-M6_I2R1_N1024_e512_ONLINE_packed/monitor_samples.jsonl,a950215fdc836cd2be9c3d1f80a682a1daebf8d9f11fbc80cdb2b54e8163b31c,EXACT_BYTES; ARCHIVE_RESTORE
artifact/raw/B3-formal-v1/M6-S3-measured-05-M6_I2R1_N1024_e512_ONLINE_repeated/monitor_samples.jsonl,artifact/raw/B3-formal-v1/M6-S3-measured-05-M6_I2R1_N1024_e512_ONLINE_repeated/monitor_samples.jsonl,31dfbd9f96675160807a17503dda095af5548ab556bafd7dc00efb22b8aa3c91,EXACT_BYTES; ARCHIVE_RESTORE
artifact/raw/B3-formal-v1/M6-S3-measured-05-M6_I2R2_N1024_e512_COLD_packed/monitor_samples.jsonl,artifact/raw/B3-formal-v1/M6-S3-measured-05-M6_I2R2_N1024_e512_COLD_packed/monitor_samples.jsonl,cd68a42b0f35d5a5634a2347b11d562fc402ca2a86c743d26740d63da644c883,EXACT_BYTES; ARCHIVE_RESTORE
artifact/raw/B3-formal-v1/M6-S3-measured-05-M6_I2R2_N1024_e512_COLD_repeated/monitor_samples.jsonl,artifact/raw/B3-formal-v1/M6-S3-measured-05-M6_I2R2_N1024_e512_COLD_repeated/monitor_samples.jsonl,0d78502003d75851f012d85c55e108fbcad7accecbbda626bb5b9e6d0b13ee02,EXACT_BYTES; ARCHIVE_RESTORE
artifact/raw/B3-formal-v1/M6-S3-measured-05-M6_I2R2_N1024_e512_ONLINE_packed/monitor_samples.jsonl,artifact/raw/B3-formal-v1/M6-S3-measured-05-M6_I2R2_N1024_e512_ONLINE_packed/monitor_samples.jsonl,ff2736abe24b0cc2fed43731e980b8d8f398730270ee69ad2993225535668bb4,EXACT_BYTES; ARCHIVE_RESTORE
artifact/raw/B3-formal-v1/M6-S3-measured-05-M6_I2R2_N1024_e512_ONLINE_repeated/monitor_samples.jsonl,artifact/raw/B3-formal-v1/M6-S3-measured-05-M6_I2R2_N1024_e512_ONLINE_repeated/monitor_samples.jsonl,af154eef7a6223dd57da3861a75ac91ddfd56af690b0ae7c20bf34db2c88bdc1,EXACT_BYTES; ARCHIVE_RESTORE
artifact/raw/B3-formal-v1/M6-S3-measured-06-M6_I1R1_N1024_e512_COLD_packed/monitor_samples.jsonl,artifact/raw/B3-formal-v1/M6-S3-measured-06-M6_I1R1_N1024_e512_COLD_packed/monitor_samples.jsonl,60805f99f0750c9e739a4989382d5fec1c5653cee6ad8a5377afc4f7e9a2d449,EXACT_BYTES; ARCHIVE_RESTORE
artifact/raw/B3-formal-v1/M6-S3-measured-06-M6_I1R1_N1024_e512_COLD_repeated/monitor_samples.jsonl,artifact/raw/B3-formal-v1/M6-S3-measured-06-M6_I1R1_N1024_e512_COLD_repeated/monitor_samples.jsonl,1ba4133808ae1fcfa1bc89496286091132a773762081747de6254016d174845a,EXACT_BYTES; ARCHIVE_RESTORE
artifact/raw/B3-formal-v1/M6-S3-measured-06-M6_I1R1_N1024_e512_ONLINE_packed/monitor_samples.jsonl,artifact/raw/B3-formal-v1/M6-S3-measured-06-M6_I1R1_N1024_e512_ONLINE_packed/monitor_samples.jsonl,aa571de037a8db086d302809d28caae0f4dbc10c42bd0e696b878249e7d2e0bf,EXACT_BYTES; ARCHIVE_RESTORE
artifact/raw/B3-formal-v1/M6-S3-measured-06-M6_I1R1_N1024_e512_ONLINE_repeated/monitor_samples.jsonl,artifact/raw/B3-formal-v1/M6-S3-measured-06-M6_I1R1_N1024_e512_ONLINE_repeated/monitor_samples.jsonl,278f666bce5ffc7ad44e11f361d75aec948758223cd9896425c2a68c3e21e357,EXACT_BYTES; ARCHIVE_RESTORE
artifact/raw/B3-formal-v1/M6-S3-measured-06-M6_I1R2_N1024_e512_COLD_packed/monitor_samples.jsonl,artifact/raw/B3-formal-v1/M6-S3-measured-06-M6_I1R2_N1024_e512_COLD_packed/monitor_samples.jsonl,499310d9c5f19eb91ec2796c434af35e3e35495f993ea3954989b38e9ab64244,EXACT_BYTES; ARCHIVE_RESTORE
artifact/raw/B3-formal-v1/M6-S3-measured-06-M6_I1R2_N1024_e512_COLD_repeated/monitor_samples.jsonl,artifact/raw/B3-formal-v1/M6-S3-measured-06-M6_I1R2_N1024_e512_COLD_repeated/monitor_samples.jsonl,35efae6e281fefcc731fea7ac8d505efdb99c51e11746b6181522dc7010c37ac,EXACT_BYTES; ARCHIVE_RESTORE
artifact/raw/B3-formal-v1/M6-S3-measured-06-M6_I1R2_N1024_e512_ONLINE_packed/monitor_samples.jsonl,artifact/raw/B3-formal-v1/M6-S3-measured-06-M6_I1R2_N1024_e512_ONLINE_packed/monitor_samples.jsonl,e8b84312c2a6bbb1f44170c3958674e2ba97f78d30d934375f846c6b715ee1ff,EXACT_BYTES; ARCHIVE_RESTORE
artifact/raw/B3-formal-v1/M6-S3-measured-06-M6_I1R2_N1024_e512_ONLINE_repeated/monitor_samples.jsonl,artifact/raw/B3-formal-v1/M6-S3-measured-06-M6_I1R2_N1024_e512_ONLINE_repeated/monitor_samples.jsonl,7649ab07136acf38b0216af0c52bd2643caf23dcfdafc4cbdd45dd24ac901438,EXACT_BYTES; ARCHIVE_RESTORE
artifact/raw/B3-formal-v1/M6-S3-measured-06-M6_I2R1_N1024_e512_COLD_packed/monitor_samples.jsonl,artifact/raw/B3-formal-v1/M6-S3-measured-06-M6_I2R1_N1024_e512_COLD_packed/monitor_samples.jsonl,aeb08150865e760ffc2c1bcdc94c11b7d0178e5c5df0f4c928972567d30c2ccb,EXACT_BYTES; ARCHIVE_RESTORE
artifact/raw/B3-formal-v1/M6-S3-measured-06-M6_I2R1_N1024_e512_COLD_repeated/monitor_samples.jsonl,artifact/raw/B3-formal-v1/M6-S3-measured-06-M6_I2R1_N1024_e512_COLD_repeated/monitor_samples.jsonl,fc2976279700a7bff5e613a786321c4337da3c171561834bbbdedbd0c27688a9,EXACT_BYTES; ARCHIVE_RESTORE
artifact/raw/B3-formal-v1/M6-S3-measured-06-M6_I2R1_N1024_e512_ONLINE_packed/monitor_samples.jsonl,artifact/raw/B3-formal-v1/M6-S3-measured-06-M6_I2R1_N1024_e512_ONLINE_packed/monitor_samples.jsonl,3c13349879350abe92341d063fb5c7282a31180514c267aeaf4c2a42eb0e3b1b,EXACT_BYTES; ARCHIVE_RESTORE
artifact/raw/B3-formal-v1/M6-S3-measured-06-M6_I2R1_N1024_e512_ONLINE_repeated/monitor_samples.jsonl,artifact/raw/B3-formal-v1/M6-S3-measured-06-M6_I2R1_N1024_e512_ONLINE_repeated/monitor_samples.jsonl,5b94127a290fe9d29fa005c2ff6f655196842cd8f084743bdd02a5c6d38177ec,EXACT_BYTES; ARCHIVE_RESTORE
artifact/raw/B3-formal-v1/M6-S3-measured-06-M6_I2R2_N1024_e512_COLD_packed/monitor_samples.jsonl,artifact/raw/B3-formal-v1/M6-S3-measured-06-M6_I2R2_N1024_e512_COLD_packed/monitor_samples.jsonl,6576739057e250210e3ff023be178f5f68106d8a2f4c766cef71078af9fcc2d0,EXACT_BYTES; ARCHIVE_RESTORE
artifact/raw/B3-formal-v1/M6-S3-measured-06-M6_I2R2_N1024_e512_COLD_repeated/monitor_samples.jsonl,artifact/raw/B3-formal-v1/M6-S3-measured-06-M6_I2R2_N1024_e512_COLD_repeated/monitor_samples.jsonl,dafc41c059af4023a14e5d5dd99364a9b3db506b2675443425cc439be82641bb,EXACT_BYTES; ARCHIVE_RESTORE
artifact/raw/B3-formal-v1/M6-S3-measured-06-M6_I2R2_N1024_e512_ONLINE_packed/monitor_samples.jsonl,artifact/raw/B3-formal-v1/M6-S3-measured-06-M6_I2R2_N1024_e512_ONLINE_packed/monitor_samples.jsonl,52718356bd0c9c68de84c7f90b7a13f4588f48e38de6f00d9fd4d57878d592c4,EXACT_BYTES; ARCHIVE_RESTORE
artifact/raw/B3-formal-v1/M6-S3-measured-06-M6_I2R2_N1024_e512_ONLINE_repeated/monitor_samples.jsonl,artifact/raw/B3-formal-v1/M6-S3-measured-06-M6_I2R2_N1024_e512_ONLINE_repeated/monitor_samples.jsonl,b695631bc445f10357aa8e91e1d25bbfd0ac9ab2d54b3d0e49cacb58347fe14d,EXACT_BYTES; ARCHIVE_RESTORE
artifact/raw/B3-formal-v1/M6-S3-measured-07-M6_I1R1_N1024_e512_COLD_packed/monitor_samples.jsonl,artifact/raw/B3-formal-v1/M6-S3-measured-07-M6_I1R1_N1024_e512_COLD_packed/monitor_samples.jsonl,d25726a2d19298a4f388c6c26401f8c65657e4481d6a8b0bf30d7a5ccf72fa88,EXACT_BYTES; ARCHIVE_RESTORE
artifact/raw/B3-formal-v1/M6-S3-measured-07-M6_I1R1_N1024_e512_COLD_repeated/monitor_samples.jsonl,artifact/raw/B3-formal-v1/M6-S3-measured-07-M6_I1R1_N1024_e512_COLD_repeated/monitor_samples.jsonl,f2aa0076454aeac650d5563f48d3f1523a42d43e9812f9bd65a0b38edeb4e9c1,EXACT_BYTES; ARCHIVE_RESTORE
artifact/raw/B3-formal-v1/M6-S3-measured-07-M6_I1R1_N1024_e512_ONLINE_packed/monitor_samples.jsonl,artifact/raw/B3-formal-v1/M6-S3-measured-07-M6_I1R1_N1024_e512_ONLINE_packed/monitor_samples.jsonl,e6a6ed758c075d2d26c459495121c963eb85901891a180c1b011ed8dd89b943f,EXACT_BYTES; ARCHIVE_RESTORE
artifact/raw/B3-formal-v1/M6-S3-measured-07-M6_I1R1_N1024_e512_ONLINE_repeated/monitor_samples.jsonl,artifact/raw/B3-formal-v1/M6-S3-measured-07-M6_I1R1_N1024_e512_ONLINE_repeated/monitor_samples.jsonl,a758873ec956680885910d2644a448ce39d530fd60d79019ae580bb5db5a2b89,EXACT_BYTES; ARCHIVE_RESTORE
artifact/raw/B3-formal-v1/M6-S3-measured-07-M6_I1R2_N1024_e512_COLD_packed/monitor_samples.jsonl,artifact/raw/B3-formal-v1/M6-S3-measured-07-M6_I1R2_N1024_e512_COLD_packed/monitor_samples.jsonl,8dbecd4c39f6a4115bc415a530bd436a2e44f2cba64938be2c17c33f273d52d3,EXACT_BYTES; ARCHIVE_RESTORE
artifact/raw/B3-formal-v1/M6-S3-measured-07-M6_I1R2_N1024_e512_COLD_repeated/monitor_samples.jsonl,artifact/raw/B3-formal-v1/M6-S3-measured-07-M6_I1R2_N1024_e512_COLD_repeated/monitor_samples.jsonl,4bf336a4b64dd8463e7c409243d004f6021db33ae68682afea97fa4eba5ddc8c,EXACT_BYTES; ARCHIVE_RESTORE
artifact/raw/B3-formal-v1/M6-S3-measured-07-M6_I1R2_N1024_e512_ONLINE_packed/monitor_samples.jsonl,artifact/raw/B3-formal-v1/M6-S3-measured-07-M6_I1R2_N1024_e512_ONLINE_packed/monitor_samples.jsonl,1d1c8027589baa9df7a1119956c16c653fa61d48c4d3b71d12d8070d57317778,EXACT_BYTES; ARCHIVE_RESTORE
artifact/raw/B3-formal-v1/M6-S3-measured-07-M6_I1R2_N1024_e512_ONLINE_repeated/monitor_samples.jsonl,artifact/raw/B3-formal-v1/M6-S3-measured-07-M6_I1R2_N1024_e512_ONLINE_repeated/monitor_samples.jsonl,2aa059776a89cba2e63c8dc2ade1b562a5dc711b41f09912fdd1f15cb613d54e,EXACT_BYTES; ARCHIVE_RESTORE
artifact/raw/B3-formal-v1/M6-S3-measured-07-M6_I2R1_N1024_e512_COLD_packed/monitor_samples.jsonl,artifact/raw/B3-formal-v1/M6-S3-measured-07-M6_I2R1_N1024_e512_COLD_packed/monitor_samples.jsonl,e1102e3114280cb95330d0ee6130cc6b2fe690650920d2afc5622682817ff3b5,EXACT_BYTES; ARCHIVE_RESTORE
artifact/raw/B3-formal-v1/M6-S3-measured-07-M6_I2R1_N1024_e512_COLD_repeated/monitor_samples.jsonl,artifact/raw/B3-formal-v1/M6-S3-measured-07-M6_I2R1_N1024_e512_COLD_repeated/monitor_samples.jsonl,e08ec49509f37b97cb5515dd601730d72e500712c7d5c16a8e7006d8fdb3280a,EXACT_BYTES; ARCHIVE_RESTORE
artifact/raw/B3-formal-v1/M6-S3-measured-07-M6_I2R1_N1024_e512_ONLINE_packed/monitor_samples.jsonl,artifact/raw/B3-formal-v1/M6-S3-measured-07-M6_I2R1_N1024_e512_ONLINE_packed/monitor_samples.jsonl,e992565cdbf2d337301a377b19c4230431f9ed9505575ce43adf353e7b6ab2db,EXACT_BYTES; ARCHIVE_RESTORE
artifact/raw/B3-formal-v1/M6-S3-measured-07-M6_I2R1_N1024_e512_ONLINE_repeated/monitor_samples.jsonl,artifact/raw/B3-formal-v1/M6-S3-measured-07-M6_I2R1_N1024_e512_ONLINE_repeated/monitor_samples.jsonl,f9b84d5a8061c9a830a55a547b06e2d8712fc46d19ce669ee833cdd511941994,EXACT_BYTES; ARCHIVE_RESTORE
artifact/raw/B3-formal-v1/M6-S3-measured-07-M6_I2R2_N1024_e512_COLD_packed/monitor_samples.jsonl,artifact/raw/B3-formal-v1/M6-S3-measured-07-M6_I2R2_N1024_e512_COLD_packed/monitor_samples.jsonl,1193b9b07ca0defb33c41f63e0ac4036bf48bcca435c72efa46b937c14a63e8d,EXACT_BYTES; ARCHIVE_RESTORE
artifact/raw/B3-formal-v1/M6-S3-measured-07-M6_I2R2_N1024_e512_COLD_repeated/monitor_samples.jsonl,artifact/raw/B3-formal-v1/M6-S3-measured-07-M6_I2R2_N1024_e512_COLD_repeated/monitor_samples.jsonl,6cb78ea830bf031d7d4fff0b591d47291aa419de00ab4d4124e8bd9df1cc89d8,EXACT_BYTES; ARCHIVE_RESTORE
artifact/raw/B3-formal-v1/M6-S3-measured-07-M6_I2R2_N1024_e512_ONLINE_packed/monitor_samples.jsonl,artifact/raw/B3-formal-v1/M6-S3-measured-07-M6_I2R2_N1024_e512_ONLINE_packed/monitor_samples.jsonl,c8b8d296d5c0aea009a387d00cce23f3d8de13055695326911c3e6bc6e793714,EXACT_BYTES; ARCHIVE_RESTORE
artifact/raw/B3-formal-v1/M6-S3-measured-07-M6_I2R2_N1024_e512_ONLINE_repeated/monitor_samples.jsonl,artifact/raw/B3-formal-v1/M6-S3-measured-07-M6_I2R2_N1024_e512_ONLINE_repeated/monitor_samples.jsonl,c942f155edbecb054e24fb36161eb1e1da8446e49759bb1c2c1cdf77f09ca57f,EXACT_BYTES; ARCHIVE_RESTORE
artifact/raw/B3-formal-v1/M6-S3-measured-08-M6_I1R1_N1024_e512_COLD_packed/monitor_samples.jsonl,artifact/raw/B3-formal-v1/M6-S3-measured-08-M6_I1R1_N1024_e512_COLD_packed/monitor_samples.jsonl,c6a43b132a5230ea5aef92fb7287f94e2f93c3b9e9f02f6689946db4edc394c2,EXACT_BYTES; ARCHIVE_RESTORE
artifact/raw/B3-formal-v1/M6-S3-measured-08-M6_I1R1_N1024_e512_COLD_repeated/monitor_samples.jsonl,artifact/raw/B3-formal-v1/M6-S3-measured-08-M6_I1R1_N1024_e512_COLD_repeated/monitor_samples.jsonl,96acdf7d8fb691092acaf72b15dc5466743f17c1f8440fe3ee654a005b4b26db,EXACT_BYTES; ARCHIVE_RESTORE
artifact/raw/B3-formal-v1/M6-S3-measured-08-M6_I1R1_N1024_e512_ONLINE_packed/monitor_samples.jsonl,artifact/raw/B3-formal-v1/M6-S3-measured-08-M6_I1R1_N1024_e512_ONLINE_packed/monitor_samples.jsonl,970577e26e3a741bed3c556d3b2de7c7f827300a9f796e7b0110922c45cf48bd,EXACT_BYTES; ARCHIVE_RESTORE
artifact/raw/B3-formal-v1/M6-S3-measured-08-M6_I1R1_N1024_e512_ONLINE_repeated/monitor_samples.jsonl,artifact/raw/B3-formal-v1/M6-S3-measured-08-M6_I1R1_N1024_e512_ONLINE_repeated/monitor_samples.jsonl,68a2df1f516554abb597d4d7f63c69717be2d1df849b069d8b4368ffcf44f60a,EXACT_BYTES; ARCHIVE_RESTORE
artifact/raw/B3-formal-v1/M6-S3-measured-08-M6_I1R2_N1024_e512_COLD_packed/monitor_samples.jsonl,artifact/raw/B3-formal-v1/M6-S3-measured-08-M6_I1R2_N1024_e512_COLD_packed/monitor_samples.jsonl,b6811c40f97a0550c6a55d10e6e29614d7e2c307869fa1b332f8a8007c119e2d,EXACT_BYTES; ARCHIVE_RESTORE
artifact/raw/B3-formal-v1/M6-S3-measured-08-M6_I1R2_N1024_e512_COLD_repeated/monitor_samples.jsonl,artifact/raw/B3-formal-v1/M6-S3-measured-08-M6_I1R2_N1024_e512_COLD_repeated/monitor_samples.jsonl,1bd96db9993443d0d7c60b82fc5b7fd58aaa7f0ab8c9524817a3909de742e0a9,EXACT_BYTES; ARCHIVE_RESTORE
artifact/raw/B3-formal-v1/M6-S3-measured-08-M6_I1R2_N1024_e512_ONLINE_packed/monitor_samples.jsonl,artifact/raw/B3-formal-v1/M6-S3-measured-08-M6_I1R2_N1024_e512_ONLINE_packed/monitor_samples.jsonl,079995d3f67fd7786386d4cab42d680677197cb5a289c5643971df160ec5ac5c,EXACT_BYTES; ARCHIVE_RESTORE
artifact/raw/B3-formal-v1/M6-S3-measured-08-M6_I1R2_N1024_e512_ONLINE_repeated/monitor_samples.jsonl,artifact/raw/B3-formal-v1/M6-S3-measured-08-M6_I1R2_N1024_e512_ONLINE_repeated/monitor_samples.jsonl,a461e77d0ac283dea0195aa840af71602246a7226ad637962f85c8e2d4c004fa,EXACT_BYTES; ARCHIVE_RESTORE
artifact/raw/B3-formal-v1/M6-S3-measured-08-M6_I2R1_N1024_e512_COLD_packed/monitor_samples.jsonl,artifact/raw/B3-formal-v1/M6-S3-measured-08-M6_I2R1_N1024_e512_COLD_packed/monitor_samples.jsonl,b0b14f4e1d7d757b2691e04727cdf865b05f03f5de101a27db06b4ce2ebd3806,EXACT_BYTES; ARCHIVE_RESTORE
artifact/raw/B3-formal-v1/M6-S3-measured-08-M6_I2R1_N1024_e512_COLD_repeated/monitor_samples.jsonl,artifact/raw/B3-formal-v1/M6-S3-measured-08-M6_I2R1_N1024_e512_COLD_repeated/monitor_samples.jsonl,3309be8c816d44f69ef6970dd3dc226dff5ac84877360bb5c3b1cc2675e0e930,EXACT_BYTES; ARCHIVE_RESTORE
artifact/raw/B3-formal-v1/M6-S3-measured-08-M6_I2R1_N1024_e512_ONLINE_packed/monitor_samples.jsonl,artifact/raw/B3-formal-v1/M6-S3-measured-08-M6_I2R1_N1024_e512_ONLINE_packed/monitor_samples.jsonl,3ffaba331092e07100436779cf20779b7b53684630fdd46af681ed5dbe2c63f3,EXACT_BYTES; ARCHIVE_RESTORE
artifact/raw/B3-formal-v1/M6-S3-measured-08-M6_I2R1_N1024_e512_ONLINE_repeated/monitor_samples.jsonl,artifact/raw/B3-formal-v1/M6-S3-measured-08-M6_I2R1_N1024_e512_ONLINE_repeated/monitor_samples.jsonl,55ea214f9581c165b03cffb7f92ca70694312da05e33ce9ce0c54ad5298b3c62,EXACT_BYTES; ARCHIVE_RESTORE
artifact/raw/B3-formal-v1/M6-S3-measured-08-M6_I2R2_N1024_e512_COLD_packed/monitor_samples.jsonl,artifact/raw/B3-formal-v1/M6-S3-measured-08-M6_I2R2_N1024_e512_COLD_packed/monitor_samples.jsonl,b1227735a47bc22394034562d8adf6d983d436673adb65de7c856d0badbb2295,EXACT_BYTES; ARCHIVE_RESTORE
artifact/raw/B3-formal-v1/M6-S3-measured-08-M6_I2R2_N1024_e512_COLD_repeated/monitor_samples.jsonl,artifact/raw/B3-formal-v1/M6-S3-measured-08-M6_I2R2_N1024_e512_COLD_repeated/monitor_samples.jsonl,637387fbe6d7acc0c1142523349def53b3641859026afa5d256a95600ed5ee41,EXACT_BYTES; ARCHIVE_RESTORE
artifact/raw/B3-formal-v1/M6-S3-measured-08-M6_I2R2_N1024_e512_ONLINE_packed/monitor_samples.jsonl,artifact/raw/B3-formal-v1/M6-S3-measured-08-M6_I2R2_N1024_e512_ONLINE_packed/monitor_samples.jsonl,e5ad5f63e6102efe8669ece7cb2f6e55e5ce8c95d1b2725ebdd12b7a257363a7,EXACT_BYTES; ARCHIVE_RESTORE
artifact/raw/B3-formal-v1/M6-S3-measured-08-M6_I2R2_N1024_e512_ONLINE_repeated/monitor_samples.jsonl,artifact/raw/B3-formal-v1/M6-S3-measured-08-M6_I2R2_N1024_e512_ONLINE_repeated/monitor_samples.jsonl,5646e3674a7c95b16918c83c32dc49db34c27ab487600c7eb8c20847e43a9340,EXACT_BYTES; ARCHIVE_RESTORE
artifact/raw/B3-formal-v1/M6-S3-measured-09-M6_I1R1_N1024_e512_COLD_packed/monitor_samples.jsonl,artifact/raw/B3-formal-v1/M6-S3-measured-09-M6_I1R1_N1024_e512_COLD_packed/monitor_samples.jsonl,95b008ffb680d64e9696029a68253123b9b4fbce14d4c2e121402e029f7ceaff,EXACT_BYTES; ARCHIVE_RESTORE
artifact/raw/B3-formal-v1/M6-S3-measured-09-M6_I1R1_N1024_e512_COLD_repeated/monitor_samples.jsonl,artifact/raw/B3-formal-v1/M6-S3-measured-09-M6_I1R1_N1024_e512_COLD_repeated/monitor_samples.jsonl,3cb84699f701c5108ff0c6efc2b4ee1a654f0c4f3ea736e5f1c30aa35a3bf775,EXACT_BYTES; ARCHIVE_RESTORE
artifact/raw/B3-formal-v1/M6-S3-measured-09-M6_I1R1_N1024_e512_ONLINE_packed/monitor_samples.jsonl,artifact/raw/B3-formal-v1/M6-S3-measured-09-M6_I1R1_N1024_e512_ONLINE_packed/monitor_samples.jsonl,a85b821add6262e0098d229e4fb965551aae0275d9f008a1e80bc31a5272bde1,EXACT_BYTES; ARCHIVE_RESTORE
artifact/raw/B3-formal-v1/M6-S3-measured-09-M6_I1R1_N1024_e512_ONLINE_repeated/monitor_samples.jsonl,artifact/raw/B3-formal-v1/M6-S3-measured-09-M6_I1R1_N1024_e512_ONLINE_repeated/monitor_samples.jsonl,4bd2edd3bf6a9683f4c5bee183e484539d9b240a01f137b2d18603afaf9b8939,EXACT_BYTES; ARCHIVE_RESTORE
artifact/raw/B3-formal-v1/M6-S3-measured-09-M6_I1R2_N1024_e512_COLD_packed/monitor_samples.jsonl,artifact/raw/B3-formal-v1/M6-S3-measured-09-M6_I1R2_N1024_e512_COLD_packed/monitor_samples.jsonl,2dfc42104292a9adcc40d7a1e6bbbb172650d74115061ebb83554a81ab0635ef,EXACT_BYTES; ARCHIVE_RESTORE
artifact/raw/B3-formal-v1/M6-S3-measured-09-M6_I1R2_N1024_e512_COLD_repeated/monitor_samples.jsonl,artifact/raw/B3-formal-v1/M6-S3-measured-09-M6_I1R2_N1024_e512_COLD_repeated/monitor_samples.jsonl,b9604d9184c611c5b8905423d2e7fa2ce0835e2656666fde4405000990666551,EXACT_BYTES; ARCHIVE_RESTORE
artifact/raw/B3-formal-v1/M6-S3-measured-09-M6_I1R2_N1024_e512_ONLINE_packed/monitor_samples.jsonl,artifact/raw/B3-formal-v1/M6-S3-measured-09-M6_I1R2_N1024_e512_ONLINE_packed/monitor_samples.jsonl,46a6c19efdc82c162b077a1e6fd69db38a6685063118ce4c7408f43f06b11c7b,EXACT_BYTES; ARCHIVE_RESTORE
artifact/raw/B3-formal-v1/M6-S3-measured-09-M6_I1R2_N1024_e512_ONLINE_repeated/monitor_samples.jsonl,artifact/raw/B3-formal-v1/M6-S3-measured-09-M6_I1R2_N1024_e512_ONLINE_repeated/monitor_samples.jsonl,1f69460c36f9bd5a4bd09c73ba219d8d26f7399bb4dc31e6fc6265e32285c9a1,EXACT_BYTES; ARCHIVE_RESTORE
artifact/raw/B3-formal-v1/M6-S3-measured-09-M6_I2R1_N1024_e512_COLD_packed/monitor_samples.jsonl,artifact/raw/B3-formal-v1/M6-S3-measured-09-M6_I2R1_N1024_e512_COLD_packed/monitor_samples.jsonl,497c2bc36017566e8c2346079fa3527a7057ae3cb0ceddf81f4ebf0c6b4c921c,EXACT_BYTES; ARCHIVE_RESTORE
artifact/raw/B3-formal-v1/M6-S3-measured-09-M6_I2R1_N1024_e512_COLD_repeated/monitor_samples.jsonl,artifact/raw/B3-formal-v1/M6-S3-measured-09-M6_I2R1_N1024_e512_COLD_repeated/monitor_samples.jsonl,0e93a2bc67ecfed3017022ebc9f5fcf3395c1f7598dc49bcc8db22376b083264,EXACT_BYTES; ARCHIVE_RESTORE
artifact/raw/B3-formal-v1/M6-S3-measured-09-M6_I2R1_N1024_e512_ONLINE_packed/monitor_samples.jsonl,artifact/raw/B3-formal-v1/M6-S3-measured-09-M6_I2R1_N1024_e512_ONLINE_packed/monitor_samples.jsonl,282b562974c649e0a683b6a01577e792ae12710adb45f7750deac12c8d5bd87b,EXACT_BYTES; ARCHIVE_RESTORE
artifact/raw/B3-formal-v1/M6-S3-measured-09-M6_I2R1_N1024_e512_ONLINE_repeated/monitor_samples.jsonl,artifact/raw/B3-formal-v1/M6-S3-measured-09-M6_I2R1_N1024_e512_ONLINE_repeated/monitor_samples.jsonl,dc3b4dc9ef2c960884f9bdb1ff56e4e335b6cd068ffaa703aca6e51d3d671859,EXACT_BYTES; ARCHIVE_RESTORE
artifact/raw/B3-formal-v1/M6-S3-measured-09-M6_I2R2_N1024_e512_COLD_packed/monitor_samples.jsonl,artifact/raw/B3-formal-v1/M6-S3-measured-09-M6_I2R2_N1024_e512_COLD_packed/monitor_samples.jsonl,6eab81158c2246c6bafb91b5378837d6560e823d00533db2e90664686186c3b1,EXACT_BYTES; ARCHIVE_RESTORE
artifact/raw/B3-formal-v1/M6-S3-measured-09-M6_I2R2_N1024_e512_COLD_repeated/monitor_samples.jsonl,artifact/raw/B3-formal-v1/M6-S3-measured-09-M6_I2R2_N1024_e512_COLD_repeated/monitor_samples.jsonl,56004b5a74c9a42cece0bf112e87a5332baad6aab700bbd10c2cc2dc8eb18d2c,EXACT_BYTES; ARCHIVE_RESTORE
artifact/raw/B3-formal-v1/M6-S3-measured-09-M6_I2R2_N1024_e512_ONLINE_packed/monitor_samples.jsonl,artifact/raw/B3-formal-v1/M6-S3-measured-09-M6_I2R2_N1024_e512_ONLINE_packed/monitor_samples.jsonl,a1350bfde2b5c7d0ab7fee1f3b32ca9dd96a2c03b46a438d688b779a7b7047c9,EXACT_BYTES; ARCHIVE_RESTORE
artifact/raw/B3-formal-v1/M6-S3-measured-09-M6_I2R2_N1024_e512_ONLINE_repeated/monitor_samples.jsonl,artifact/raw/B3-formal-v1/M6-S3-measured-09-M6_I2R2_N1024_e512_ONLINE_repeated/monitor_samples.jsonl,23e31cbacbd29c59ae4be1dc4b8e42bc072013ac1a4ceea8505e4661fe16dc2b,EXACT_BYTES; ARCHIVE_RESTORE
artifact/raw/B3-formal-v1/M6-S3-measured-10-M6_I1R1_N1024_e512_COLD_packed/monitor_samples.jsonl,artifact/raw/B3-formal-v1/M6-S3-measured-10-M6_I1R1_N1024_e512_COLD_packed/monitor_samples.jsonl,2dc8be6ec6847349bfe6e3ce5b1dc907591b776648cb3184eee76342e991660d,EXACT_BYTES; ARCHIVE_RESTORE
artifact/raw/B3-formal-v1/M6-S3-measured-10-M6_I1R1_N1024_e512_COLD_repeated/monitor_samples.jsonl,artifact/raw/B3-formal-v1/M6-S3-measured-10-M6_I1R1_N1024_e512_COLD_repeated/monitor_samples.jsonl,5cf48a341d06fa1dc610b0cb81e6681254f0efff6b0d97ecdb12c65ce60958d5,EXACT_BYTES; ARCHIVE_RESTORE
artifact/raw/B3-formal-v1/M6-S3-measured-10-M6_I1R1_N1024_e512_ONLINE_packed/monitor_samples.jsonl,artifact/raw/B3-formal-v1/M6-S3-measured-10-M6_I1R1_N1024_e512_ONLINE_packed/monitor_samples.jsonl,39d03c162c45c46a0101283acb3d4ddc0c26346de6cad10635418ec30f7cf1f8,EXACT_BYTES; ARCHIVE_RESTORE
artifact/raw/B3-formal-v1/M6-S3-measured-10-M6_I1R1_N1024_e512_ONLINE_repeated/monitor_samples.jsonl,artifact/raw/B3-formal-v1/M6-S3-measured-10-M6_I1R1_N1024_e512_ONLINE_repeated/monitor_samples.jsonl,3c4ac1a7cbce3c6de8978aa72d764d820b8978240d532fefc7d5e951a44dd3f7,EXACT_BYTES; ARCHIVE_RESTORE
artifact/raw/B3-formal-v1/M6-S3-measured-10-M6_I1R2_N1024_e512_COLD_packed/monitor_samples.jsonl,artifact/raw/B3-formal-v1/M6-S3-measured-10-M6_I1R2_N1024_e512_COLD_packed/monitor_samples.jsonl,a70632826c190da341cda94bc5d981941f983836bb2b2a0390835d97e3ed3d93,EXACT_BYTES; ARCHIVE_RESTORE
artifact/raw/B3-formal-v1/M6-S3-measured-10-M6_I1R2_N1024_e512_COLD_repeated/monitor_samples.jsonl,artifact/raw/B3-formal-v1/M6-S3-measured-10-M6_I1R2_N1024_e512_COLD_repeated/monitor_samples.jsonl,3bfda71901138d1ea4050bcec261cfa198ace6787bb9327b738c3d5cc50c3209,EXACT_BYTES; ARCHIVE_RESTORE
artifact/raw/B3-formal-v1/M6-S3-measured-10-M6_I1R2_N1024_e512_ONLINE_packed/monitor_samples.jsonl,artifact/raw/B3-formal-v1/M6-S3-measured-10-M6_I1R2_N1024_e512_ONLINE_packed/monitor_samples.jsonl,aafb58292029a7d8ae7e4ba1c27bc4c7310da642ddd73c6a9c8a7447d9d1c5c5,EXACT_BYTES; ARCHIVE_RESTORE
artifact/raw/B3-formal-v1/M6-S3-measured-10-M6_I1R2_N1024_e512_ONLINE_repeated/monitor_samples.jsonl,artifact/raw/B3-formal-v1/M6-S3-measured-10-M6_I1R2_N1024_e512_ONLINE_repeated/monitor_samples.jsonl,bf2e858afdc9436511c394e92ee0a8b1ab46053b77ce89716cc710a6e2751add,EXACT_BYTES; ARCHIVE_RESTORE
artifact/raw/B3-formal-v1/M6-S3-measured-10-M6_I2R1_N1024_e512_COLD_packed/monitor_samples.jsonl,artifact/raw/B3-formal-v1/M6-S3-measured-10-M6_I2R1_N1024_e512_COLD_packed/monitor_samples.jsonl,3e5e89e945b0ae582506e28e15c7f64f6059f72e8746798b5617bb9c08b3e2f3,EXACT_BYTES; ARCHIVE_RESTORE
artifact/raw/B3-formal-v1/M6-S3-measured-10-M6_I2R1_N1024_e512_COLD_repeated/monitor_samples.jsonl,artifact/raw/B3-formal-v1/M6-S3-measured-10-M6_I2R1_N1024_e512_COLD_repeated/monitor_samples.jsonl,d295028257f93de8d446c9ed1e30d3248eacf0ec997cec542f40b6986fac9724,EXACT_BYTES; ARCHIVE_RESTORE
artifact/raw/B3-formal-v1/M6-S3-measured-10-M6_I2R1_N1024_e512_ONLINE_packed/monitor_samples.jsonl,artifact/raw/B3-formal-v1/M6-S3-measured-10-M6_I2R1_N1024_e512_ONLINE_packed/monitor_samples.jsonl,84d2ad344ec5c20dd5e80577faa89f76f9b7ccb9fbd6dddd18b314e3ff00b060,EXACT_BYTES; ARCHIVE_RESTORE
artifact/raw/B3-formal-v1/M6-S3-measured-10-M6_I2R1_N1024_e512_ONLINE_repeated/monitor_samples.jsonl,artifact/raw/B3-formal-v1/M6-S3-measured-10-M6_I2R1_N1024_e512_ONLINE_repeated/monitor_samples.jsonl,0e48d5e007b925357ebc154dc39d080bebf639d608a81ef8fa28c63f9273c113,EXACT_BYTES; ARCHIVE_RESTORE
artifact/raw/B3-formal-v1/M6-S3-measured-10-M6_I2R2_N1024_e512_COLD_packed/monitor_samples.jsonl,artifact/raw/B3-formal-v1/M6-S3-measured-10-M6_I2R2_N1024_e512_COLD_packed/monitor_samples.jsonl,ad3307f1ee5c7d8f25be0f19a0f5848287a90c0372ecaf5549bfe7611d513a0b,EXACT_BYTES; ARCHIVE_RESTORE
artifact/raw/B3-formal-v1/M6-S3-measured-10-M6_I2R2_N1024_e512_COLD_repeated/monitor_samples.jsonl,artifact/raw/B3-formal-v1/M6-S3-measured-10-M6_I2R2_N1024_e512_COLD_repeated/monitor_samples.jsonl,303eab727cb30ea4b564f750f77ef084e5f652dd29f46c6d9fbf1924e5667f50,EXACT_BYTES; ARCHIVE_RESTORE
artifact/raw/B3-formal-v1/M6-S3-measured-10-M6_I2R2_N1024_e512_ONLINE_packed/monitor_samples.jsonl,artifact/raw/B3-formal-v1/M6-S3-measured-10-M6_I2R2_N1024_e512_ONLINE_packed/monitor_samples.jsonl,e5d1495180a740d8c99a7146bd1e0166963a2f83fa8a9821c730d8f5237d1485,EXACT_BYTES; ARCHIVE_RESTORE
artifact/raw/B3-formal-v1/M6-S3-measured-10-M6_I2R2_N1024_e512_ONLINE_repeated/monitor_samples.jsonl,artifact/raw/B3-formal-v1/M6-S3-measured-10-M6_I2R2_N1024_e512_ONLINE_repeated/monitor_samples.jsonl,1afe090ba2d47378a68d968845dba30db2edc93da77ada7273d37c404be2e134,EXACT_BYTES; ARCHIVE_RESTORE
artifact/raw/B3-formal-v1/M6-S3-warmup-01-M6_I1R1_N1024_e512_COLD_packed/monitor_samples.jsonl,artifact/raw/B3-formal-v1/M6-S3-warmup-01-M6_I1R1_N1024_e512_COLD_packed/monitor_samples.jsonl,e8cb5dabd70969a2d01f5ac017315488a258da1c90d2c38c26c205c6d0d91fd4,EXACT_BYTES; ARCHIVE_RESTORE
artifact/raw/B3-formal-v1/M6-S3-warmup-01-M6_I1R1_N1024_e512_COLD_repeated/monitor_samples.jsonl,artifact/raw/B3-formal-v1/M6-S3-warmup-01-M6_I1R1_N1024_e512_COLD_repeated/monitor_samples.jsonl,8ff7b0f6fb910819930f0bec2161535402b686a96a7dd78333ef0bb478e9a55b,EXACT_BYTES; ARCHIVE_RESTORE
artifact/raw/B3-formal-v1/M6-S3-warmup-01-M6_I1R1_N1024_e512_ONLINE_packed/monitor_samples.jsonl,artifact/raw/B3-formal-v1/M6-S3-warmup-01-M6_I1R1_N1024_e512_ONLINE_packed/monitor_samples.jsonl,0079e51971a749f1ac53b4a0e8ab2b6bcf41f0cd7a865085cd5ce2eae3ceb624,EXACT_BYTES; ARCHIVE_RESTORE
artifact/raw/B3-formal-v1/M6-S3-warmup-01-M6_I1R1_N1024_e512_ONLINE_repeated/monitor_samples.jsonl,artifact/raw/B3-formal-v1/M6-S3-warmup-01-M6_I1R1_N1024_e512_ONLINE_repeated/monitor_samples.jsonl,2ecd9f83d53b2070db0b39e1efadf69558a6a6fd176575ed88457900e263c697,EXACT_BYTES; ARCHIVE_RESTORE
artifact/raw/B3-formal-v1/M6-S3-warmup-01-M6_I1R2_N1024_e512_COLD_packed/monitor_samples.jsonl,artifact/raw/B3-formal-v1/M6-S3-warmup-01-M6_I1R2_N1024_e512_COLD_packed/monitor_samples.jsonl,5dca5a926816a346ed543d017940c55435b418b73a2b6a30b9f9bbd001202335,EXACT_BYTES; ARCHIVE_RESTORE
artifact/raw/B3-formal-v1/M6-S3-warmup-01-M6_I1R2_N1024_e512_COLD_repeated/monitor_samples.jsonl,artifact/raw/B3-formal-v1/M6-S3-warmup-01-M6_I1R2_N1024_e512_COLD_repeated/monitor_samples.jsonl,35efee46f75554fe3a87235c2610c2d6b70cb894295126d6e3eee8ebe23f85a4,EXACT_BYTES; ARCHIVE_RESTORE
artifact/raw/B3-formal-v1/M6-S3-warmup-01-M6_I1R2_N1024_e512_ONLINE_packed/monitor_samples.jsonl,artifact/raw/B3-formal-v1/M6-S3-warmup-01-M6_I1R2_N1024_e512_ONLINE_packed/monitor_samples.jsonl,1dec013efdadab1b0b3deef0afed1d5850049bd96f1f67bba3ada5e5524c01b9,EXACT_BYTES; ARCHIVE_RESTORE
artifact/raw/B3-formal-v1/M6-S3-warmup-01-M6_I1R2_N1024_e512_ONLINE_repeated/monitor_samples.jsonl,artifact/raw/B3-formal-v1/M6-S3-warmup-01-M6_I1R2_N1024_e512_ONLINE_repeated/monitor_samples.jsonl,20ab9e427e7b8b3cdc91555d3e9fa77174ba6b7eaba193cb041dd013b2a41760,EXACT_BYTES; ARCHIVE_RESTORE
artifact/raw/B3-formal-v1/M6-S3-warmup-01-M6_I2R1_N1024_e512_COLD_packed/monitor_samples.jsonl,artifact/raw/B3-formal-v1/M6-S3-warmup-01-M6_I2R1_N1024_e512_COLD_packed/monitor_samples.jsonl,c55f65c388a53b65821fcf85f3ef05a34e9e335eb6bd05d3f38ec4592a68dbd1,EXACT_BYTES; ARCHIVE_RESTORE
artifact/raw/B3-formal-v1/M6-S3-warmup-01-M6_I2R1_N1024_e512_COLD_repeated/monitor_samples.jsonl,artifact/raw/B3-formal-v1/M6-S3-warmup-01-M6_I2R1_N1024_e512_COLD_repeated/monitor_samples.jsonl,1bf7799fa11997cfcc7085a3080a1a9bfd248c2362b3c2e1188e345b9d0fb293,EXACT_BYTES; ARCHIVE_RESTORE
artifact/raw/B3-formal-v1/M6-S3-warmup-01-M6_I2R1_N1024_e512_ONLINE_packed/monitor_samples.jsonl,artifact/raw/B3-formal-v1/M6-S3-warmup-01-M6_I2R1_N1024_e512_ONLINE_packed/monitor_samples.jsonl,fea3e6cdf5054203d1a1d05747362de5a549698c38f4756e10085726cc0bd31e,EXACT_BYTES; ARCHIVE_RESTORE
artifact/raw/B3-formal-v1/M6-S3-warmup-01-M6_I2R1_N1024_e512_ONLINE_repeated/monitor_samples.jsonl,artifact/raw/B3-formal-v1/M6-S3-warmup-01-M6_I2R1_N1024_e512_ONLINE_repeated/monitor_samples.jsonl,2693c27700585e72a52ff48c844ad1c1d77929cf323e223483bea84c69ba1985,EXACT_BYTES; ARCHIVE_RESTORE
artifact/raw/B3-formal-v1/M6-S3-warmup-01-M6_I2R2_N1024_e512_COLD_packed/monitor_samples.jsonl,artifact/raw/B3-formal-v1/M6-S3-warmup-01-M6_I2R2_N1024_e512_COLD_packed/monitor_samples.jsonl,5d2ab3ac2a47e1b9be044e18c862e9ba12fa72441a1dbde7c383ed0edf607bba,EXACT_BYTES; ARCHIVE_RESTORE
artifact/raw/B3-formal-v1/M6-S3-warmup-01-M6_I2R2_N1024_e512_COLD_repeated/monitor_samples.jsonl,artifact/raw/B3-formal-v1/M6-S3-warmup-01-M6_I2R2_N1024_e512_COLD_repeated/monitor_samples.jsonl,b1d0188505653d00044f06828052eee536bccbd339f761a786243dc9917cad2d,EXACT_BYTES; ARCHIVE_RESTORE
artifact/raw/B3-formal-v1/M6-S3-warmup-01-M6_I2R2_N1024_e512_ONLINE_packed/monitor_samples.jsonl,artifact/raw/B3-formal-v1/M6-S3-warmup-01-M6_I2R2_N1024_e512_ONLINE_packed/monitor_samples.jsonl,8c796f11904c130bdb211b3795d947e2de1aeca1370ca1829171ed6310202054,EXACT_BYTES; ARCHIVE_RESTORE
artifact/raw/B3-formal-v1/M6-S3-warmup-01-M6_I2R2_N1024_e512_ONLINE_repeated/monitor_samples.jsonl,artifact/raw/B3-formal-v1/M6-S3-warmup-01-M6_I2R2_N1024_e512_ONLINE_repeated/monitor_samples.jsonl,95294e86115a0a4e5307ba47b2136d5c4be517b43e158890e59385a45e653b6d,EXACT_BYTES; ARCHIVE_RESTORE
artifact/raw/B3-formal-v1/M6-S3-warmup-02-M6_I1R1_N1024_e512_COLD_packed/monitor_samples.jsonl,artifact/raw/B3-formal-v1/M6-S3-warmup-02-M6_I1R1_N1024_e512_COLD_packed/monitor_samples.jsonl,77231a04effc2a3971ca1bc481e09750973adf03818da7ae5d6de3bc7d16319b,EXACT_BYTES; ARCHIVE_RESTORE
artifact/raw/B3-formal-v1/M6-S3-warmup-02-M6_I1R1_N1024_e512_COLD_repeated/monitor_samples.jsonl,artifact/raw/B3-formal-v1/M6-S3-warmup-02-M6_I1R1_N1024_e512_COLD_repeated/monitor_samples.jsonl,15c86f6da6e992204b749dc014face5806d6c2bbe99853107ddac43e562a314b,EXACT_BYTES; ARCHIVE_RESTORE
artifact/raw/B3-formal-v1/M6-S3-warmup-02-M6_I1R1_N1024_e512_ONLINE_packed/monitor_samples.jsonl,artifact/raw/B3-formal-v1/M6-S3-warmup-02-M6_I1R1_N1024_e512_ONLINE_packed/monitor_samples.jsonl,22c040649c80830538541b7e8e21a54b2088013cfcb4ceec6282c69713a7d773,EXACT_BYTES; ARCHIVE_RESTORE
artifact/raw/B3-formal-v1/M6-S3-warmup-02-M6_I1R1_N1024_e512_ONLINE_repeated/monitor_samples.jsonl,artifact/raw/B3-formal-v1/M6-S3-warmup-02-M6_I1R1_N1024_e512_ONLINE_repeated/monitor_samples.jsonl,15dffab53d9fd43e1ec7df6138069f92023db0ca8abc7da47d25bbeed3f8dd7a,EXACT_BYTES; ARCHIVE_RESTORE
artifact/raw/B3-formal-v1/M6-S3-warmup-02-M6_I1R2_N1024_e512_COLD_packed/monitor_samples.jsonl,artifact/raw/B3-formal-v1/M6-S3-warmup-02-M6_I1R2_N1024_e512_COLD_packed/monitor_samples.jsonl,66b9712b325722938636a71d5a82b1bec9306825588ee61d936712fd30c96240,EXACT_BYTES; ARCHIVE_RESTORE
artifact/raw/B3-formal-v1/M6-S3-warmup-02-M6_I1R2_N1024_e512_COLD_repeated/monitor_samples.jsonl,artifact/raw/B3-formal-v1/M6-S3-warmup-02-M6_I1R2_N1024_e512_COLD_repeated/monitor_samples.jsonl,875f37b2b4031a497db92323ed4a9a9d9c699d3616154d9146078d6603ff1c96,EXACT_BYTES; ARCHIVE_RESTORE
artifact/raw/B3-formal-v1/M6-S3-warmup-02-M6_I1R2_N1024_e512_ONLINE_packed/monitor_samples.jsonl,artifact/raw/B3-formal-v1/M6-S3-warmup-02-M6_I1R2_N1024_e512_ONLINE_packed/monitor_samples.jsonl,64946b48df8cc00364c9bc9f97203fc0da5656adfdf438b19153d84e89885ac7,EXACT_BYTES; ARCHIVE_RESTORE
artifact/raw/B3-formal-v1/M6-S3-warmup-02-M6_I1R2_N1024_e512_ONLINE_repeated/monitor_samples.jsonl,artifact/raw/B3-formal-v1/M6-S3-warmup-02-M6_I1R2_N1024_e512_ONLINE_repeated/monitor_samples.jsonl,03f0eced408366553a33cad3f30c57a16c1f7e0f237c3e3068fa55bc94c1c123,EXACT_BYTES; ARCHIVE_RESTORE
artifact/raw/B3-formal-v1/M6-S3-warmup-02-M6_I2R1_N1024_e512_COLD_packed/monitor_samples.jsonl,artifact/raw/B3-formal-v1/M6-S3-warmup-02-M6_I2R1_N1024_e512_COLD_packed/monitor_samples.jsonl,de44c08cb3070b79b881f2cf878412ae3551ff8576e5771ebe233885b4945adb,EXACT_BYTES; ARCHIVE_RESTORE
artifact/raw/B3-formal-v1/M6-S3-warmup-02-M6_I2R1_N1024_e512_COLD_repeated/monitor_samples.jsonl,artifact/raw/B3-formal-v1/M6-S3-warmup-02-M6_I2R1_N1024_e512_COLD_repeated/monitor_samples.jsonl,00c1ea4d9b6e918979dd98a259c86df3161b4ba7c41d2547706ce0e933de95e3,EXACT_BYTES; ARCHIVE_RESTORE
artifact/raw/B3-formal-v1/M6-S3-warmup-02-M6_I2R1_N1024_e512_ONLINE_packed/monitor_samples.jsonl,artifact/raw/B3-formal-v1/M6-S3-warmup-02-M6_I2R1_N1024_e512_ONLINE_packed/monitor_samples.jsonl,7f6165a941a07cbd3ddec9788e83333fbec75f48df86e8bbd4ce5ea74ca7eeaf,EXACT_BYTES; ARCHIVE_RESTORE
artifact/raw/B3-formal-v1/M6-S3-warmup-02-M6_I2R1_N1024_e512_ONLINE_repeated/monitor_samples.jsonl,artifact/raw/B3-formal-v1/M6-S3-warmup-02-M6_I2R1_N1024_e512_ONLINE_repeated/monitor_samples.jsonl,842792e59002cd84e97cf6326c61ec0affc191d32b84c99e13ddef422a1ad6fe,EXACT_BYTES; ARCHIVE_RESTORE
artifact/raw/B3-formal-v1/M6-S3-warmup-02-M6_I2R2_N1024_e512_COLD_packed/monitor_samples.jsonl,artifact/raw/B3-formal-v1/M6-S3-warmup-02-M6_I2R2_N1024_e512_COLD_packed/monitor_samples.jsonl,de4c93436ec44755c4051be46750e2778e3813a8cb61630a0ca2d313339c024c,EXACT_BYTES; ARCHIVE_RESTORE
artifact/raw/B3-formal-v1/M6-S3-warmup-02-M6_I2R2_N1024_e512_COLD_repeated/monitor_samples.jsonl,artifact/raw/B3-formal-v1/M6-S3-warmup-02-M6_I2R2_N1024_e512_COLD_repeated/monitor_samples.jsonl,12acc498a7c431385a2e401bbb1c1984162184d601dd192ae00db723b1c69ab8,EXACT_BYTES; ARCHIVE_RESTORE
artifact/raw/B3-formal-v1/M6-S3-warmup-02-M6_I2R2_N1024_e512_ONLINE_packed/monitor_samples.jsonl,artifact/raw/B3-formal-v1/M6-S3-warmup-02-M6_I2R2_N1024_e512_ONLINE_packed/monitor_samples.jsonl,c36cc41a04064857c575336be2db77ab1093a67d40f459b27be8f11c505575fa,EXACT_BYTES; ARCHIVE_RESTORE
artifact/raw/B3-formal-v1/M6-S3-warmup-02-M6_I2R2_N1024_e512_ONLINE_repeated/monitor_samples.jsonl,artifact/raw/B3-formal-v1/M6-S3-warmup-02-M6_I2R2_N1024_e512_ONLINE_repeated/monitor_samples.jsonl,1ba9995e2594e90cb3455d0729a564b3a93eb91ae27d104870455839c44bb5d5,EXACT_BYTES; ARCHIVE_RESTORE
artifact/raw/B3-formal-v1/M6-S3-warmup-03-M6_I1R1_N1024_e512_COLD_packed/monitor_samples.jsonl,artifact/raw/B3-formal-v1/M6-S3-warmup-03-M6_I1R1_N1024_e512_COLD_packed/monitor_samples.jsonl,308f652bbb679b6b72cf5c0da3250240d6897259764b18de1940f0c16e51bcd1,EXACT_BYTES; ARCHIVE_RESTORE
artifact/raw/B3-formal-v1/M6-S3-warmup-03-M6_I1R1_N1024_e512_COLD_repeated/monitor_samples.jsonl,artifact/raw/B3-formal-v1/M6-S3-warmup-03-M6_I1R1_N1024_e512_COLD_repeated/monitor_samples.jsonl,52b21ac4c55c1567b0c19b80151fefc1ffcdcf77bb27239a63fda8d92f22558f,EXACT_BYTES; ARCHIVE_RESTORE
artifact/raw/B3-formal-v1/M6-S3-warmup-03-M6_I1R1_N1024_e512_ONLINE_packed/monitor_samples.jsonl,artifact/raw/B3-formal-v1/M6-S3-warmup-03-M6_I1R1_N1024_e512_ONLINE_packed/monitor_samples.jsonl,6bd1876f0aa702c5ec101f8505169aa978a56f4e058a016348dc9718b5d9c91c,EXACT_BYTES; ARCHIVE_RESTORE
artifact/raw/B3-formal-v1/M6-S3-warmup-03-M6_I1R1_N1024_e512_ONLINE_repeated/monitor_samples.jsonl,artifact/raw/B3-formal-v1/M6-S3-warmup-03-M6_I1R1_N1024_e512_ONLINE_repeated/monitor_samples.jsonl,2a11b3cbdc5e794dc9a99381ddf308381fe2723a95c74cff57e3aefc0ebe1b50,EXACT_BYTES; ARCHIVE_RESTORE
artifact/raw/B3-formal-v1/M6-S3-warmup-03-M6_I1R2_N1024_e512_COLD_packed/monitor_samples.jsonl,artifact/raw/B3-formal-v1/M6-S3-warmup-03-M6_I1R2_N1024_e512_COLD_packed/monitor_samples.jsonl,c2d0ea354dd596b86ac4dd76f5555c79b98a6ea13fbd718326ceaa3e8d096a03,EXACT_BYTES; ARCHIVE_RESTORE
artifact/raw/B3-formal-v1/M6-S3-warmup-03-M6_I1R2_N1024_e512_COLD_repeated/monitor_samples.jsonl,artifact/raw/B3-formal-v1/M6-S3-warmup-03-M6_I1R2_N1024_e512_COLD_repeated/monitor_samples.jsonl,0b2693b8362c838e94f65e2da1de2442bc7942ddc5911d663f857ae067e7f00c,EXACT_BYTES; ARCHIVE_RESTORE
artifact/raw/B3-formal-v1/M6-S3-warmup-03-M6_I1R2_N1024_e512_ONLINE_packed/monitor_samples.jsonl,artifact/raw/B3-formal-v1/M6-S3-warmup-03-M6_I1R2_N1024_e512_ONLINE_packed/monitor_samples.jsonl,afaab358418306e923d95064a35a9e0fda9f87a0696abd38fe8e2e0eade08e23,EXACT_BYTES; ARCHIVE_RESTORE
artifact/raw/B3-formal-v1/M6-S3-warmup-03-M6_I1R2_N1024_e512_ONLINE_repeated/monitor_samples.jsonl,artifact/raw/B3-formal-v1/M6-S3-warmup-03-M6_I1R2_N1024_e512_ONLINE_repeated/monitor_samples.jsonl,8fee5231677bec6621070638a77c4dfb04e6087ec77c5c50df73d6715df491d3,EXACT_BYTES; ARCHIVE_RESTORE
artifact/raw/B3-formal-v1/M6-S3-warmup-03-M6_I2R1_N1024_e512_COLD_packed/monitor_samples.jsonl,artifact/raw/B3-formal-v1/M6-S3-warmup-03-M6_I2R1_N1024_e512_COLD_packed/monitor_samples.jsonl,cd0fd219a7abdddab4fb0041e02faeb6f6013bf4bee54d293a17e04bf1d93ce1,EXACT_BYTES; ARCHIVE_RESTORE
artifact/raw/B3-formal-v1/M6-S3-warmup-03-M6_I2R1_N1024_e512_COLD_repeated/monitor_samples.jsonl,artifact/raw/B3-formal-v1/M6-S3-warmup-03-M6_I2R1_N1024_e512_COLD_repeated/monitor_samples.jsonl,a5dec3c73c778e97872b6fbe343cb9de58fc76d751e8af470cc5a27d2b775b9e,EXACT_BYTES; ARCHIVE_RESTORE
artifact/raw/B3-formal-v1/M6-S3-warmup-03-M6_I2R1_N1024_e512_ONLINE_packed/monitor_samples.jsonl,artifact/raw/B3-formal-v1/M6-S3-warmup-03-M6_I2R1_N1024_e512_ONLINE_packed/monitor_samples.jsonl,55bcec0fe6179393cb88aa0ba16506ce806676dc272513b7bd855d33ca66e73c,EXACT_BYTES; ARCHIVE_RESTORE
artifact/raw/B3-formal-v1/M6-S3-warmup-03-M6_I2R1_N1024_e512_ONLINE_repeated/monitor_samples.jsonl,artifact/raw/B3-formal-v1/M6-S3-warmup-03-M6_I2R1_N1024_e512_ONLINE_repeated/monitor_samples.jsonl,4caf5ab6fc358aec6e6cd0f977369ba654fce7c12e293de103dc6225424fc02d,EXACT_BYTES; ARCHIVE_RESTORE
artifact/raw/B3-formal-v1/M6-S3-warmup-03-M6_I2R2_N1024_e512_COLD_packed/monitor_samples.jsonl,artifact/raw/B3-formal-v1/M6-S3-warmup-03-M6_I2R2_N1024_e512_COLD_packed/monitor_samples.jsonl,843188a03fc6507e50f09b52fc48da342eb6da4423ee9b1a41ec2a4adb24e742,EXACT_BYTES; ARCHIVE_RESTORE
artifact/raw/B3-formal-v1/M6-S3-warmup-03-M6_I2R2_N1024_e512_COLD_repeated/monitor_samples.jsonl,artifact/raw/B3-formal-v1/M6-S3-warmup-03-M6_I2R2_N1024_e512_COLD_repeated/monitor_samples.jsonl,8026166b58eceaf633b3f3a4efef6f1384362d715e3261f496d848cee98b8782,EXACT_BYTES; ARCHIVE_RESTORE
artifact/raw/B3-formal-v1/M6-S3-warmup-03-M6_I2R2_N1024_e512_ONLINE_packed/monitor_samples.jsonl,artifact/raw/B3-formal-v1/M6-S3-warmup-03-M6_I2R2_N1024_e512_ONLINE_packed/monitor_samples.jsonl,910ac6cda8c2b845735e927e72fb474f9f58a012cb40d9967ced086679b01382,EXACT_BYTES; ARCHIVE_RESTORE
artifact/raw/B3-formal-v1/M6-S3-warmup-03-M6_I2R2_N1024_e512_ONLINE_repeated/monitor_samples.jsonl,artifact/raw/B3-formal-v1/M6-S3-warmup-03-M6_I2R2_N1024_e512_ONLINE_repeated/monitor_samples.jsonl,a9fe393fd73fcb887a58f5a2275c9303f6d4588d8d506b8d1c1e06180905e91d,EXACT_BYTES; ARCHIVE_RESTORE
artifact/raw/B3-formal-v1/attempts.jsonl,artifact/raw/B3-formal-v1/attempts.jsonl,10c73415cd585ce7b4709a3ff5ff3ef415fd54fcefd44c7f541e228bd988d287,EXACT_BYTES; ARCHIVE_RESTORE
artifact/raw/B3-formal-v1/config_snapshot.json,artifact/raw/B3-formal-v1/config_snapshot.json,c01a2a4294c2332aaff25231e2ed73c7956187ba3df36674ab0f8548d44b7198,EXACT_BYTES; ARCHIVE_RESTORE
artifact/raw/B3-formal-v1/events.jsonl,artifact/raw/B3-formal-v1/events.jsonl,f1580663ec9b1877999c7a951b4e155a8a3ab5de291e9bcfdd1a9bb5ed3dbd41,EXACT_BYTES; ARCHIVE_RESTORE
artifact/raw/B3-formal-v1/frozen_verification_end.json,artifact/raw/B3-formal-v1/frozen_verification_end.json,95306ba1b99416d3b6d470d7adcdeeb0e9e4f2aceb14122a3e1737ebfeae3d50,EXACT_BYTES; ARCHIVE_RESTORE
artifact/raw/B3-formal-v1/host_end.json,artifact/raw/B3-formal-v1/host_end.json,19f13e89011853b615cd85926b55f28b3ec4840d034f0e837cfcbaba8155bf6e,EXACT_BYTES; ARCHIVE_RESTORE
artifact/raw/B3-formal-v1/host_session_M5_M5-S1.json,artifact/raw/B3-formal-v1/host_session_M5_M5-S1.json,6f30bf6ba871cd09d89e679e246fc4bf1ab8f8c44f1cb8d39ee5a25019176fa4,EXACT_BYTES; ARCHIVE_RESTORE
artifact/raw/B3-formal-v1/host_session_M5_M5-S2.json,artifact/raw/B3-formal-v1/host_session_M5_M5-S2.json,cc358dd738a35a50a6fe70accbabf13c2a5edfffe7c7486f2053bd40935053e5,EXACT_BYTES; ARCHIVE_RESTORE
artifact/raw/B3-formal-v1/host_session_M5_M5-S3.json,artifact/raw/B3-formal-v1/host_session_M5_M5-S3.json,d28d9ab9da847fecc7607f47b1a294eb584b714c89dd45c6f1feabbe4d5afa00,EXACT_BYTES; ARCHIVE_RESTORE
artifact/raw/B3-formal-v1/host_session_M6_M6-S1.json,artifact/raw/B3-formal-v1/host_session_M6_M6-S1.json,da4ae69d51892e19af542741217b7e7293463a04debfacd04e850c454c1e3c96,EXACT_BYTES; ARCHIVE_RESTORE
artifact/raw/B3-formal-v1/host_session_M6_M6-S2.json,artifact/raw/B3-formal-v1/host_session_M6_M6-S2.json,05439d66164e2d302854db3e81f5268c9e446a7bf783294eb417d23e17e7579b,EXACT_BYTES; ARCHIVE_RESTORE
artifact/raw/B3-formal-v1/host_session_M6_M6-S3.json,artifact/raw/B3-formal-v1/host_session_M6_M6-S3.json,dca848a28199a4fea99d0c87507d7613c1d1ecba05a0dcc4d0ce0c60523a301a,EXACT_BYTES; ARCHIVE_RESTORE
artifact/raw/B3-formal-v1/host_start.json,artifact/raw/B3-formal-v1/host_start.json,0d0eddbaf8bb9c4778be5a060f8ecfca12ea2f68e083122564b9172bb1fd8671,EXACT_BYTES; ARCHIVE_RESTORE
artifact/raw/B3-formal-v1/integrity_session_M5_M5-S1.json,artifact/raw/B3-formal-v1/integrity_session_M5_M5-S1.json,650a2b58c57c4d312f9a9d09150e9b5e3f31de9fa42898a1b194671a7e87acff,EXACT_BYTES; ARCHIVE_RESTORE
artifact/raw/B3-formal-v1/integrity_session_M5_M5-S2.json,artifact/raw/B3-formal-v1/integrity_session_M5_M5-S2.json,fdc79e754396d612465106ae3294e57d42937b19dc62507954484cde472fbce7,EXACT_BYTES; ARCHIVE_RESTORE
artifact/raw/B3-formal-v1/integrity_session_M5_M5-S3.json,artifact/raw/B3-formal-v1/integrity_session_M5_M5-S3.json,c8c77ab448dc11538bbb4a25f48f4544da98d0aa1da2bfaa06ae8f2922b3bff6,EXACT_BYTES; ARCHIVE_RESTORE
artifact/raw/B3-formal-v1/integrity_session_M6_M6-S1.json,artifact/raw/B3-formal-v1/integrity_session_M6_M6-S1.json,f59d340f473ab95120a1fe7858ce8bcab889529ce059c66f934d90771e8fb500,EXACT_BYTES; ARCHIVE_RESTORE
artifact/raw/B3-formal-v1/integrity_session_M6_M6-S2.json,artifact/raw/B3-formal-v1/integrity_session_M6_M6-S2.json,0ecb59be8b3ad092e44494cc522099b51e085718a889c10c8fdeac207b8f3d63,EXACT_BYTES; ARCHIVE_RESTORE
artifact/raw/B3-formal-v1/integrity_session_M6_M6-S3.json,artifact/raw/B3-formal-v1/integrity_session_M6_M6-S3.json,64c327e6a23966125c0696bd39b27b1cd43e9c2b8613ae1d4d0275f2c5d5b548,EXACT_BYTES; ARCHIVE_RESTORE
artifact/raw/B3-formal-v1/release_validation.json,artifact/raw/B3-formal-v1/release_validation.json,6fd9ddfb221483c49601680493904f3534ad126a3edd8f9486e27678f9ab54ba,EXACT_BYTES; ARCHIVE_RESTORE
artifact/raw/B3-formal-v1/run_summary.json,artifact/raw/B3-formal-v1/run_summary.json,bcf3f357be9c9a02fda599ce5e3a1fe93e9f55c846e7613d75e2d50ed824619a,EXACT_BYTES; ARCHIVE_RESTORE
artifact/raw/B3-formal-v1/task_rows.jsonl,artifact/raw/B3-formal-v1/task_rows.jsonl,97589d45aae5218b26ce097184bf6230537b76f3fa17ab2e6a833aada3bba1c5,EXACT_BYTES; ARCHIVE_RESTORE
artifact/raw/B3-formal-v1/worker_rows.jsonl,artifact/raw/B3-formal-v1/worker_rows.jsonl,a473920c07dee1677fb793ed96715b3298c0a87e1c31cecfaebf15f0a39bb11a,EXACT_BYTES; ARCHIVE_RESTORE
artifact/results/B3_descriptive_v1/B3_cells.csv,artifact/results/B3_descriptive_v1/B3_cells.csv,55cf45578eaf8c99f62f861fb5ce5bb08069e8a242e66115d43b4c041c3e0d01,EXACT_BYTES; ARCHIVE_RESTORE
artifact/results/accounting/correctness_screens.json,artifact/results/accounting/correctness_screens.json,acde1f975987ac7b1deb4be37d7ffdec1578d91cd751886f89f36a19136e07a5,EXACT_BYTES; ARCHIVE_RESTORE
artifact/results/accounting/full_grid.csv,artifact/results/accounting/full_grid.csv,4e1252bf537e9d004e6e322464b38c2de72df71a8760e1c6a207eff7230e5984,EXACT_BYTES; ARCHIVE_RESTORE
artifact/results/accounting/generation_manifest.json,artifact/results/accounting/generation_manifest.json,3c4fb8aa3a8aa29ffcaff730849e51fe6bbf2b961646cf46d52d6429ea94d545,EXACT_BYTES; ARCHIVE_RESTORE
artifact/results/accounting/validation_log.json,artifact/results/accounting/validation_log.json,2d05a0fc5ea51b607e5a1854f4a0c331253279eff5c15ba68cd201190886aa52,EXACT_BYTES; ARCHIVE_RESTORE
artifact/results/historical_replay_verified/exact_comparisons.json,artifact/results/historical_replay_verified/exact_comparisons.json,1ac0f40f93fa1bafb58406e3032cbf9b55eac6e903c4b8588a0cf818a22d563b,EXACT_BYTES; ARCHIVE_RESTORE
artifact/results/historical_replay_verified/input_index.json,artifact/results/historical_replay_verified/input_index.json,096e5fc460cd92cf0b797fbddbabe818c241d2f0387cfa46546658ba88294910,EXACT_BYTES; ARCHIVE_RESTORE
artifact/results/historical_replay_verified/status.json,artifact/results/historical_replay_verified/status.json,c1eb8a419dbe9d9f39eb6a0ec04fceb5d1384726ceb8d08677d057567f26ffdd,EXACT_BYTES; ARCHIVE_RESTORE
artifact/results/native_validation/full-v1/0000/worker0.result.json,artifact/results/native_validation/full-v1/0000/worker0.result.json,ca0ec20801df5a7063926972e587967a29f6f13c9f47fdbe556241875538a92d,EXACT_BYTES; ARCHIVE_RESTORE
artifact/results/native_validation/full-v1/0001/worker0.result.json,artifact/results/native_validation/full-v1/0001/worker0.result.json,aa495dc3dfc5cf03f4620dfe5ac7b0d79a94ad6d94a95a6c2202be1a413f3a1e,EXACT_BYTES; ARCHIVE_RESTORE
artifact/results/native_validation/full-v1/0001/worker1.result.json,artifact/results/native_validation/full-v1/0001/worker1.result.json,7d6151d0c765917c38d64ea94e3a59663104d16478db411be94f825363b58c70,EXACT_BYTES; ARCHIVE_RESTORE
artifact/results/native_validation/full-v1/0002/worker0.result.json,artifact/results/native_validation/full-v1/0002/worker0.result.json,c57809227a2ce5e209b1a3f69c5c7869c0b3791d7ffb6ae7c9438a2b6aebb5fd,EXACT_BYTES; ARCHIVE_RESTORE
artifact/results/native_validation/full-v1/0003/worker0.result.json,artifact/results/native_validation/full-v1/0003/worker0.result.json,c8b59e5d2c0cff49d1d315db23532b8a51c203463481c0380f86da30b7204a16,EXACT_BYTES; ARCHIVE_RESTORE
artifact/results/native_validation/full-v1/0003/worker1.result.json,artifact/results/native_validation/full-v1/0003/worker1.result.json,07349eb44eb13c22b2e06e2bf69256e518ced787aef354d37d8e623893d3a1c8,EXACT_BYTES; ARCHIVE_RESTORE
artifact/results/native_validation/full-v1/0004/worker0.result.json,artifact/results/native_validation/full-v1/0004/worker0.result.json,478aca4dfb314750582bcbcafba7f343ffa679b97f418768f25f3bae78d66e59,EXACT_BYTES; ARCHIVE_RESTORE
artifact/results/native_validation/full-v1/0005/worker0.result.json,artifact/results/native_validation/full-v1/0005/worker0.result.json,bfbc9922ec317ac938be56422f938e1bca9e62559bc783e1b91b64e2b138ad7d,EXACT_BYTES; ARCHIVE_RESTORE
artifact/results/native_validation/full-v1/0005/worker1.result.json,artifact/results/native_validation/full-v1/0005/worker1.result.json,c610d5d8ae6a9e56af64ab8ced04593363a08004e1a7c65307cb5f4f515793a0,EXACT_BYTES; ARCHIVE_RESTORE
artifact/results/native_validation/full-v1/0006/worker0.result.json,artifact/results/native_validation/full-v1/0006/worker0.result.json,db5d285d40fa7d72c5571669005332800531d2eead57640fa7b1d408eb2eae19,EXACT_BYTES; ARCHIVE_RESTORE
artifact/results/native_validation/full-v1/0007/worker0.result.json,artifact/results/native_validation/full-v1/0007/worker0.result.json,063fe0ab0ac64771affa3258f61cf58eed442ea41bcd23350fc8f89367e86bd7,EXACT_BYTES; ARCHIVE_RESTORE
artifact/results/native_validation/full-v1/0007/worker1.result.json,artifact/results/native_validation/full-v1/0007/worker1.result.json,b9185df65daa7c370d5c1de27ddfcaf49e80afa00f2632d466cdce89061d5040,EXACT_BYTES; ARCHIVE_RESTORE
artifact/results/native_validation/full-v1/0008/worker0.result.json,artifact/results/native_validation/full-v1/0008/worker0.result.json,1238c5f2c0b9ca44d2de0a0f3f4ad951cc79341851cc38ba7fa1f4dda168cc6b,EXACT_BYTES; ARCHIVE_RESTORE
artifact/results/native_validation/full-v1/0009/worker0.result.json,artifact/results/native_validation/full-v1/0009/worker0.result.json,25e26bb7cb62dd1c1c63aa3b45d27b6a44142974a5b3d12ae83e999321858044,EXACT_BYTES; ARCHIVE_RESTORE
artifact/results/native_validation/full-v1/0009/worker1.result.json,artifact/results/native_validation/full-v1/0009/worker1.result.json,383e437bde1fcec4baeeece278e0eca3a1d3e88bad8e5b88b8c0080f55143a84,EXACT_BYTES; ARCHIVE_RESTORE
artifact/results/native_validation/full-v1/0010/worker0.result.json,artifact/results/native_validation/full-v1/0010/worker0.result.json,306b284dbca13a5deb6aa17684656866289c42c90f976d6246c2cada8ce40c14,EXACT_BYTES; ARCHIVE_RESTORE
artifact/results/native_validation/full-v1/0011/worker0.result.json,artifact/results/native_validation/full-v1/0011/worker0.result.json,8e771fbb0d57982dabd73eba0968ec1e014f153ca94654f30e2174d4a0b19e41,EXACT_BYTES; ARCHIVE_RESTORE
artifact/results/native_validation/full-v1/0011/worker1.result.json,artifact/results/native_validation/full-v1/0011/worker1.result.json,f6ae04bbba74069a4d118b75f318e8850bcdd140ff7b9b7a17bc3f3a3958701a,EXACT_BYTES; ARCHIVE_RESTORE
artifact/results/native_validation/full-v1/0012/worker0.result.json,artifact/results/native_validation/full-v1/0012/worker0.result.json,a244f0254db796521cfdc71e208d236227d596c5faf90eac5e437049ede58a8b,EXACT_BYTES; ARCHIVE_RESTORE
artifact/results/native_validation/full-v1/0013/worker0.result.json,artifact/results/native_validation/full-v1/0013/worker0.result.json,bbf60ec77b08f64fc40f64223225b754cb0e9f32216879efc93447ce86fdf7a3,EXACT_BYTES; ARCHIVE_RESTORE
artifact/results/native_validation/full-v1/0013/worker1.result.json,artifact/results/native_validation/full-v1/0013/worker1.result.json,d0b319d017b5450be032534b75e6d324a6b7d274966527923488643150642288,EXACT_BYTES; ARCHIVE_RESTORE
artifact/results/native_validation/full-v1/0014/worker0.result.json,artifact/results/native_validation/full-v1/0014/worker0.result.json,4780dd51e29a7da0aeb36bdb2775baf1d38f8110e21b526fb9e7a9ba2f2fdf6b,EXACT_BYTES; ARCHIVE_RESTORE
artifact/results/native_validation/full-v1/0015/worker0.result.json,artifact/results/native_validation/full-v1/0015/worker0.result.json,ebe8453617e468eacb8900ad45583848aef9c5fd2b3bb2adfb315f95d25bac3b,EXACT_BYTES; ARCHIVE_RESTORE
artifact/results/native_validation/full-v1/0015/worker1.result.json,artifact/results/native_validation/full-v1/0015/worker1.result.json,89dd33a20e9519e43d1e9e40af818c48d22842c08b74c94f16b523cadc247912,EXACT_BYTES; ARCHIVE_RESTORE
artifact/results/native_validation/full-v1/0016/worker0.result.json,artifact/results/native_validation/full-v1/0016/worker0.result.json,f3a6562024043453256feec8090de90ffed6b58e0bca7e851992c62a57a58fa0,EXACT_BYTES; ARCHIVE_RESTORE
artifact/results/native_validation/full-v1/0017/worker0.result.json,artifact/results/native_validation/full-v1/0017/worker0.result.json,56c3c31fc3e9988a57742e3c545747b586f083b04a30abdc210298ac4eeacb0c,EXACT_BYTES; ARCHIVE_RESTORE
artifact/results/native_validation/full-v1/0017/worker1.result.json,artifact/results/native_validation/full-v1/0017/worker1.result.json,78ceba3faa6705839959b036562a65f801fb0b7ba1ddeb290384cec5b1f7668b,EXACT_BYTES; ARCHIVE_RESTORE
artifact/results/native_validation/full-v1/0018/worker0.result.json,artifact/results/native_validation/full-v1/0018/worker0.result.json,f1bc582b6d4d19ecae1efcc71d44dcf2aec99d0bf952cd0bc73f27dcd1f1baeb,EXACT_BYTES; ARCHIVE_RESTORE
artifact/results/native_validation/full-v1/0019/worker0.result.json,artifact/results/native_validation/full-v1/0019/worker0.result.json,8a2558308238726b0711796b8d9cec995e08a1c127ac98199f7abd2f783c527c,EXACT_BYTES; ARCHIVE_RESTORE
artifact/results/native_validation/full-v1/0019/worker1.result.json,artifact/results/native_validation/full-v1/0019/worker1.result.json,f365295abaf11734286d3f6a9837b72be928cdcf46bee31c5c334a66536c8447,EXACT_BYTES; ARCHIVE_RESTORE
artifact/results/native_validation/full-v1/0020/worker0.result.json,artifact/results/native_validation/full-v1/0020/worker0.result.json,57329915a9c8a33369bee7046d0d82c926d46318e2de1776457c22147900b0e7,EXACT_BYTES; ARCHIVE_RESTORE
artifact/results/native_validation/full-v1/0021/worker0.result.json,artifact/results/native_validation/full-v1/0021/worker0.result.json,eb74bd44dc0d15f7aeb8146f03094505d7b139d1588cb7714d1e0d430f95bd1f,EXACT_BYTES; ARCHIVE_RESTORE
artifact/results/native_validation/full-v1/0021/worker1.result.json,artifact/results/native_validation/full-v1/0021/worker1.result.json,c2ab56c76c77ce71a01889c86106d4c72a31789090209a6731253fc0fa856de3,EXACT_BYTES; ARCHIVE_RESTORE
artifact/results/native_validation/full-v1/0022/worker0.result.json,artifact/results/native_validation/full-v1/0022/worker0.result.json,e9343b41357813796ff5cbcc40b484ac027733a176bec115250a48e0bea98f88,EXACT_BYTES; ARCHIVE_RESTORE
artifact/results/native_validation/full-v1/0023/worker0.result.json,artifact/results/native_validation/full-v1/0023/worker0.result.json,fe5174959b3e2601db26cc3b2b0df269d96bb85b7b4e249375b69d00095189b6,EXACT_BYTES; ARCHIVE_RESTORE
artifact/results/native_validation/full-v1/0023/worker1.result.json,artifact/results/native_validation/full-v1/0023/worker1.result.json,ce8f5babd05b97d0fefa8e14cea20fea0df2c584911fc1370c226e132aa0077e,EXACT_BYTES; ARCHIVE_RESTORE
artifact/results/native_validation/full-v1/0024/worker0.result.json,artifact/results/native_validation/full-v1/0024/worker0.result.json,c1fce1c0b18fa7a3684562d8db9a173bd710d30f42baf9d5a54b158888a29762,EXACT_BYTES; ARCHIVE_RESTORE
artifact/results/native_validation/full-v1/0025/worker0.result.json,artifact/results/native_validation/full-v1/0025/worker0.result.json,670e77e2ab2ed7557ab308ebdfc7463b037e5bf5e72815333331cbe66cdf5489,EXACT_BYTES; ARCHIVE_RESTORE
artifact/results/native_validation/full-v1/0025/worker1.result.json,artifact/results/native_validation/full-v1/0025/worker1.result.json,7f7dc39e42a2100843a3008bd656940f8d30e1bb2c350e83842549c660cb62bf,EXACT_BYTES; ARCHIVE_RESTORE
artifact/results/native_validation/full-v1/0026/worker0.result.json,artifact/results/native_validation/full-v1/0026/worker0.result.json,7639529ed4a85c623e86a6249c6daadf2a02d0ed8a40325ae421d25418fdb9d6,EXACT_BYTES; ARCHIVE_RESTORE
artifact/results/native_validation/full-v1/0027/worker0.result.json,artifact/results/native_validation/full-v1/0027/worker0.result.json,9a1063988bce5a70e9f80501fdcb367cfe2373626dcff9cd243cdc6a89253445,EXACT_BYTES; ARCHIVE_RESTORE
artifact/results/native_validation/full-v1/0027/worker1.result.json,artifact/results/native_validation/full-v1/0027/worker1.result.json,ed650b1cdb230b5f62796032402990a7f1217deaa1c468456f534a03f0d2dfbd,EXACT_BYTES; ARCHIVE_RESTORE
artifact/results/native_validation/full-v1/0028/worker0.result.json,artifact/results/native_validation/full-v1/0028/worker0.result.json,2ad402ceb81845477e60241116000d58e0efd39c183109decef2eec5ea70c65d,EXACT_BYTES; ARCHIVE_RESTORE
artifact/results/native_validation/full-v1/0029/worker0.result.json,artifact/results/native_validation/full-v1/0029/worker0.result.json,7703075e1f75ac4c3c1e16903774bbce4d61e2619626ef6f7c00055e26ca8c67,EXACT_BYTES; ARCHIVE_RESTORE
artifact/results/native_validation/full-v1/0029/worker1.result.json,artifact/results/native_validation/full-v1/0029/worker1.result.json,4815b9ea460fe8f5a54c20e74348eb824f11fbb1b5e456a8d64baaf0c13a1c76,EXACT_BYTES; ARCHIVE_RESTORE
artifact/results/native_validation/full-v1/0030/worker0.result.json,artifact/results/native_validation/full-v1/0030/worker0.result.json,6529354e13a824bb798895334ed542772ac7019ae1b65a658af8dd85aadbf142,EXACT_BYTES; ARCHIVE_RESTORE
artifact/results/native_validation/full-v1/0031/worker0.result.json,artifact/results/native_validation/full-v1/0031/worker0.result.json,eab6679ebf1b985b6cde9c38edcbf050ea5981971d40644e20f8e57c1130769c,EXACT_BYTES; ARCHIVE_RESTORE
artifact/results/native_validation/full-v1/0031/worker1.result.json,artifact/results/native_validation/full-v1/0031/worker1.result.json,ede1a44ddae25fffbe12b6e324ccb13c00c7c52e42e7e258e191a7b9e5731073,EXACT_BYTES; ARCHIVE_RESTORE
artifact/results/native_validation/full-v1/0032/worker0.result.json,artifact/results/native_validation/full-v1/0032/worker0.result.json,bd350e855df6ff39c55c985dc926ec8607937d6cb13ebccded4262d7d09d6056,EXACT_BYTES; ARCHIVE_RESTORE
artifact/results/native_validation/full-v1/0033/worker0.result.json,artifact/results/native_validation/full-v1/0033/worker0.result.json,6df224d07aa4515a44d41b775eb14bf43c55f8f95670096d6116915adee726b0,EXACT_BYTES; ARCHIVE_RESTORE
artifact/results/native_validation/full-v1/0033/worker1.result.json,artifact/results/native_validation/full-v1/0033/worker1.result.json,1091528361ca9af502bffee04958e4410fdefb0a76241a4230a6f97fe11cf18f,EXACT_BYTES; ARCHIVE_RESTORE
artifact/results/native_validation/full-v1/0034/worker0.result.json,artifact/results/native_validation/full-v1/0034/worker0.result.json,898be937710aec6de40f33b5be6d9e53916fb94d7639499b1cb4f90ed093600b,EXACT_BYTES; ARCHIVE_RESTORE
artifact/results/native_validation/full-v1/0035/worker0.result.json,artifact/results/native_validation/full-v1/0035/worker0.result.json,bfe2733668a5d2c2c4bb45188fb2db15fd537302a6040427093622f00e803120,EXACT_BYTES; ARCHIVE_RESTORE
artifact/results/native_validation/full-v1/0035/worker1.result.json,artifact/results/native_validation/full-v1/0035/worker1.result.json,7783de7e17bf7305f960ea6ff71939f6fbbfbffcacd5618950a6696485caf4c5,EXACT_BYTES; ARCHIVE_RESTORE
artifact/results/native_validation/full-v1/0036/worker0.result.json,artifact/results/native_validation/full-v1/0036/worker0.result.json,28e1f4f2b86359828d3b13156820c8e37763c295f6c36d4d7d68901fc14a30ad,EXACT_BYTES; ARCHIVE_RESTORE
artifact/results/native_validation/full-v1/0037/worker0.result.json,artifact/results/native_validation/full-v1/0037/worker0.result.json,0bff4e46c22229b76c06fdc6b0f7b86dd65b59947b64d1366c39f3a74b396149,EXACT_BYTES; ARCHIVE_RESTORE
artifact/results/native_validation/full-v1/0037/worker1.result.json,artifact/results/native_validation/full-v1/0037/worker1.result.json,13ec6df9f8f216aecc1ad6296397b7de09aba603a6b133264baa8bcb6a3aee15,EXACT_BYTES; ARCHIVE_RESTORE
artifact/results/native_validation/full-v1/0038/worker0.result.json,artifact/results/native_validation/full-v1/0038/worker0.result.json,0fe875554bff5941a7a680e7cecb80bad08f4160e322e1d9ae7576f0e84d3038,EXACT_BYTES; ARCHIVE_RESTORE
artifact/results/native_validation/full-v1/0039/worker0.result.json,artifact/results/native_validation/full-v1/0039/worker0.result.json,21e02441a839cb2ff2edf284f1a4a327ef3e1eb0c2db9c5fea41d8979099b463,EXACT_BYTES; ARCHIVE_RESTORE
artifact/results/native_validation/full-v1/0039/worker1.result.json,artifact/results/native_validation/full-v1/0039/worker1.result.json,24bf482382bdc02a053da084dfe584d6a7f54b5bc1f4a48a0c6e0cc817174be1,EXACT_BYTES; ARCHIVE_RESTORE
artifact/results/native_validation/full-v1/0040/worker0.result.json,artifact/results/native_validation/full-v1/0040/worker0.result.json,acd758d572eebb58deea2e1443aa61fbdad5da8b2f1259fa6c4d0bee6ded9156,EXACT_BYTES; ARCHIVE_RESTORE
artifact/results/native_validation/full-v1/0041/worker0.result.json,artifact/results/native_validation/full-v1/0041/worker0.result.json,ddcb42248c0807da6838dfc9b5c538eba41cf0e9f534b10a949a351f25818990,EXACT_BYTES; ARCHIVE_RESTORE
artifact/results/native_validation/full-v1/0041/worker1.result.json,artifact/results/native_validation/full-v1/0041/worker1.result.json,a53168cc7c85d7f9929c93736e6fae76b22cf4b83d4a57c8efb957c61b76e976,EXACT_BYTES; ARCHIVE_RESTORE
artifact/results/native_validation/full-v1/0042/worker0.result.json,artifact/results/native_validation/full-v1/0042/worker0.result.json,23bd1a8eef91ab224be8945495d8657cbfb0672d42fe7314595721fee05df6a2,EXACT_BYTES; ARCHIVE_RESTORE
artifact/results/native_validation/full-v1/0043/worker0.result.json,artifact/results/native_validation/full-v1/0043/worker0.result.json,7312b39e657658ab59541069540e86d42ae107ceab850d7601ddf2fa537c922c,EXACT_BYTES; ARCHIVE_RESTORE
artifact/results/native_validation/full-v1/0043/worker1.result.json,artifact/results/native_validation/full-v1/0043/worker1.result.json,2576ddd192e1b62dec00f395861a72ecc1c36df9f26fd340288f3b449b1f9f07,EXACT_BYTES; ARCHIVE_RESTORE
artifact/results/native_validation/full-v1/0044/worker0.result.json,artifact/results/native_validation/full-v1/0044/worker0.result.json,437673dc22a9392087ff346a47ac31d3ab1580d2d414817aef47a7b015a97eac,EXACT_BYTES; ARCHIVE_RESTORE
artifact/results/native_validation/full-v1/0045/worker0.result.json,artifact/results/native_validation/full-v1/0045/worker0.result.json,aa0a06b0587169e28566e7626e673a21c46d362bba650942ce34abb71afb3bed,EXACT_BYTES; ARCHIVE_RESTORE
artifact/results/native_validation/full-v1/0045/worker1.result.json,artifact/results/native_validation/full-v1/0045/worker1.result.json,d6d359ede2f2d6c20653b6fa8360f38251c780275167eb2b465fae48f113d46c,EXACT_BYTES; ARCHIVE_RESTORE
artifact/results/native_validation/full-v1/0046/worker0.result.json,artifact/results/native_validation/full-v1/0046/worker0.result.json,e5848301c683e5002ff27a00ae4386b193dc8d75ede1dc6ccdfaab2471562e1f,EXACT_BYTES; ARCHIVE_RESTORE
artifact/results/native_validation/full-v1/0047/worker0.result.json,artifact/results/native_validation/full-v1/0047/worker0.result.json,c97e061977d04833106513936b2fdb42c3153bb8c0778efcb4da728b65fd0e7e,EXACT_BYTES; ARCHIVE_RESTORE
artifact/results/native_validation/full-v1/0047/worker1.result.json,artifact/results/native_validation/full-v1/0047/worker1.result.json,6b3707a66473d6b30e76cf046fb08366ad30f356b73cda16d9d836c4ae5043e3,EXACT_BYTES; ARCHIVE_RESTORE
artifact/results/native_validation/full-v1/0048/worker0.result.json,artifact/results/native_validation/full-v1/0048/worker0.result.json,374b1035bca1a86e2539edb35d841ab22dd3469462870be3ee6799f1f1608661,EXACT_BYTES; ARCHIVE_RESTORE
artifact/results/native_validation/full-v1/0049/worker0.result.json,artifact/results/native_validation/full-v1/0049/worker0.result.json,1b8ee8c22f64f4b3eaa2d2ab1b731680ea8e2231549ea933d563009399a0fe45,EXACT_BYTES; ARCHIVE_RESTORE
artifact/results/native_validation/full-v1/0049/worker1.result.json,artifact/results/native_validation/full-v1/0049/worker1.result.json,b91322a00930c96c78de0451bfdf01c4d587da72dd07750820a845a10c624ca5,EXACT_BYTES; ARCHIVE_RESTORE
artifact/results/native_validation/full-v1/0050/worker0.result.json,artifact/results/native_validation/full-v1/0050/worker0.result.json,627b370c4c2988fed3192c07239466191a9bef2106ac5629624dd9d98540145a,EXACT_BYTES; ARCHIVE_RESTORE
artifact/results/native_validation/full-v1/0051/worker0.result.json,artifact/results/native_validation/full-v1/0051/worker0.result.json,5060744c267cc8b4c3f93f482e1f762541ae71d78f9c9f2a82e2f9332c900f90,EXACT_BYTES; ARCHIVE_RESTORE
artifact/results/native_validation/full-v1/0051/worker1.result.json,artifact/results/native_validation/full-v1/0051/worker1.result.json,044d8f7b0141b91058f93df8f79f954a86f93c5298e945275437efd1512fa662,EXACT_BYTES; ARCHIVE_RESTORE
artifact/results/native_validation/full-v1/0052/worker0.result.json,artifact/results/native_validation/full-v1/0052/worker0.result.json,098268a967082abbe9a12a9ce6c1c1e032ac420652d5e56e969996ab676b9cfd,EXACT_BYTES; ARCHIVE_RESTORE
artifact/results/native_validation/full-v1/0053/worker0.result.json,artifact/results/native_validation/full-v1/0053/worker0.result.json,e12503a17a3a85ad5f9e1d8ea40d680f9e6b4fc98c0226c69c73d7722ecc0f7f,EXACT_BYTES; ARCHIVE_RESTORE
artifact/results/native_validation/full-v1/0053/worker1.result.json,artifact/results/native_validation/full-v1/0053/worker1.result.json,09cf3defd5b60e7a462609a7467be298e0c825427efcb882047bbdc2694e9866,EXACT_BYTES; ARCHIVE_RESTORE
artifact/results/native_validation/full-v1/0054/worker0.result.json,artifact/results/native_validation/full-v1/0054/worker0.result.json,6a34f4f74506b9cd7b6978c2d32a3726a01d7ee0b5927ccc4da7108517f7fa67,EXACT_BYTES; ARCHIVE_RESTORE
artifact/results/native_validation/full-v1/0055/worker0.result.json,artifact/results/native_validation/full-v1/0055/worker0.result.json,f3aeabc82a9ac529f18bde0d24c2f50e665e29de21f4f2bf410bceae606271b1,EXACT_BYTES; ARCHIVE_RESTORE
artifact/results/native_validation/full-v1/0055/worker1.result.json,artifact/results/native_validation/full-v1/0055/worker1.result.json,bfc68ddbba648a907cec8e5eb3d56b0af5ff476e91502564075d4fdfbc447d5f,EXACT_BYTES; ARCHIVE_RESTORE
artifact/results/native_validation/full-v1/0056/worker0.result.json,artifact/results/native_validation/full-v1/0056/worker0.result.json,1ad98ebe9490e206d050d4f47922b61693a21246997e868c28ee9dde3fd6eb8a,EXACT_BYTES; ARCHIVE_RESTORE
artifact/results/native_validation/full-v1/0057/worker0.result.json,artifact/results/native_validation/full-v1/0057/worker0.result.json,6b90caa42fe80fd474596115592f0c0d3d2600fd413099b50f5a488e67307dc4,EXACT_BYTES; ARCHIVE_RESTORE
artifact/results/native_validation/full-v1/0057/worker1.result.json,artifact/results/native_validation/full-v1/0057/worker1.result.json,99bf4d306b67ee41c07d7e1f7c97299e68924c23b38d6320042a3165367476a8,EXACT_BYTES; ARCHIVE_RESTORE
artifact/results/native_validation/full-v1/0058/worker0.result.json,artifact/results/native_validation/full-v1/0058/worker0.result.json,79d3bb45bbaf49397181abb49113ee81398f7773ba0b3506280de41201046302,EXACT_BYTES; ARCHIVE_RESTORE
artifact/results/native_validation/full-v1/0059/worker0.result.json,artifact/results/native_validation/full-v1/0059/worker0.result.json,fc683ffc05dfda3c0512594f2d5547e5e24f8917542689df08e03e9be39674eb,EXACT_BYTES; ARCHIVE_RESTORE
artifact/results/native_validation/full-v1/0059/worker1.result.json,artifact/results/native_validation/full-v1/0059/worker1.result.json,cd40427cddae4580b203cb7bde5a499e53a9ff918831954b6d1d2d52dc834e56,EXACT_BYTES; ARCHIVE_RESTORE
artifact/results/native_validation/full-v1/0060/worker0.result.json,artifact/results/native_validation/full-v1/0060/worker0.result.json,f30ac27ee50f10ea6784e69406a1baf86abdbb6bce500c56de721a20ccfa2c10,EXACT_BYTES; ARCHIVE_RESTORE
artifact/results/native_validation/full-v1/0061/worker0.result.json,artifact/results/native_validation/full-v1/0061/worker0.result.json,129cc96dc477906de73ea8193fb89ebfea8ae786119969c678c75c61a6664749,EXACT_BYTES; ARCHIVE_RESTORE
artifact/results/native_validation/full-v1/0061/worker1.result.json,artifact/results/native_validation/full-v1/0061/worker1.result.json,0fa92edf05f6ebf69c2637fff018d620d53a23614bf15649ad280ef5fc86410b,EXACT_BYTES; ARCHIVE_RESTORE
artifact/results/native_validation/full-v1/0062/worker0.result.json,artifact/results/native_validation/full-v1/0062/worker0.result.json,04af8a2b7c9701836b381ba2058eb3c7b3ad04e19fb19dbf4814abfd63ccd904,EXACT_BYTES; ARCHIVE_RESTORE
artifact/results/native_validation/full-v1/0063/worker0.result.json,artifact/results/native_validation/full-v1/0063/worker0.result.json,398b211b8fa2429fd378cf61ee89c7bdc87630f140b7bdaac29bcca97071077a,EXACT_BYTES; ARCHIVE_RESTORE
artifact/results/native_validation/full-v1/0063/worker1.result.json,artifact/results/native_validation/full-v1/0063/worker1.result.json,1348addbed090aec7229f46530bf1e3f0ccaf1235679ec60154231ce700879b9,EXACT_BYTES; ARCHIVE_RESTORE
artifact/results/native_validation/full-v1/0064/worker0.result.json,artifact/results/native_validation/full-v1/0064/worker0.result.json,d6d90a11634a9af77f12faa316de86ac5e8daa49baf5a3a73def629f04a6d09f,EXACT_BYTES; ARCHIVE_RESTORE
artifact/results/native_validation/full-v1/0065/worker0.result.json,artifact/results/native_validation/full-v1/0065/worker0.result.json,60f8df4a2ed03c223fdaa3ac9340b45d9cff2cf8cde25e31e1b945845d058659,EXACT_BYTES; ARCHIVE_RESTORE
artifact/results/native_validation/full-v1/0065/worker1.result.json,artifact/results/native_validation/full-v1/0065/worker1.result.json,a9115052efb3b80b7ac38fc857a4f7e6e7a2f85111f43317fc6ebd377d9fd319,EXACT_BYTES; ARCHIVE_RESTORE
artifact/results/native_validation/full-v1/0065/worker2.result.json,artifact/results/native_validation/full-v1/0065/worker2.result.json,212dbb123a7051e51827bc4e6778b38fbccbcd20eb10a06f0f36eb0beee62f5f,EXACT_BYTES; ARCHIVE_RESTORE
artifact/results/native_validation/full-v1/0066/worker0.result.json,artifact/results/native_validation/full-v1/0066/worker0.result.json,18803b32614d8708057c9de5cb4ea9b0a8d866b97cdbdcfd74dde97a73d50922,EXACT_BYTES; ARCHIVE_RESTORE
artifact/results/native_validation/full-v1/0067/worker0.result.json,artifact/results/native_validation/full-v1/0067/worker0.result.json,d2f076b2dcc6b1b52003fac48266bcf821b5e7a01f89dfd9fa78ad38cf783124,EXACT_BYTES; ARCHIVE_RESTORE
artifact/results/native_validation/full-v1/0067/worker1.result.json,artifact/results/native_validation/full-v1/0067/worker1.result.json,6a8e737fcfa343aa054bb16d47d35bc1f3125ec5ac41d51cb82920db22ffc61e,EXACT_BYTES; ARCHIVE_RESTORE
artifact/results/native_validation/full-v1/0067/worker2.result.json,artifact/results/native_validation/full-v1/0067/worker2.result.json,e86c886f09ccfcf8d848cab4dcfb500f5257a193a91f4134c9756ab0bfcccdc3,EXACT_BYTES; ARCHIVE_RESTORE
artifact/results/native_validation/full-v1/0068/worker0.result.json,artifact/results/native_validation/full-v1/0068/worker0.result.json,60938151de3e6eaca3ed5347c14cdfa09d1ee3e056ab3af08e7756a59fe1e29d,EXACT_BYTES; ARCHIVE_RESTORE
artifact/results/native_validation/full-v1/0069/worker0.result.json,artifact/results/native_validation/full-v1/0069/worker0.result.json,9a40f3746fd30dcd251eb208ccd749fa4f41e3c587672104e5f5cea3a8760b22,EXACT_BYTES; ARCHIVE_RESTORE
artifact/results/native_validation/full-v1/0069/worker1.result.json,artifact/results/native_validation/full-v1/0069/worker1.result.json,5a41f73723b9c1025917f4bc638decf3fc98ad5be98a7f47b0dff0ac18868601,EXACT_BYTES; ARCHIVE_RESTORE
artifact/results/native_validation/full-v1/0069/worker2.result.json,artifact/results/native_validation/full-v1/0069/worker2.result.json,f748946ae9b36b781a90cced4e9d557edd1f5599704bcbaebf03f3b9caf6868f,EXACT_BYTES; ARCHIVE_RESTORE
artifact/results/native_validation/full-v1/0070/worker0.result.json,artifact/results/native_validation/full-v1/0070/worker0.result.json,210e62138fe2e40be1959713f1afeeef5164cc6734cf670a90230b54d7d70028,EXACT_BYTES; ARCHIVE_RESTORE
artifact/results/native_validation/full-v1/0071/worker0.result.json,artifact/results/native_validation/full-v1/0071/worker0.result.json,eb8e8185eab1239294a2dc0ae724990ebffbed2508a5b904c0a995467cef8a71,EXACT_BYTES; ARCHIVE_RESTORE
artifact/results/native_validation/full-v1/0071/worker1.result.json,artifact/results/native_validation/full-v1/0071/worker1.result.json,7cab779897c7d04111263b44bd06d9071214714a1a5ac7fef60381a9b118be6e,EXACT_BYTES; ARCHIVE_RESTORE
artifact/results/native_validation/full-v1/0071/worker2.result.json,artifact/results/native_validation/full-v1/0071/worker2.result.json,56a62c2d65e1d72d702467d71af8ab5d33897b7a876ec5c41246b78bbd7cf6b9,EXACT_BYTES; ARCHIVE_RESTORE
artifact/results/native_validation/full-v1/0072/worker0.result.json,artifact/results/native_validation/full-v1/0072/worker0.result.json,e7207ca0993df060810f42c3199a8efafbe490987cb47a9e04fb29f2929b645e,EXACT_BYTES; ARCHIVE_RESTORE
artifact/results/native_validation/full-v1/0073/worker0.result.json,artifact/results/native_validation/full-v1/0073/worker0.result.json,d844a251d5d3ef5b18992ef5a371236d4b43b3810ecc6e53563846255ae0eef5,EXACT_BYTES; ARCHIVE_RESTORE
artifact/results/native_validation/full-v1/0073/worker1.result.json,artifact/results/native_validation/full-v1/0073/worker1.result.json,ec3acacaeddf382d43f033d9ec4c2d36f6589c6774ca1f68fc6e9886c93009e2,EXACT_BYTES; ARCHIVE_RESTORE
artifact/results/native_validation/full-v1/0073/worker2.result.json,artifact/results/native_validation/full-v1/0073/worker2.result.json,c832ec5a738f12ed156b1b38ae114aa4978c502b40567910dbcccb7c70960877,EXACT_BYTES; ARCHIVE_RESTORE
artifact/results/native_validation/full-v1/0074/worker0.result.json,artifact/results/native_validation/full-v1/0074/worker0.result.json,763fc63e76ba4e09f00aef7dc743b09bd6ad1215f56d712f6c86d40e6a15ff89,EXACT_BYTES; ARCHIVE_RESTORE
artifact/results/native_validation/full-v1/0075/worker0.result.json,artifact/results/native_validation/full-v1/0075/worker0.result.json,2d7a70d7cf94fa11fbb43e25be8fb8c80175d1b0ef254058d805daed9164bedb,EXACT_BYTES; ARCHIVE_RESTORE
artifact/results/native_validation/full-v1/0075/worker1.result.json,artifact/results/native_validation/full-v1/0075/worker1.result.json,c37f614c79cd8c13c0ab05b61911148488e71b602bdccbd6d6b6b472936d650d,EXACT_BYTES; ARCHIVE_RESTORE
artifact/results/native_validation/full-v1/0075/worker2.result.json,artifact/results/native_validation/full-v1/0075/worker2.result.json,4a87db5162df52e2153187e941f6469ae9bcb169929cfdb7477136c33c60b43a,EXACT_BYTES; ARCHIVE_RESTORE
artifact/results/native_validation/full-v1/0076/worker0.result.json,artifact/results/native_validation/full-v1/0076/worker0.result.json,d90c0f00de859dfe05bd11ac229c11187f7613e2b6ef73d7db85e837872e0968,EXACT_BYTES; ARCHIVE_RESTORE
artifact/results/native_validation/full-v1/0077/worker0.result.json,artifact/results/native_validation/full-v1/0077/worker0.result.json,9e85454a5ffba5e19302832df88a0d853469af09e5fa4bdeb39f0870a94cbf00,EXACT_BYTES; ARCHIVE_RESTORE
artifact/results/native_validation/full-v1/0077/worker1.result.json,artifact/results/native_validation/full-v1/0077/worker1.result.json,5cc864bea9ba2779276d2ac91a34121676a3d9ebd4024ef2c6a1010d4d392de3,EXACT_BYTES; ARCHIVE_RESTORE
artifact/results/native_validation/full-v1/0077/worker2.result.json,artifact/results/native_validation/full-v1/0077/worker2.result.json,342bd8a1a00f15c0ad9aa06d0482a55265c8b5026c72810ede15bdfb4e72b76b,EXACT_BYTES; ARCHIVE_RESTORE
artifact/results/native_validation/full-v1/0078/worker0.result.json,artifact/results/native_validation/full-v1/0078/worker0.result.json,79c85fc132397d353989866a2d07daab9565f813e7db21f2f1ff3e832b2ddb66,EXACT_BYTES; ARCHIVE_RESTORE
artifact/results/native_validation/full-v1/0079/worker0.result.json,artifact/results/native_validation/full-v1/0079/worker0.result.json,ca61c86ce592fcd75c228520c8f6f5eba29179fa44e2c12e243c7c55db826890,EXACT_BYTES; ARCHIVE_RESTORE
artifact/results/native_validation/full-v1/0079/worker1.result.json,artifact/results/native_validation/full-v1/0079/worker1.result.json,48a89789e0738c566146d617818c5d5a3398fc21d98cbbcffb2839cd7799f20b,EXACT_BYTES; ARCHIVE_RESTORE
artifact/results/native_validation/full-v1/0079/worker2.result.json,artifact/results/native_validation/full-v1/0079/worker2.result.json,1cf1b552e8cc7672a07095df1ff9919c6d2bf5c86bf98fcfd7bb173cd5c8fbe8,EXACT_BYTES; ARCHIVE_RESTORE
artifact/results/native_validation/full-v1/0080/worker0.result.json,artifact/results/native_validation/full-v1/0080/worker0.result.json,529d31dfe5615cc1589ef7136b7f08c89596fecfc6877a0b3227870216f90845,EXACT_BYTES; ARCHIVE_RESTORE
artifact/results/native_validation/full-v1/0081/worker0.result.json,artifact/results/native_validation/full-v1/0081/worker0.result.json,b0f2393f6d18c2d646307af22cba3ccfdf5f99e0c7b1a245a1eab0f3ae824675,EXACT_BYTES; ARCHIVE_RESTORE
artifact/results/native_validation/full-v1/0081/worker1.result.json,artifact/results/native_validation/full-v1/0081/worker1.result.json,e6332f4350fe1d6c71ae5f955dfd4c7cf9702b44dd839f388c72997b6115c8ed,EXACT_BYTES; ARCHIVE_RESTORE
artifact/results/native_validation/full-v1/0081/worker2.result.json,artifact/results/native_validation/full-v1/0081/worker2.result.json,112fce5caf2a8716720a4198aab80dfa378cf78f3ff9f553011f79a603c9ad10,EXACT_BYTES; ARCHIVE_RESTORE
artifact/results/native_validation/full-v1/0081/worker3.result.json,artifact/results/native_validation/full-v1/0081/worker3.result.json,45eb761d8780896f368dc027ce556df6e6531d8bc15f0f7f64d160df581293fe,EXACT_BYTES; ARCHIVE_RESTORE
artifact/results/native_validation/full-v1/0082/worker0.result.json,artifact/results/native_validation/full-v1/0082/worker0.result.json,bb1c60f47c97f1e4b92c36b8f87241532864658a4f062fc136210fa04978e052,EXACT_BYTES; ARCHIVE_RESTORE
artifact/results/native_validation/full-v1/0083/worker0.result.json,artifact/results/native_validation/full-v1/0083/worker0.result.json,219f1b8a0f38d90c71c8ab7109b60e96259a1f4e7d65831d6c97c6050fe5f739,EXACT_BYTES; ARCHIVE_RESTORE
artifact/results/native_validation/full-v1/0083/worker1.result.json,artifact/results/native_validation/full-v1/0083/worker1.result.json,c202c5d6b98b549378a7191e0f3db6053913e29b012676d0a942d11ecd3192c1,EXACT_BYTES; ARCHIVE_RESTORE
artifact/results/native_validation/full-v1/0083/worker2.result.json,artifact/results/native_validation/full-v1/0083/worker2.result.json,043b2348001fdec4d3e48cfed726f6bf6b26836d125c890b702c88721af1f7dc,EXACT_BYTES; ARCHIVE_RESTORE
artifact/results/native_validation/full-v1/0083/worker3.result.json,artifact/results/native_validation/full-v1/0083/worker3.result.json,c96c0c0902120e3cad0bbc76a94fe39d18644a351b6ce8fb5d5363c70d228b02,EXACT_BYTES; ARCHIVE_RESTORE
artifact/results/native_validation/full-v1/0084/worker0.result.json,artifact/results/native_validation/full-v1/0084/worker0.result.json,d40d4ea60351c00836d5d613c91f832a99227ad58bf2e805c246d98a0275e1b7,EXACT_BYTES; ARCHIVE_RESTORE
artifact/results/native_validation/full-v1/0085/worker0.result.json,artifact/results/native_validation/full-v1/0085/worker0.result.json,baa2928c483e4e6094ecfb2a2fccaeb8caedb170e07073bc064d6d7161fed482,EXACT_BYTES; ARCHIVE_RESTORE
artifact/results/native_validation/full-v1/0085/worker1.result.json,artifact/results/native_validation/full-v1/0085/worker1.result.json,e3de253e6cdb6cad90c9c5c80e23e3ddd743cbb5eafc95813f4614d18fae062f,EXACT_BYTES; ARCHIVE_RESTORE
artifact/results/native_validation/full-v1/0085/worker2.result.json,artifact/results/native_validation/full-v1/0085/worker2.result.json,a2efecbdfc2f93c0fed7acae2b83d195b6ff85de9b0ff9d2bba926e0fc642984,EXACT_BYTES; ARCHIVE_RESTORE
artifact/results/native_validation/full-v1/0085/worker3.result.json,artifact/results/native_validation/full-v1/0085/worker3.result.json,adead0d106eb7a70fd4f128b0c3d08ec2a9caeac4031eadf14757898ec6ea222,EXACT_BYTES; ARCHIVE_RESTORE
artifact/results/native_validation/full-v1/0086/worker0.result.json,artifact/results/native_validation/full-v1/0086/worker0.result.json,22019ca2b2b8f83ef5f66b4e49b3878e09749bc81473e4429411f0f0c2742669,EXACT_BYTES; ARCHIVE_RESTORE
artifact/results/native_validation/full-v1/0087/worker0.result.json,artifact/results/native_validation/full-v1/0087/worker0.result.json,b3f2e356269d111d779efdde6b5f9b1a6359624a72833c3300382875353a13e4,EXACT_BYTES; ARCHIVE_RESTORE
artifact/results/native_validation/full-v1/0087/worker1.result.json,artifact/results/native_validation/full-v1/0087/worker1.result.json,d66257ceb47c674eee13cd91dda3d859a9474b76fe4e3c60a8ff4587d54431e4,EXACT_BYTES; ARCHIVE_RESTORE
artifact/results/native_validation/full-v1/0087/worker2.result.json,artifact/results/native_validation/full-v1/0087/worker2.result.json,67ef801b21750302fd9589ae7f2f55ae5918e9892e871b52301b5048c199da0d,EXACT_BYTES; ARCHIVE_RESTORE
artifact/results/native_validation/full-v1/0087/worker3.result.json,artifact/results/native_validation/full-v1/0087/worker3.result.json,bf871b20dfd8b7097c53f68c9dec22dcf9af6e0654f61cc3976c3d9df914582c,EXACT_BYTES; ARCHIVE_RESTORE
artifact/results/native_validation/full-v1/0088/worker0.result.json,artifact/results/native_validation/full-v1/0088/worker0.result.json,a2c2b7e89544cd353918f8c2a8d25ff3f20ba332581a2888a24656c35758f4d5,EXACT_BYTES; ARCHIVE_RESTORE
artifact/results/native_validation/full-v1/0089/worker0.result.json,artifact/results/native_validation/full-v1/0089/worker0.result.json,4485794495128b412a79ae5a74e525631d86ab8b20c77278d4ff014d2adf8f77,EXACT_BYTES; ARCHIVE_RESTORE
artifact/results/native_validation/full-v1/0089/worker1.result.json,artifact/results/native_validation/full-v1/0089/worker1.result.json,dfb1347e241d73f8f7b0ba58507de17594071907e1d91b500f73ff49323e2f3f,EXACT_BYTES; ARCHIVE_RESTORE
artifact/results/native_validation/full-v1/0089/worker2.result.json,artifact/results/native_validation/full-v1/0089/worker2.result.json,5ded21479c10b7da3277e624f62eca41388d1c373ff84b1a696856a2cb4728d9,EXACT_BYTES; ARCHIVE_RESTORE
artifact/results/native_validation/full-v1/0089/worker3.result.json,artifact/results/native_validation/full-v1/0089/worker3.result.json,ced0fc95940dec68487acf535b4007d071caf24cb62cf29d67a159a46935ff76,EXACT_BYTES; ARCHIVE_RESTORE
artifact/results/native_validation/full-v1/0090/worker0.result.json,artifact/results/native_validation/full-v1/0090/worker0.result.json,20b410c9b692b7be05b3c108136f299ed0810f7289db68b53c9fd4f215cba42a,EXACT_BYTES; ARCHIVE_RESTORE
artifact/results/native_validation/full-v1/0091/worker0.result.json,artifact/results/native_validation/full-v1/0091/worker0.result.json,8f46f3c94cc9b3ed720b089e80dd302d19a6187cdad109e4057c8896e95e82b5,EXACT_BYTES; ARCHIVE_RESTORE
artifact/results/native_validation/full-v1/0091/worker1.result.json,artifact/results/native_validation/full-v1/0091/worker1.result.json,f1349c90f64890b0c441e28980b38669c8449096cbbe496dd23855ef647276f7,EXACT_BYTES; ARCHIVE_RESTORE
artifact/results/native_validation/full-v1/0091/worker2.result.json,artifact/results/native_validation/full-v1/0091/worker2.result.json,9eac4efbb9ccf06c6bc9ef81223145aadc0c58aa0ffe2843fa1a237050997a02,EXACT_BYTES; ARCHIVE_RESTORE
artifact/results/native_validation/full-v1/0091/worker3.result.json,artifact/results/native_validation/full-v1/0091/worker3.result.json,e893c7f42ecb2a50238062382622a88f78ed9efd4cec2d11aa883a317e307302,EXACT_BYTES; ARCHIVE_RESTORE
artifact/results/native_validation/full-v1/0092/worker0.result.json,artifact/results/native_validation/full-v1/0092/worker0.result.json,1c656c0333e50bf1b70ae68597e09d4daf15ae54c4426e1fb371c21222eb6bf4,EXACT_BYTES; ARCHIVE_RESTORE
artifact/results/native_validation/full-v1/0093/worker0.result.json,artifact/results/native_validation/full-v1/0093/worker0.result.json,f3b4e35592ab5e0f9f41bde5328c1cf51bcb7ceafb6934fa1b8fa02a29b311b7,EXACT_BYTES; ARCHIVE_RESTORE
artifact/results/native_validation/full-v1/0093/worker1.result.json,artifact/results/native_validation/full-v1/0093/worker1.result.json,43c3433529636ac33a884a5b00d97fca8d1674034052591d14c547cec18d3f15,EXACT_BYTES; ARCHIVE_RESTORE
artifact/results/native_validation/full-v1/0093/worker2.result.json,artifact/results/native_validation/full-v1/0093/worker2.result.json,ce69706131d6394eff4365f3e12dabaa4c5c314e0d87d4a7adc1acbb3ffe0403,EXACT_BYTES; ARCHIVE_RESTORE
artifact/results/native_validation/full-v1/0093/worker3.result.json,artifact/results/native_validation/full-v1/0093/worker3.result.json,545091bc819b5915cc08c38a24ac1d3817e2d7e89d4022e0463b915a3b898eae,EXACT_BYTES; ARCHIVE_RESTORE
artifact/results/native_validation/full-v1/0094/worker0.result.json,artifact/results/native_validation/full-v1/0094/worker0.result.json,e1b16c10f29ee626806efdae676a8354d975d3b85086614843dd0f18351c5700,EXACT_BYTES; ARCHIVE_RESTORE
artifact/results/native_validation/full-v1/0095/worker0.result.json,artifact/results/native_validation/full-v1/0095/worker0.result.json,21d62d2e27c2240459ac0f450817d5f92c07b9f644954e3f03b6a2b1ccc627ab,EXACT_BYTES; ARCHIVE_RESTORE
artifact/results/native_validation/full-v1/0095/worker1.result.json,artifact/results/native_validation/full-v1/0095/worker1.result.json,9c19c4b35fa5dc85650cfdb3cd2d0f8023e85fd0f6459c22b732a0c822bc80c9,EXACT_BYTES; ARCHIVE_RESTORE
artifact/results/native_validation/full-v1/0095/worker2.result.json,artifact/results/native_validation/full-v1/0095/worker2.result.json,eb598c56740d3d22119383cbc2b813290233c4f5cb4c773c5312d182f2ecf429,EXACT_BYTES; ARCHIVE_RESTORE
artifact/results/native_validation/full-v1/0095/worker3.result.json,artifact/results/native_validation/full-v1/0095/worker3.result.json,e2c8ccebd0f7664e965310f42ee1e732996f90f19cda5be1e4c6f01f446454f3,EXACT_BYTES; ARCHIVE_RESTORE
artifact/results/native_validation/full-v1/0096/worker0.result.json,artifact/results/native_validation/full-v1/0096/worker0.result.json,f618bbd88041254ef7444575f5f4b53a3d6a8f45c44eecb9c393c48343d3cf4b,EXACT_BYTES; ARCHIVE_RESTORE
artifact/results/native_validation/full-v1/0097/worker0.result.json,artifact/results/native_validation/full-v1/0097/worker0.result.json,b61093e1890da449be2959e6fb057f912f08d1de3e8d0af8d6810b1a45199e8c,EXACT_BYTES; ARCHIVE_RESTORE
artifact/results/native_validation/full-v1/0097/worker1.result.json,artifact/results/native_validation/full-v1/0097/worker1.result.json,1de1fab6a3468750654d7f8f7ce2db3c8626bcd6769b4ecc3ef55dc252065547,EXACT_BYTES; ARCHIVE_RESTORE
artifact/results/native_validation/full-v1/0097/worker2.result.json,artifact/results/native_validation/full-v1/0097/worker2.result.json,e94da3d65b751d4106e5b2c9a1918bb145f5a202dc2110ae89ab7f3445184a86,EXACT_BYTES; ARCHIVE_RESTORE
artifact/results/native_validation/full-v1/0097/worker3.result.json,artifact/results/native_validation/full-v1/0097/worker3.result.json,106566b61f4f7bd5e16c00f5c270b095aa6748e2e6e880dd5427612f57baf80d,EXACT_BYTES; ARCHIVE_RESTORE
artifact/results/native_validation/full-v1/0098/worker0.result.json,artifact/results/native_validation/full-v1/0098/worker0.result.json,adff9a11c6dcfda76bbdf0fcfd851b29bd86364084af0ff0700d033f7186819b,EXACT_BYTES; ARCHIVE_RESTORE
artifact/results/native_validation/full-v1/0099/worker0.result.json,artifact/results/native_validation/full-v1/0099/worker0.result.json,f83bd4520ecd0ee5168bf4537cf98a65f275efd726d3c4ea35723cf12b4f458a,EXACT_BYTES; ARCHIVE_RESTORE
artifact/results/native_validation/full-v1/0099/worker1.result.json,artifact/results/native_validation/full-v1/0099/worker1.result.json,aaa801d6ccaeb6dbedde1cc15b34056d962d397cb5beae2c75a8256d9a1c4006,EXACT_BYTES; ARCHIVE_RESTORE
artifact/results/native_validation/full-v1/0099/worker2.result.json,artifact/results/native_validation/full-v1/0099/worker2.result.json,c01a215d08eb995c235ac598156a2b275cedd5fe9b9e0e2fb353ed4a88f07776,EXACT_BYTES; ARCHIVE_RESTORE
artifact/results/native_validation/full-v1/0099/worker3.result.json,artifact/results/native_validation/full-v1/0099/worker3.result.json,3b917993dba7ace42ffd63c7ec299c10765e2876eeab2cb583b903f6cc924998,EXACT_BYTES; ARCHIVE_RESTORE
artifact/results/native_validation/full-v1/0100/worker0.result.json,artifact/results/native_validation/full-v1/0100/worker0.result.json,e816e94af0c3adec0ef5c22d2dfb37f24412c135bbe23aea20e46ff8ee7479b0,EXACT_BYTES; ARCHIVE_RESTORE
artifact/results/native_validation/full-v1/0101/worker0.result.json,artifact/results/native_validation/full-v1/0101/worker0.result.json,8a22de8088e49a7cecc449acb92b5b3bbc08532f7e3cc3d3f4457a6ddc216668,EXACT_BYTES; ARCHIVE_RESTORE
artifact/results/native_validation/full-v1/0101/worker1.result.json,artifact/results/native_validation/full-v1/0101/worker1.result.json,9887d23170b965a8305ec9ea302a08afc842ce87639b393f7324f7bef4e276ce,EXACT_BYTES; ARCHIVE_RESTORE
artifact/results/native_validation/full-v1/0101/worker2.result.json,artifact/results/native_validation/full-v1/0101/worker2.result.json,0388133323dca611e51b0d0d34f762416009c47a2754aa3045bd905046bfba12,EXACT_BYTES; ARCHIVE_RESTORE
artifact/results/native_validation/full-v1/0101/worker3.result.json,artifact/results/native_validation/full-v1/0101/worker3.result.json,7a8878e1941c95beb65397675a6e982a90eeb8e84673debbb3623c99ed9d8889,EXACT_BYTES; ARCHIVE_RESTORE
artifact/results/native_validation/full-v1/0102/worker0.result.json,artifact/results/native_validation/full-v1/0102/worker0.result.json,dab47097f84ca89549f29dde5c2c8800c56c27fd2e2b6d7895e8b8598b5c4774,EXACT_BYTES; ARCHIVE_RESTORE
artifact/results/native_validation/full-v1/0103/worker0.result.json,artifact/results/native_validation/full-v1/0103/worker0.result.json,f0148aa07a283ecc324bb9e5a57ac0225fa456a60826c33e34a72494e3572e6a,EXACT_BYTES; ARCHIVE_RESTORE
artifact/results/native_validation/full-v1/0103/worker1.result.json,artifact/results/native_validation/full-v1/0103/worker1.result.json,7f275c51994c8b7c7b7ab0c53e31461955cb4c397c26ae113a8c4fb298381f7f,EXACT_BYTES; ARCHIVE_RESTORE
artifact/results/native_validation/full-v1/0103/worker2.result.json,artifact/results/native_validation/full-v1/0103/worker2.result.json,332d0d1f3b4a12ce1464bf3909eca45940db34726852afe74e9589d0816c576c,EXACT_BYTES; ARCHIVE_RESTORE
artifact/results/native_validation/full-v1/0103/worker3.result.json,artifact/results/native_validation/full-v1/0103/worker3.result.json,f061cfc74e23d2e857c93bb143550ebeacb4784cd31ddbfbde3803e54cda3eba,EXACT_BYTES; ARCHIVE_RESTORE
artifact/results/native_validation/full-v1/0104/worker0.result.json,artifact/results/native_validation/full-v1/0104/worker0.result.json,2d33de18b57b0210224357fb8147352b614ab848523a35495fd4a6cc39c70a92,EXACT_BYTES; ARCHIVE_RESTORE
artifact/results/native_validation/full-v1/0105/worker0.result.json,artifact/results/native_validation/full-v1/0105/worker0.result.json,628f49bcb66c27f9879927c3ddc62eaec25b6a34ae4e703329ee544080c4c2d2,EXACT_BYTES; ARCHIVE_RESTORE
artifact/results/native_validation/full-v1/0105/worker1.result.json,artifact/results/native_validation/full-v1/0105/worker1.result.json,8b3435a33dcf82c4f7c1f84d7917d467fbd3682edb8fe3f5e6cafd5db1781fac,EXACT_BYTES; ARCHIVE_RESTORE
artifact/results/native_validation/full-v1/0105/worker2.result.json,artifact/results/native_validation/full-v1/0105/worker2.result.json,899c1a5a6e983c4733ef2a2ab2d0be8926d33a070d111e6040d25e927b3bfdd0,EXACT_BYTES; ARCHIVE_RESTORE
artifact/results/native_validation/full-v1/0105/worker3.result.json,artifact/results/native_validation/full-v1/0105/worker3.result.json,d3edc25b85d11da503358a9422246792289cded67e70e0e098a050b4f0ac1729,EXACT_BYTES; ARCHIVE_RESTORE
artifact/results/native_validation/full-v1/0106/worker0.result.json,artifact/results/native_validation/full-v1/0106/worker0.result.json,f5f0fe4abc8b4cf11c7fa92fac24046ee4cbe79bc1bddbdf0c6f9d9741a1d88b,EXACT_BYTES; ARCHIVE_RESTORE
artifact/results/native_validation/full-v1/0107/worker0.result.json,artifact/results/native_validation/full-v1/0107/worker0.result.json,59a6493737a3a677445508f40cd6123e273b4a74975223e5c48171509fc253fa,EXACT_BYTES; ARCHIVE_RESTORE
artifact/results/native_validation/full-v1/0107/worker1.result.json,artifact/results/native_validation/full-v1/0107/worker1.result.json,ba84229bf85b579de30cf27aa957685f628a8e625b7abf285bef6e1fd2791daf,EXACT_BYTES; ARCHIVE_RESTORE
artifact/results/native_validation/full-v1/0107/worker2.result.json,artifact/results/native_validation/full-v1/0107/worker2.result.json,0f61b216a434fb697a2efdf86224ac7326f51c32d12a516d45427ee048ca85d6,EXACT_BYTES; ARCHIVE_RESTORE
artifact/results/native_validation/full-v1/0107/worker3.result.json,artifact/results/native_validation/full-v1/0107/worker3.result.json,d21e325fd1bfec9b0c03aa26d88dbb6e281dd9a7e5b77f3f3f09b783693e054c,EXACT_BYTES; ARCHIVE_RESTORE
artifact/results/native_validation/full-v1/0108/worker0.result.json,artifact/results/native_validation/full-v1/0108/worker0.result.json,1e5706a1f8c997b9d3ae90cd587efb5d58dac87d9f1b73772dfa876c81f01abd,EXACT_BYTES; ARCHIVE_RESTORE
artifact/results/native_validation/full-v1/0109/worker0.result.json,artifact/results/native_validation/full-v1/0109/worker0.result.json,565762e752a120d368c821871c053936e3f0fce38338b2bea5f9236f0439fb89,EXACT_BYTES; ARCHIVE_RESTORE
artifact/results/native_validation/full-v1/0109/worker1.result.json,artifact/results/native_validation/full-v1/0109/worker1.result.json,caf20f4db5059e8f9fa988d8669eb9017c8f29a4fcad0e6ea871296078944044,EXACT_BYTES; ARCHIVE_RESTORE
artifact/results/native_validation/full-v1/0109/worker2.result.json,artifact/results/native_validation/full-v1/0109/worker2.result.json,ce3dc0153300c1e6322f88a059964ad7bed702dd24c218f7078a4f1d1600e8d0,EXACT_BYTES; ARCHIVE_RESTORE
artifact/results/native_validation/full-v1/0109/worker3.result.json,artifact/results/native_validation/full-v1/0109/worker3.result.json,7186c7371c9a55ccb31bf20cbd62214d73c1d5803af7cde6bee33d504fde338a,EXACT_BYTES; ARCHIVE_RESTORE
artifact/results/native_validation/full-v1/0110/worker0.result.json,artifact/results/native_validation/full-v1/0110/worker0.result.json,88bdf5375819b0448ce38b38907406e7f9a129853388f7fe909ff0d038eb4f1a,EXACT_BYTES; ARCHIVE_RESTORE
artifact/results/native_validation/full-v1/0111/worker0.result.json,artifact/results/native_validation/full-v1/0111/worker0.result.json,b59bfc65d21ee3493c0a77a5f7a8c864b5949abd5e03c12d27657290afe92789,EXACT_BYTES; ARCHIVE_RESTORE
artifact/results/native_validation/full-v1/0111/worker1.result.json,artifact/results/native_validation/full-v1/0111/worker1.result.json,0ee4cfa3650fd3b4fe8fbda6baad58a71bc4e97cb185598bcbd42c3d6ef075c1,EXACT_BYTES; ARCHIVE_RESTORE
artifact/results/native_validation/full-v1/0111/worker2.result.json,artifact/results/native_validation/full-v1/0111/worker2.result.json,63e8c217bdd05180b77a6e4e60ae679be76f95de660c8d2d37b5b3415a3f0b42,EXACT_BYTES; ARCHIVE_RESTORE
artifact/results/native_validation/full-v1/0111/worker3.result.json,artifact/results/native_validation/full-v1/0111/worker3.result.json,6bbb1e6f3ee58935180d3ef0bb120743782e59fbb627ef874adfe1d7721f0d81,EXACT_BYTES; ARCHIVE_RESTORE
artifact/results/native_validation/full-v1/0112/worker0.result.json,artifact/results/native_validation/full-v1/0112/worker0.result.json,efd6e9deb7f2676939319a5452c341e09c358433e26e58e44224187fecf8ff03,EXACT_BYTES; ARCHIVE_RESTORE
artifact/results/native_validation/full-v1/0113/worker0.result.json,artifact/results/native_validation/full-v1/0113/worker0.result.json,3c473d4567ce3e04445278842c324576424ab442b7843e527077842ac8388df8,EXACT_BYTES; ARCHIVE_RESTORE
artifact/results/native_validation/full-v1/0113/worker1.result.json,artifact/results/native_validation/full-v1/0113/worker1.result.json,00b6b2b85fcd9bef3afff4392dab3581e2a53db0d2f1ec237793be3d1dda3492,EXACT_BYTES; ARCHIVE_RESTORE
artifact/results/native_validation/full-v1/0113/worker2.result.json,artifact/results/native_validation/full-v1/0113/worker2.result.json,046cfc9331741985c1f349918228363ced996e4dc704f022508e6e6f0f393d59,EXACT_BYTES; ARCHIVE_RESTORE
artifact/results/native_validation/full-v1/0113/worker3.result.json,artifact/results/native_validation/full-v1/0113/worker3.result.json,f52ead249aa585ba8af9131750280cc7cb11da5214842be7e1f9203036637815,EXACT_BYTES; ARCHIVE_RESTORE
artifact/results/native_validation/full-v1/0114/worker0.result.json,artifact/results/native_validation/full-v1/0114/worker0.result.json,b123b08289f98d3963478a304c250986f40aee5ba4662325fbaf0bd5a2af816e,EXACT_BYTES; ARCHIVE_RESTORE
artifact/results/native_validation/full-v1/0115/worker0.result.json,artifact/results/native_validation/full-v1/0115/worker0.result.json,27d8ac771366ab9f8a308a2f9638143fb1d362f1a0a249f1ff81c78dc79d5448,EXACT_BYTES; ARCHIVE_RESTORE
artifact/results/native_validation/full-v1/0115/worker1.result.json,artifact/results/native_validation/full-v1/0115/worker1.result.json,8444e4fab99a5b68de88f69627ed1ffc22370c01f572e194f52aa08814f7adf7,EXACT_BYTES; ARCHIVE_RESTORE
artifact/results/native_validation/full-v1/0115/worker2.result.json,artifact/results/native_validation/full-v1/0115/worker2.result.json,a3ef22830f6a23d54d2c84f5f7bb1361e09182fead486758877f85bbb0d5688b,EXACT_BYTES; ARCHIVE_RESTORE
artifact/results/native_validation/full-v1/0115/worker3.result.json,artifact/results/native_validation/full-v1/0115/worker3.result.json,882ee55559b4aaf5a90ae9dbea3b4d3582bd45b10d56f5f14465fdbea404cb68,EXACT_BYTES; ARCHIVE_RESTORE
artifact/results/native_validation/full-v1/0116/worker0.result.json,artifact/results/native_validation/full-v1/0116/worker0.result.json,53532fb1ca33804c05d9bafbfab6fd360bf0739d6b2a18ad1d653f075d9d189a,EXACT_BYTES; ARCHIVE_RESTORE
artifact/results/native_validation/full-v1/0117/worker0.result.json,artifact/results/native_validation/full-v1/0117/worker0.result.json,32db1f248f4e1eb21339112ae65a73480da3fadab9590c6c7e58c2459cc0e4e8,EXACT_BYTES; ARCHIVE_RESTORE
artifact/results/native_validation/full-v1/0117/worker1.result.json,artifact/results/native_validation/full-v1/0117/worker1.result.json,3598ba240b72bf4be8c65d293da1bdaf6eaece1823c0513658a79d6bcc058ad9,EXACT_BYTES; ARCHIVE_RESTORE
artifact/results/native_validation/full-v1/0117/worker2.result.json,artifact/results/native_validation/full-v1/0117/worker2.result.json,9e1730fff580566ba8d758d96f95fb89d81a4e51f5ed59f1b4ce0932e0215bd7,EXACT_BYTES; ARCHIVE_RESTORE
artifact/results/native_validation/full-v1/0117/worker3.result.json,artifact/results/native_validation/full-v1/0117/worker3.result.json,c6980cdab30d4afac641923cf1ca272c28306669d7cecb347a57d398b542372f,EXACT_BYTES; ARCHIVE_RESTORE
artifact/results/native_validation/full-v1/0118/worker0.result.json,artifact/results/native_validation/full-v1/0118/worker0.result.json,41a2289557127e45ed4d2c828fc7fd4e1a07580224fb732d6006082a3870ad69,EXACT_BYTES; ARCHIVE_RESTORE
artifact/results/native_validation/full-v1/0119/worker0.result.json,artifact/results/native_validation/full-v1/0119/worker0.result.json,ed140a856835a755e648638181df155d87b399b269c3932ae82f6a84ec036457,EXACT_BYTES; ARCHIVE_RESTORE
artifact/results/native_validation/full-v1/0119/worker1.result.json,artifact/results/native_validation/full-v1/0119/worker1.result.json,48eff8b117cc42b1f2f5e0f1f7d79d169394d9af66b792b05ae1bb6c8331882b,EXACT_BYTES; ARCHIVE_RESTORE
artifact/results/native_validation/full-v1/0119/worker2.result.json,artifact/results/native_validation/full-v1/0119/worker2.result.json,9421aeade109914c991153575223e74e66f67510b1e0fd1ef9ab1abc86656ba2,EXACT_BYTES; ARCHIVE_RESTORE
artifact/results/native_validation/full-v1/0119/worker3.result.json,artifact/results/native_validation/full-v1/0119/worker3.result.json,389bd07cf6ea1c7eb6403ff5b2de5bce300144858a5c7ad8110ed276aa60e095,EXACT_BYTES; ARCHIVE_RESTORE
artifact/results/native_validation/full-v1/0120/worker0.result.json,artifact/results/native_validation/full-v1/0120/worker0.result.json,30db1cfcf2deb4243fb340f4dff72341e0fc3206977f7f3602e5c35b65db9a85,EXACT_BYTES; ARCHIVE_RESTORE
artifact/results/native_validation/full-v1/0121/worker0.result.json,artifact/results/native_validation/full-v1/0121/worker0.result.json,1520ccbe39a6039ebb04da14c7c921c3fde1ad72af13db3f9cfa8a6aac7cae07,EXACT_BYTES; ARCHIVE_RESTORE
artifact/results/native_validation/full-v1/0121/worker1.result.json,artifact/results/native_validation/full-v1/0121/worker1.result.json,711b61cc8632147a5d05e07be84dec21553accf51b8892a13b1ac8bc74e07744,EXACT_BYTES; ARCHIVE_RESTORE
artifact/results/native_validation/full-v1/0121/worker2.result.json,artifact/results/native_validation/full-v1/0121/worker2.result.json,be1c4fed227abfc768a9b9bf481cf919df8f4c79f93b53a2ecb4415c0d5fb01f,EXACT_BYTES; ARCHIVE_RESTORE
artifact/results/native_validation/full-v1/0121/worker3.result.json,artifact/results/native_validation/full-v1/0121/worker3.result.json,1c53768efab522cc10ac1b46c063573e55863a0867b69138656da766a84635a8,EXACT_BYTES; ARCHIVE_RESTORE
artifact/results/native_validation/full-v1/0122/worker0.result.json,artifact/results/native_validation/full-v1/0122/worker0.result.json,376a6cf6737851ca4b415f8c5255fe14cc261c484a86e4157e2d805c5640ce1e,EXACT_BYTES; ARCHIVE_RESTORE
artifact/results/native_validation/full-v1/0123/worker0.result.json,artifact/results/native_validation/full-v1/0123/worker0.result.json,8ddeaea233a39d83c33a7971e3285442fae962797a3123b3c2647b82e92f2927,EXACT_BYTES; ARCHIVE_RESTORE
artifact/results/native_validation/full-v1/0123/worker1.result.json,artifact/results/native_validation/full-v1/0123/worker1.result.json,1a8e7efb25c5041da7fb1d43724b13ae8ef78c21068450a0ebf26a97fa4abdec,EXACT_BYTES; ARCHIVE_RESTORE
artifact/results/native_validation/full-v1/0123/worker2.result.json,artifact/results/native_validation/full-v1/0123/worker2.result.json,5de111bb3ed247f1b932e8e85da991bd7b12ca0a6c9ef90ca7363c5d440ccf68,EXACT_BYTES; ARCHIVE_RESTORE
artifact/results/native_validation/full-v1/0123/worker3.result.json,artifact/results/native_validation/full-v1/0123/worker3.result.json,30107bf05c1128051725730eb33198f3409e9360c70847ca73bff0837b79122c,EXACT_BYTES; ARCHIVE_RESTORE
artifact/results/native_validation/full-v1/0124/worker0.result.json,artifact/results/native_validation/full-v1/0124/worker0.result.json,f5bbb89e98692dcd6fad880d523812e8a763fd3454ffab1923d3c2c0212e938d,EXACT_BYTES; ARCHIVE_RESTORE
artifact/results/native_validation/full-v1/0125/worker0.result.json,artifact/results/native_validation/full-v1/0125/worker0.result.json,446d510a5e2ea6aed93e476ccb5663622213a9bfa0ac14ce1f0b81ee6106b70c,EXACT_BYTES; ARCHIVE_RESTORE
artifact/results/native_validation/full-v1/0125/worker1.result.json,artifact/results/native_validation/full-v1/0125/worker1.result.json,92ff929b50e005313ed1eb4dc0547505624be6c69f17b76608a2953800514fc3,EXACT_BYTES; ARCHIVE_RESTORE
artifact/results/native_validation/full-v1/0125/worker2.result.json,artifact/results/native_validation/full-v1/0125/worker2.result.json,94cce4be95303316c59a756e63d133e6f97d7d5fefe685cf9ed78f80413914ff,EXACT_BYTES; ARCHIVE_RESTORE
artifact/results/native_validation/full-v1/0125/worker3.result.json,artifact/results/native_validation/full-v1/0125/worker3.result.json,bb6bb0e4b7067c59486f5f75bae52b37a96719e2bad2cb0ab793f1689e63ca6e,EXACT_BYTES; ARCHIVE_RESTORE
artifact/results/native_validation/full-v1/0126/worker0.result.json,artifact/results/native_validation/full-v1/0126/worker0.result.json,f44c51b34e667d9f1a4bab3a22d6b5f12707d60fcbe890a760121a54a87a5ec9,EXACT_BYTES; ARCHIVE_RESTORE
artifact/results/native_validation/full-v1/0127/worker0.result.json,artifact/results/native_validation/full-v1/0127/worker0.result.json,55dd13321f5ef27222c8daa77863754c8b99e9402f033f27a637432c4f42e195,EXACT_BYTES; ARCHIVE_RESTORE
artifact/results/native_validation/full-v1/0127/worker1.result.json,artifact/results/native_validation/full-v1/0127/worker1.result.json,b69f9fb06116cb87e8b1e8eed4eb85cf709b6afbba3fb7685fe13a46a7202939,EXACT_BYTES; ARCHIVE_RESTORE
artifact/results/native_validation/full-v1/0127/worker2.result.json,artifact/results/native_validation/full-v1/0127/worker2.result.json,d55375c1d8785f046617a16fe2c14588d98dc59ddbb7aba800303ebbed7fd6d3,EXACT_BYTES; ARCHIVE_RESTORE
artifact/results/native_validation/full-v1/0127/worker3.result.json,artifact/results/native_validation/full-v1/0127/worker3.result.json,366a33de51c39599fbe1a5af8a5e3ff42e5b541148014e101fe8287569f43aca,EXACT_BYTES; ARCHIVE_RESTORE
artifact/results/native_validation/full-v1/0128/worker0.result.json,artifact/results/native_validation/full-v1/0128/worker0.result.json,1f0f22b0477bf14dc3b7561f99289b8a419d798a43cc5d6de23be06028838275,EXACT_BYTES; ARCHIVE_RESTORE
artifact/results/native_validation/full-v1/0129/worker0.result.json,artifact/results/native_validation/full-v1/0129/worker0.result.json,15c9667d1de205513c95dbe94a16be7396483b11b54e54f070ba53874cae8d1e,EXACT_BYTES; ARCHIVE_RESTORE
artifact/results/native_validation/full-v1/0129/worker1.result.json,artifact/results/native_validation/full-v1/0129/worker1.result.json,b21c8ccd4f004eb977ac6613cfa7e64ec78aae482541458d8ce8e92b2712643b,EXACT_BYTES; ARCHIVE_RESTORE
artifact/results/native_validation/full-v1/0129/worker2.result.json,artifact/results/native_validation/full-v1/0129/worker2.result.json,5535132e5d95500c331e45730dea221b0915ad28ec359ce23aae73800a9843b4,EXACT_BYTES; ARCHIVE_RESTORE
artifact/results/native_validation/full-v1/0129/worker3.result.json,artifact/results/native_validation/full-v1/0129/worker3.result.json,d4a9645ccbca74658cb88067cc2a9a2e8dc4da08a948d4482bcaf89a3402770a,EXACT_BYTES; ARCHIVE_RESTORE
artifact/results/native_validation/full-v1/0130/worker0.result.json,artifact/results/native_validation/full-v1/0130/worker0.result.json,5f07cfce169bb94de3241cf38f011f211796c974e731f7837d67bb077faeaa2d,EXACT_BYTES; ARCHIVE_RESTORE
artifact/results/native_validation/full-v1/0131/worker0.result.json,artifact/results/native_validation/full-v1/0131/worker0.result.json,af52aaf681d820475261dfcdec3c4c08d6598cbb208dbe43911228a9594644f9,EXACT_BYTES; ARCHIVE_RESTORE
artifact/results/native_validation/full-v1/0131/worker1.result.json,artifact/results/native_validation/full-v1/0131/worker1.result.json,7de822733f380772559393eb459cfedcde4d58c26a2d84057ed0394d429686f9,EXACT_BYTES; ARCHIVE_RESTORE
artifact/results/native_validation/full-v1/0131/worker2.result.json,artifact/results/native_validation/full-v1/0131/worker2.result.json,8505e75907869ddbccee42c1e1d4fbac2ec2f01ff0cdda895d20f8eb9adf68cc,EXACT_BYTES; ARCHIVE_RESTORE
artifact/results/native_validation/full-v1/0131/worker3.result.json,artifact/results/native_validation/full-v1/0131/worker3.result.json,55e62fa59456058943897e1f4f99e59d25c797abde066e7af7efa3e12e563c3c,EXACT_BYTES; ARCHIVE_RESTORE
artifact/results/native_validation/full-v1/0132/worker0.result.json,artifact/results/native_validation/full-v1/0132/worker0.result.json,3ab742628801085fc37fec2c87bd8a45eb20db43d59851aabef3559aeb3eb3a2,EXACT_BYTES; ARCHIVE_RESTORE
artifact/results/native_validation/full-v1/0133/worker0.result.json,artifact/results/native_validation/full-v1/0133/worker0.result.json,bf3bfbcb7371edc2df0e85cf0aa34369ecb17f24b1ced1aa8f97825ab31bd932,EXACT_BYTES; ARCHIVE_RESTORE
artifact/results/native_validation/full-v1/0133/worker1.result.json,artifact/results/native_validation/full-v1/0133/worker1.result.json,62fd5e6f193c05f98ec61fa42c3953cfa31fc614f664d202b80953912aa47a26,EXACT_BYTES; ARCHIVE_RESTORE
artifact/results/native_validation/full-v1/0133/worker2.result.json,artifact/results/native_validation/full-v1/0133/worker2.result.json,39f918296428ca74ad83e6cd6f1dfa803df491727c69a005cad2bdc8f4a46c4c,EXACT_BYTES; ARCHIVE_RESTORE
artifact/results/native_validation/full-v1/0133/worker3.result.json,artifact/results/native_validation/full-v1/0133/worker3.result.json,8d68adbfae055e894dc84486e49ce0b160fd60dcbd28430ddee0b8475ffca667,EXACT_BYTES; ARCHIVE_RESTORE
artifact/results/native_validation/full-v1/0134/worker0.result.json,artifact/results/native_validation/full-v1/0134/worker0.result.json,a3dec184da01460a3a2dd70b515efbd0151576489e2ed8b5f08ba39064bc4045,EXACT_BYTES; ARCHIVE_RESTORE
artifact/results/native_validation/full-v1/0135/worker0.result.json,artifact/results/native_validation/full-v1/0135/worker0.result.json,0303e19cad9733d6416cefa321b1682b73b634dbd82ea356d76b6b722bbba2ac,EXACT_BYTES; ARCHIVE_RESTORE
artifact/results/native_validation/full-v1/0135/worker1.result.json,artifact/results/native_validation/full-v1/0135/worker1.result.json,018d5236e4a13292ffa6a5849c491d56088e57ba14f48c21bbccb0bfea61aee9,EXACT_BYTES; ARCHIVE_RESTORE
artifact/results/native_validation/full-v1/0135/worker2.result.json,artifact/results/native_validation/full-v1/0135/worker2.result.json,748ecd4536144b08299ff4ed5c5f3b1a1cdff1a1db5120fc41651c8ab225e527,EXACT_BYTES; ARCHIVE_RESTORE
artifact/results/native_validation/full-v1/0135/worker3.result.json,artifact/results/native_validation/full-v1/0135/worker3.result.json,1da02f7bb49a9d4dc789efde0713b476b87760a19b804f15b58042726f294ad4,EXACT_BYTES; ARCHIVE_RESTORE
artifact/results/native_validation/full-v1/0136/worker0.result.json,artifact/results/native_validation/full-v1/0136/worker0.result.json,80a57c8316685ce892ed5d81230a48aade2acf0b47348102c89c28bb4d1f234c,EXACT_BYTES; ARCHIVE_RESTORE
artifact/results/native_validation/full-v1/0137/worker0.result.json,artifact/results/native_validation/full-v1/0137/worker0.result.json,15dfa12fb9ad5fe6c98522b77f8ed269c5ad4c68b844e77774e93bb54084551b,EXACT_BYTES; ARCHIVE_RESTORE
artifact/results/native_validation/full-v1/0137/worker1.result.json,artifact/results/native_validation/full-v1/0137/worker1.result.json,48c05f41f27422b9dbb244483df457bc0ba8e2f2df868c5bec5bfd36456bc0c2,EXACT_BYTES; ARCHIVE_RESTORE
artifact/results/native_validation/full-v1/0137/worker2.result.json,artifact/results/native_validation/full-v1/0137/worker2.result.json,5bf54916d35ef0993855f2cf514f6f7e7dfcc6c755fe7bcc97310db4d1081f16,EXACT_BYTES; ARCHIVE_RESTORE
artifact/results/native_validation/full-v1/0137/worker3.result.json,artifact/results/native_validation/full-v1/0137/worker3.result.json,e8519b28558fada0e2e5b1bdbd89854d48f4b30567b3c4e1d4af0e8ea1186ce2,EXACT_BYTES; ARCHIVE_RESTORE
artifact/results/native_validation/full-v1/0138/worker0.result.json,artifact/results/native_validation/full-v1/0138/worker0.result.json,29943cad244c083bd039d25c01d652e184cb08400f703ca38906923189f10d3c,EXACT_BYTES; ARCHIVE_RESTORE
artifact/results/native_validation/full-v1/0139/worker0.result.json,artifact/results/native_validation/full-v1/0139/worker0.result.json,e4bf96bc084b87550202624606f5ce0d6c12b1f1c486b2c86e115a9bc1978c57,EXACT_BYTES; ARCHIVE_RESTORE
artifact/results/native_validation/full-v1/0139/worker1.result.json,artifact/results/native_validation/full-v1/0139/worker1.result.json,ae3493ba0ff743b26bb84a3b6039e3db7b379f0d98d9b6e776c4cd4eaacfe2fb,EXACT_BYTES; ARCHIVE_RESTORE
artifact/results/native_validation/full-v1/0139/worker2.result.json,artifact/results/native_validation/full-v1/0139/worker2.result.json,229fbc6977dcd726196ec6be3ac34c5003c795a6d2efcfedb7e2463f562beb0d,EXACT_BYTES; ARCHIVE_RESTORE
artifact/results/native_validation/full-v1/0139/worker3.result.json,artifact/results/native_validation/full-v1/0139/worker3.result.json,a642d13e2ecb10f46dd1db6e8f6e43293bec887d0372c17efa1a49cb427c445f,EXACT_BYTES; ARCHIVE_RESTORE
artifact/results/native_validation/full-v1/0140/worker0.result.json,artifact/results/native_validation/full-v1/0140/worker0.result.json,42a259ba4ee8c26aeff04742800b35140f1b131915ec58bb1927a2437ad8511d,EXACT_BYTES; ARCHIVE_RESTORE
artifact/results/native_validation/full-v1/0141/worker0.result.json,artifact/results/native_validation/full-v1/0141/worker0.result.json,b5604f5e5c7656dbc8013fe1472c689db40c4a8488b32482dd6e365145039850,EXACT_BYTES; ARCHIVE_RESTORE
artifact/results/native_validation/full-v1/0141/worker1.result.json,artifact/results/native_validation/full-v1/0141/worker1.result.json,25e794cb22b0ca6a27a02758743ed4d735c04aa163714b5507470b740d7535e1,EXACT_BYTES; ARCHIVE_RESTORE
artifact/results/native_validation/full-v1/0141/worker2.result.json,artifact/results/native_validation/full-v1/0141/worker2.result.json,e829f7ffbb580e3e60cc876b8088bc0b8d98907407fbd1a78816d620a12edde2,EXACT_BYTES; ARCHIVE_RESTORE
artifact/results/native_validation/full-v1/0141/worker3.result.json,artifact/results/native_validation/full-v1/0141/worker3.result.json,f657a44e26f7bbe08a778311a66872a676f8db09cdd2208e047b60f1fd301028,EXACT_BYTES; ARCHIVE_RESTORE
artifact/results/native_validation/full-v1/0142/worker0.result.json,artifact/results/native_validation/full-v1/0142/worker0.result.json,0b9a64df437158d7eea81cfd17cfc586d1783f7df13a65bb6ed5bf27951de09f,EXACT_BYTES; ARCHIVE_RESTORE
artifact/results/native_validation/full-v1/0143/worker0.result.json,artifact/results/native_validation/full-v1/0143/worker0.result.json,5558aa87f6305978a1ddae2cd7e34ea3217bce8e7c31258f577b63c433ceb7ec,EXACT_BYTES; ARCHIVE_RESTORE
artifact/results/native_validation/full-v1/0143/worker1.result.json,artifact/results/native_validation/full-v1/0143/worker1.result.json,3d5cf6cfe0334df533282e05162661d27bf03307285f8da5b3debdfeac173d02,EXACT_BYTES; ARCHIVE_RESTORE
artifact/results/native_validation/full-v1/0143/worker2.result.json,artifact/results/native_validation/full-v1/0143/worker2.result.json,5ce43ebe379ae7dcdfb58b2f442a1e28e81d94012fbf88bffb8b2dbc69d7d4d4,EXACT_BYTES; ARCHIVE_RESTORE
artifact/results/native_validation/full-v1/0143/worker3.result.json,artifact/results/native_validation/full-v1/0143/worker3.result.json,b5a4be926800b7fb3038e9c3d73e046e2b835f41d80d8cf0cbcd9f1f4d3b6ee2,EXACT_BYTES; ARCHIVE_RESTORE
artifact/results/native_validation/full-v1/0144/worker0.result.json,artifact/results/native_validation/full-v1/0144/worker0.result.json,0fb026519b6de4117ff41a0e51cc9fe816588fb40df9c83e91e82c742a4f9065,EXACT_BYTES; ARCHIVE_RESTORE
artifact/results/native_validation/full-v1/0145/worker0.result.json,artifact/results/native_validation/full-v1/0145/worker0.result.json,72689b4b9d223486006f5f33184cfe51803da61aac49f57176b5b3d693d96e20,EXACT_BYTES; ARCHIVE_RESTORE
artifact/results/native_validation/full-v1/0145/worker1.result.json,artifact/results/native_validation/full-v1/0145/worker1.result.json,43d4c4e3bdda7542837e3765463298394d2cc2fd6fcddc79795ab4c560207f44,EXACT_BYTES; ARCHIVE_RESTORE
artifact/results/native_validation/full-v1/0145/worker2.result.json,artifact/results/native_validation/full-v1/0145/worker2.result.json,db7efafd3adee74b7688b5f8dcbd03b8857e3354f1f4624772e9032f36c128ed,EXACT_BYTES; ARCHIVE_RESTORE
artifact/results/native_validation/full-v1/0145/worker3.result.json,artifact/results/native_validation/full-v1/0145/worker3.result.json,574066e13559774a31da8f2bc923630b1d2a25c647bcc6363768ec41116c3225,EXACT_BYTES; ARCHIVE_RESTORE
artifact/results/native_validation/full-v1/0146/worker0.result.json,artifact/results/native_validation/full-v1/0146/worker0.result.json,94e878e248ed574425de49e14469dd161fa0239e4f64373459fc700044c252d0,EXACT_BYTES; ARCHIVE_RESTORE
artifact/results/native_validation/full-v1/0147/worker0.result.json,artifact/results/native_validation/full-v1/0147/worker0.result.json,2d407a378a863a52da84d070a70ebe5890eb0e4c7ebf11a38611a724a57daaba,EXACT_BYTES; ARCHIVE_RESTORE
artifact/results/native_validation/full-v1/0147/worker1.result.json,artifact/results/native_validation/full-v1/0147/worker1.result.json,5dac07920a0d2556d8c87fc4a5b23a4bb16133347d6b7671fa0d1840b77cc034,EXACT_BYTES; ARCHIVE_RESTORE
artifact/results/native_validation/full-v1/0147/worker2.result.json,artifact/results/native_validation/full-v1/0147/worker2.result.json,63caa83f3b7efa701ce4dddbdb208ab5bfca1c75bce0f7306d0de6b62c0e5c98,EXACT_BYTES; ARCHIVE_RESTORE
artifact/results/native_validation/full-v1/0147/worker3.result.json,artifact/results/native_validation/full-v1/0147/worker3.result.json,f4b6ab73c4c77b3d4b3219d34bf7124ec03c0490e333b690c215e4ab558be691,EXACT_BYTES; ARCHIVE_RESTORE
artifact/results/native_validation/full-v1/0148/worker0.result.json,artifact/results/native_validation/full-v1/0148/worker0.result.json,d4c6dd7a761cf31e508f97638430f803c49e890a18b32c3101c4a81feddd9a7d,EXACT_BYTES; ARCHIVE_RESTORE
artifact/results/native_validation/full-v1/0149/worker0.result.json,artifact/results/native_validation/full-v1/0149/worker0.result.json,2ba99a6cc71705d659fbe52dfa30e1fad9fa25dd49e1dbf35b830c6d40cfdec9,EXACT_BYTES; ARCHIVE_RESTORE
artifact/results/native_validation/full-v1/0149/worker1.result.json,artifact/results/native_validation/full-v1/0149/worker1.result.json,5d686a08be4829d0926465ed550db8084999de1550b3f069787707d2d697666a,EXACT_BYTES; ARCHIVE_RESTORE
artifact/results/native_validation/full-v1/0149/worker2.result.json,artifact/results/native_validation/full-v1/0149/worker2.result.json,994f62409e77a4bd2b856d2dde1fe7fb336471f6892bc01895b8a971f0a21e40,EXACT_BYTES; ARCHIVE_RESTORE
artifact/results/native_validation/full-v1/0149/worker3.result.json,artifact/results/native_validation/full-v1/0149/worker3.result.json,86510f4fd9e1d620527c6530ab394c5b74ea56a167c719ed9583307673bb6bff,EXACT_BYTES; ARCHIVE_RESTORE
artifact/results/native_validation/full-v1/0150/worker0.result.json,artifact/results/native_validation/full-v1/0150/worker0.result.json,9cdd803d1e2f29c884bfc6ef2739cb71afa6ad39d92263413179ecf6b573d293,EXACT_BYTES; ARCHIVE_RESTORE
artifact/results/native_validation/full-v1/0151/worker0.result.json,artifact/results/native_validation/full-v1/0151/worker0.result.json,e69935acd4c0112cf32e96275ae87639283b73c677a45195ed63c5a9eea7661e,EXACT_BYTES; ARCHIVE_RESTORE
artifact/results/native_validation/full-v1/0151/worker1.result.json,artifact/results/native_validation/full-v1/0151/worker1.result.json,02bf6cb012791820d6e58e43d66f96451dc5a4876d12c2c81447cb75641a4a7d,EXACT_BYTES; ARCHIVE_RESTORE
artifact/results/native_validation/full-v1/0151/worker2.result.json,artifact/results/native_validation/full-v1/0151/worker2.result.json,2f704ed8d0ed8bbeb5b8623fe28864ab4e4a5711171ef78ce821a434bc22802b,EXACT_BYTES; ARCHIVE_RESTORE
artifact/results/native_validation/full-v1/0151/worker3.result.json,artifact/results/native_validation/full-v1/0151/worker3.result.json,eddb0a82db20040e4abed64794a33d65b59b675e0c4fdef1024ba1975e10b4b0,EXACT_BYTES; ARCHIVE_RESTORE
artifact/results/native_validation/full-v1/0152/worker0.result.json,artifact/results/native_validation/full-v1/0152/worker0.result.json,20cc4d38a27504641dc9c29b58f1501b02f3b234e84a62ca7334c7cf60539f0f,EXACT_BYTES; ARCHIVE_RESTORE
artifact/results/native_validation/full-v1/0153/worker0.result.json,artifact/results/native_validation/full-v1/0153/worker0.result.json,ffd6fd017aee6ccf19b823e658eda7f93e81612c01db1a25ca4eb209c4e4e64f,EXACT_BYTES; ARCHIVE_RESTORE
artifact/results/native_validation/full-v1/0153/worker1.result.json,artifact/results/native_validation/full-v1/0153/worker1.result.json,139e080055115adead181131d24b49ad1d9a435b0e119bd2bae8ba6494c2c682,EXACT_BYTES; ARCHIVE_RESTORE
artifact/results/native_validation/full-v1/0153/worker2.result.json,artifact/results/native_validation/full-v1/0153/worker2.result.json,883350ba3d1d5bd3c51db6fc12ecab75a026b229e5082b69d530ad9383670f0e,EXACT_BYTES; ARCHIVE_RESTORE
artifact/results/native_validation/full-v1/0153/worker3.result.json,artifact/results/native_validation/full-v1/0153/worker3.result.json,7613c253c00b1d9a9827f69cd558668439851061b792be0e89afd5ef6b416618,EXACT_BYTES; ARCHIVE_RESTORE
artifact/results/native_validation/full-v1/0154/worker0.result.json,artifact/results/native_validation/full-v1/0154/worker0.result.json,86e5e28ea1b7e3b1f5d7d87f0143a8eb11e38876e23e22c482e68779acc6b8de,EXACT_BYTES; ARCHIVE_RESTORE
artifact/results/native_validation/full-v1/0155/worker0.result.json,artifact/results/native_validation/full-v1/0155/worker0.result.json,8e6f4e2aab275e3ad43cca6b292c150a3d578c935d44307e75f1e54582aa1059,EXACT_BYTES; ARCHIVE_RESTORE
artifact/results/native_validation/full-v1/0155/worker1.result.json,artifact/results/native_validation/full-v1/0155/worker1.result.json,de620818432f2386b955d30c43478b697c500ba70aac98b7ba5895cedd5ac957,EXACT_BYTES; ARCHIVE_RESTORE
artifact/results/native_validation/full-v1/0155/worker2.result.json,artifact/results/native_validation/full-v1/0155/worker2.result.json,03a208f575df75ebdd32588d02bed0fd20821399f8374f97cc6cb75296ae6e0d,EXACT_BYTES; ARCHIVE_RESTORE
artifact/results/native_validation/full-v1/0155/worker3.result.json,artifact/results/native_validation/full-v1/0155/worker3.result.json,8cedf59137c4e4ec5de679c328bd156cb98eddbdcdee35bc5c91909ca14c4ea1,EXACT_BYTES; ARCHIVE_RESTORE
artifact/results/native_validation/full-v1/0156/worker0.result.json,artifact/results/native_validation/full-v1/0156/worker0.result.json,6b197327543b8dd57a4964497f16d65053f500ca645ba755e11aff5b4631b35c,EXACT_BYTES; ARCHIVE_RESTORE
artifact/results/native_validation/full-v1/0157/worker0.result.json,artifact/results/native_validation/full-v1/0157/worker0.result.json,25f10871a124022a06d82b77f068b269e2fceab8582449f7dcd6b0f267f8c39b,EXACT_BYTES; ARCHIVE_RESTORE
artifact/results/native_validation/full-v1/0157/worker1.result.json,artifact/results/native_validation/full-v1/0157/worker1.result.json,c2d41261dcf8c2e764915a5aef31236eabf0e012636f0b9f69802d395ade97ea,EXACT_BYTES; ARCHIVE_RESTORE
artifact/results/native_validation/full-v1/0157/worker2.result.json,artifact/results/native_validation/full-v1/0157/worker2.result.json,7c7384854cdeb02c89ddabdef19ea4f324f245695d9584c1475d8085bdd59819,EXACT_BYTES; ARCHIVE_RESTORE
artifact/results/native_validation/full-v1/0157/worker3.result.json,artifact/results/native_validation/full-v1/0157/worker3.result.json,03bc528dea2dae95b785918217f1e75fa57e1a022a9740fdab83d7a2a1185343,EXACT_BYTES; ARCHIVE_RESTORE
artifact/results/native_validation/full-v1/0158/worker0.result.json,artifact/results/native_validation/full-v1/0158/worker0.result.json,3685103b801fedbfdc060008eba99b4c675b17122bf93d523bf830404c3418e0,EXACT_BYTES; ARCHIVE_RESTORE
artifact/results/native_validation/full-v1/0159/worker0.result.json,artifact/results/native_validation/full-v1/0159/worker0.result.json,ceabdfa713530a37520ff5c529647b7d0c3c8c28ccf0a7262bf5e77a947486b5,EXACT_BYTES; ARCHIVE_RESTORE
artifact/results/native_validation/full-v1/0159/worker1.result.json,artifact/results/native_validation/full-v1/0159/worker1.result.json,bd731edff04ca6b774d49a17130a68c658198666198f1881bd74329b11d2cbef,EXACT_BYTES; ARCHIVE_RESTORE
artifact/results/native_validation/full-v1/0159/worker2.result.json,artifact/results/native_validation/full-v1/0159/worker2.result.json,58dc863374a0909b8c99ebd817f6484fdaa0db8f00e586de43c9a0b1b30d3a43,EXACT_BYTES; ARCHIVE_RESTORE
artifact/results/native_validation/full-v1/0159/worker3.result.json,artifact/results/native_validation/full-v1/0159/worker3.result.json,e70fd3d18226201c0ee4024e0a8466f2f4a49b4d25842f42c84a1e9f17d53bd3,EXACT_BYTES; ARCHIVE_RESTORE
artifact/results/native_validation/full-v1/0160/worker0.result.json,artifact/results/native_validation/full-v1/0160/worker0.result.json,2877522811d1ea40fd6b4d20704ca7cd8206f75b45d0eee0ee12ffeaaa7cc735,EXACT_BYTES; ARCHIVE_RESTORE
artifact/results/native_validation/full-v1/0161/worker0.result.json,artifact/results/native_validation/full-v1/0161/worker0.result.json,a69eb79e4cd099d5bde6ab97aa64f1c081852109876b05d3bd5ea204e8078f6c,EXACT_BYTES; ARCHIVE_RESTORE
artifact/results/native_validation/full-v1/0161/worker1.result.json,artifact/results/native_validation/full-v1/0161/worker1.result.json,ca7045c59fd980ca5c73ebabda3d3de6cc06947227d19b1a0a0bd9777aa12190,EXACT_BYTES; ARCHIVE_RESTORE
artifact/results/native_validation/full-v1/0161/worker2.result.json,artifact/results/native_validation/full-v1/0161/worker2.result.json,fc40bfc8bd767f75d8501afaeae3f654afb05784069a29572ae7d8cb234f86d0,EXACT_BYTES; ARCHIVE_RESTORE
artifact/results/native_validation/full-v1/0161/worker3.result.json,artifact/results/native_validation/full-v1/0161/worker3.result.json,989c3fb4f158603a9d00948144a92e3e2d37f4372ba8d4b1ca0f0b9d0618a5f5,EXACT_BYTES; ARCHIVE_RESTORE
artifact/results/native_validation/full-v1/0162/worker0.result.json,artifact/results/native_validation/full-v1/0162/worker0.result.json,41b425ca50a4c8f9de91ea3fc56d2d3e18d9e50c49144fcb2ee7d160d6cc4e5b,EXACT_BYTES; ARCHIVE_RESTORE
artifact/results/native_validation/full-v1/0163/worker0.result.json,artifact/results/native_validation/full-v1/0163/worker0.result.json,1073fd9176fbbdfc60e238cd8c4a067985849afb9c88a7098bedc4b2dd09bd24,EXACT_BYTES; ARCHIVE_RESTORE
artifact/results/native_validation/full-v1/0163/worker1.result.json,artifact/results/native_validation/full-v1/0163/worker1.result.json,69082de39ad2952c284dbfbf5fb0928f32c96ad9fb92e3cfbccd71e8f06d7026,EXACT_BYTES; ARCHIVE_RESTORE
artifact/results/native_validation/full-v1/0163/worker2.result.json,artifact/results/native_validation/full-v1/0163/worker2.result.json,ced9b2aaebfeee6c426d7885a2c46b3c224ca99c3fd6ad7f6ea22d2cb19cd255,EXACT_BYTES; ARCHIVE_RESTORE
artifact/results/native_validation/full-v1/0163/worker3.result.json,artifact/results/native_validation/full-v1/0163/worker3.result.json,dfa617b3190d704f751606208f4c8a0794c262bdd3172988884a5b5d347f1b84,EXACT_BYTES; ARCHIVE_RESTORE
artifact/results/native_validation/full-v1/0164/worker0.result.json,artifact/results/native_validation/full-v1/0164/worker0.result.json,d345d4f2c138d635187cb9da6bf4f8cb43fa3a710c21b36fbe7e1647435f0143,EXACT_BYTES; ARCHIVE_RESTORE
artifact/results/native_validation/full-v1/0165/worker0.result.json,artifact/results/native_validation/full-v1/0165/worker0.result.json,f0a7649df3f88c09611b016f72139c920f82eb3cad4c900a9e006a53189a0f41,EXACT_BYTES; ARCHIVE_RESTORE
artifact/results/native_validation/full-v1/0165/worker1.result.json,artifact/results/native_validation/full-v1/0165/worker1.result.json,1d30e80cb4f8b17eeeb73eb2892c8ddb9aa31eb238bae0e859842ed39777253b,EXACT_BYTES; ARCHIVE_RESTORE
artifact/results/native_validation/full-v1/0165/worker2.result.json,artifact/results/native_validation/full-v1/0165/worker2.result.json,4984ee92f5e652a458f60a7f9213b02cb0b36d909f46e6eb1248a97701d7b5ed,EXACT_BYTES; ARCHIVE_RESTORE
artifact/results/native_validation/full-v1/0165/worker3.result.json,artifact/results/native_validation/full-v1/0165/worker3.result.json,4b055f6f6b401e1490b9c0516fa6b2390dd6dbbc6fa785936e32fe35f327108b,EXACT_BYTES; ARCHIVE_RESTORE
artifact/results/native_validation/full-v1/0166/worker0.result.json,artifact/results/native_validation/full-v1/0166/worker0.result.json,c05701d5ac33abb165c234d42b3f60d019d3c7ae41d403631276a2e60b324f18,EXACT_BYTES; ARCHIVE_RESTORE
artifact/results/native_validation/full-v1/0167/worker0.result.json,artifact/results/native_validation/full-v1/0167/worker0.result.json,fab1b75a8f49d30e66f41406ecbbce8a98c3bf5331d81666ca27f2050ae7e5b0,EXACT_BYTES; ARCHIVE_RESTORE
artifact/results/native_validation/full-v1/0167/worker1.result.json,artifact/results/native_validation/full-v1/0167/worker1.result.json,27998414f6e6f27eb58f27568d073341858e7cc16e6bd505732130cf19b24471,EXACT_BYTES; ARCHIVE_RESTORE
artifact/results/native_validation/full-v1/0167/worker2.result.json,artifact/results/native_validation/full-v1/0167/worker2.result.json,d0cb1dfb29119ebce4d0912ca0b40aaa0dd40dbb5a75f0d8b8f18710ebb148dd,EXACT_BYTES; ARCHIVE_RESTORE
artifact/results/native_validation/full-v1/0167/worker3.result.json,artifact/results/native_validation/full-v1/0167/worker3.result.json,3922bbd32412b9941ea90000af83f22609d0e7126e2414d033b10f871a4f8138,EXACT_BYTES; ARCHIVE_RESTORE
artifact/results/native_validation/full-v1/0168/worker0.result.json,artifact/results/native_validation/full-v1/0168/worker0.result.json,123a92f0b05916d73579d8ffce3eaed906025b07b4be8389a2ad6d07fd555806,EXACT_BYTES; ARCHIVE_RESTORE
artifact/results/native_validation/full-v1/0169/worker0.result.json,artifact/results/native_validation/full-v1/0169/worker0.result.json,80554347bff6087acc234410557584429e4b9b4135162b257d05ebf9ed46a436,EXACT_BYTES; ARCHIVE_RESTORE
artifact/results/native_validation/full-v1/0169/worker1.result.json,artifact/results/native_validation/full-v1/0169/worker1.result.json,c6340918f7c22883a36214a880cbfcc3cf3af1e3efedbdf9f546782bdefa5b0e,EXACT_BYTES; ARCHIVE_RESTORE
artifact/results/native_validation/full-v1/0169/worker2.result.json,artifact/results/native_validation/full-v1/0169/worker2.result.json,62a0892a6fa8b177ceb93b9c32404c00a5363b999757da75e329833fc61697b6,EXACT_BYTES; ARCHIVE_RESTORE
artifact/results/native_validation/full-v1/0169/worker3.result.json,artifact/results/native_validation/full-v1/0169/worker3.result.json,29b543229b11be16c659f9851373fcc432d2f29141fe409ddc70293756f50636,EXACT_BYTES; ARCHIVE_RESTORE
artifact/results/native_validation/full-v1/0170/worker0.result.json,artifact/results/native_validation/full-v1/0170/worker0.result.json,a5483591fc356da8765eba143763b8da19fa51487e915c61ab7a1f6c35a9d239,EXACT_BYTES; ARCHIVE_RESTORE
artifact/results/native_validation/full-v1/0171/worker0.result.json,artifact/results/native_validation/full-v1/0171/worker0.result.json,f8a61a3d68acf0c57c3c3ebf7e53a526b21e03cf89f00985f1873e5373520510,EXACT_BYTES; ARCHIVE_RESTORE
artifact/results/native_validation/full-v1/0171/worker1.result.json,artifact/results/native_validation/full-v1/0171/worker1.result.json,14078c4df3c3661ce9b72cfb911eaaa503a46b11281755e5807a09f737786ab6,EXACT_BYTES; ARCHIVE_RESTORE
artifact/results/native_validation/full-v1/0171/worker2.result.json,artifact/results/native_validation/full-v1/0171/worker2.result.json,fddb4fc2f457207b2a5a0d4e10fca83f12d25da5221c6adbdfdddcd487715046,EXACT_BYTES; ARCHIVE_RESTORE
artifact/results/native_validation/full-v1/0171/worker3.result.json,artifact/results/native_validation/full-v1/0171/worker3.result.json,a521940b20a6423127626665db39113f7c5347f80486c113f9c6308f827f9368,EXACT_BYTES; ARCHIVE_RESTORE
artifact/results/native_validation/full-v1/0172/worker0.result.json,artifact/results/native_validation/full-v1/0172/worker0.result.json,32a0e8b5f1cd82faa43f9c5e9084b0b5f58891df02ef1b3df36b792548087aba,EXACT_BYTES; ARCHIVE_RESTORE
artifact/results/native_validation/full-v1/0173/worker0.result.json,artifact/results/native_validation/full-v1/0173/worker0.result.json,61b094410a0057aa0be80ddb0122338554c034533a4fe9d8c07ac4ba40d0ce87,EXACT_BYTES; ARCHIVE_RESTORE
artifact/results/native_validation/full-v1/0173/worker1.result.json,artifact/results/native_validation/full-v1/0173/worker1.result.json,d6d4c19d772bd0f419cdf6c89dcd8c66f70929a273ee0ee434920b1474cd9645,EXACT_BYTES; ARCHIVE_RESTORE
artifact/results/native_validation/full-v1/0173/worker2.result.json,artifact/results/native_validation/full-v1/0173/worker2.result.json,0bbe4280e9c5d94cbc2083fbed01e6aecabbba1d82cd0bceeb3fb9767a071dc2,EXACT_BYTES; ARCHIVE_RESTORE
artifact/results/native_validation/full-v1/0173/worker3.result.json,artifact/results/native_validation/full-v1/0173/worker3.result.json,21475f25f0cf0c7a6acae38aa2e95109c5a4f7547a833460c7954dbff5f51e00,EXACT_BYTES; ARCHIVE_RESTORE
artifact/results/native_validation/full-v1/0174/worker0.result.json,artifact/results/native_validation/full-v1/0174/worker0.result.json,2994347ffefe75fa472f0889766357b79b0bd6ad00c9bcb84f6e26d8651f1e79,EXACT_BYTES; ARCHIVE_RESTORE
artifact/results/native_validation/full-v1/0175/worker0.result.json,artifact/results/native_validation/full-v1/0175/worker0.result.json,6a03961e57a098e0edc94dae88d94281c5a86efb7e8563c2634e1a4691a078d4,EXACT_BYTES; ARCHIVE_RESTORE
artifact/results/native_validation/full-v1/0175/worker1.result.json,artifact/results/native_validation/full-v1/0175/worker1.result.json,63097438d8dc847fae1555431c607c1adaabfb96144a6fd97e8b32946a18155e,EXACT_BYTES; ARCHIVE_RESTORE
artifact/results/native_validation/full-v1/0175/worker2.result.json,artifact/results/native_validation/full-v1/0175/worker2.result.json,68d99932d559b0ebb881f80beb0c5cd56d21cafe80cd2d25f1c6aa5652353b7c,EXACT_BYTES; ARCHIVE_RESTORE
artifact/results/native_validation/full-v1/0175/worker3.result.json,artifact/results/native_validation/full-v1/0175/worker3.result.json,acc5275b75b6618220efa6abd0949c87422f357a3ad883402c8337b4fed5a218,EXACT_BYTES; ARCHIVE_RESTORE
artifact/results/native_validation/full-v1/0176/worker0.result.json,artifact/results/native_validation/full-v1/0176/worker0.result.json,a9eb82e353673ccde753a264f3d8167149b50097a3f1007486395c1e6d18efc8,EXACT_BYTES; ARCHIVE_RESTORE
artifact/results/native_validation/full-v1/0177/worker0.result.json,artifact/results/native_validation/full-v1/0177/worker0.result.json,cc06fb293e519f13908ab57cc5c21b3eb5e973af077f6fd650886f808335a7c9,EXACT_BYTES; ARCHIVE_RESTORE
artifact/results/native_validation/full-v1/0177/worker1.result.json,artifact/results/native_validation/full-v1/0177/worker1.result.json,cdea95e28991f00ba1b8b380dadbfc702fcfeb8abec49226d37a9c6d2dc215c6,EXACT_BYTES; ARCHIVE_RESTORE
artifact/results/native_validation/full-v1/0177/worker2.result.json,artifact/results/native_validation/full-v1/0177/worker2.result.json,e466ef286e2419a1d262470bca833308ce8c7b1a205fcc4ecd12b018ce3f77ec,EXACT_BYTES; ARCHIVE_RESTORE
artifact/results/native_validation/full-v1/0177/worker3.result.json,artifact/results/native_validation/full-v1/0177/worker3.result.json,aaa6c2d4682519260f215e40a017c00c24e065fda15b89a50c50e566c2da09e7,EXACT_BYTES; ARCHIVE_RESTORE
artifact/results/native_validation/full-v1/0178/worker0.result.json,artifact/results/native_validation/full-v1/0178/worker0.result.json,db64543cbc72a10eec68c4df5734fea4b87b4f4b034974c660c84233bc2abd89,EXACT_BYTES; ARCHIVE_RESTORE
artifact/results/native_validation/full-v1/0179/worker0.result.json,artifact/results/native_validation/full-v1/0179/worker0.result.json,02377fcf00312d9aee2ba736bb1c408607e67421274bcbd1082e08766e82de41,EXACT_BYTES; ARCHIVE_RESTORE
artifact/results/native_validation/full-v1/0179/worker1.result.json,artifact/results/native_validation/full-v1/0179/worker1.result.json,362cf642f7424f0fe54b5d5c80dff1156132dac287c9388e07cbc787d682515e,EXACT_BYTES; ARCHIVE_RESTORE
artifact/results/native_validation/full-v1/0179/worker2.result.json,artifact/results/native_validation/full-v1/0179/worker2.result.json,e051c1725e320b228094c1dbae6ab3364a2e09040cb7aa3f93a9941dc96e02db,EXACT_BYTES; ARCHIVE_RESTORE
artifact/results/native_validation/full-v1/0179/worker3.result.json,artifact/results/native_validation/full-v1/0179/worker3.result.json,2442db0879b05dd25e6063151454b06e716593b9edb9b42a46c0d8b8280944f7,EXACT_BYTES; ARCHIVE_RESTORE
artifact/results/native_validation/full-v1/0180/worker0.result.json,artifact/results/native_validation/full-v1/0180/worker0.result.json,58dd1c3f9246cc50ab61e5555b2e4e7e3c23b7ee454f23e9f5b8e34fd8cf12c9,EXACT_BYTES; ARCHIVE_RESTORE
artifact/results/native_validation/full-v1/0181/worker0.result.json,artifact/results/native_validation/full-v1/0181/worker0.result.json,fd9d115ff94beaf1ff29e2d43ef0648438ffdd522aaccd1efcaeab7590798258,EXACT_BYTES; ARCHIVE_RESTORE
artifact/results/native_validation/full-v1/0181/worker1.result.json,artifact/results/native_validation/full-v1/0181/worker1.result.json,bc775301a9d8fa21d53fd5a07a28fa0b55502a7e9d8a5d2cc8eb8680d55c984f,EXACT_BYTES; ARCHIVE_RESTORE
artifact/results/native_validation/full-v1/0181/worker2.result.json,artifact/results/native_validation/full-v1/0181/worker2.result.json,4cca3298c4dc645a6f69a7994e55911dc01a7111c3080908eeaf92979a3082ee,EXACT_BYTES; ARCHIVE_RESTORE
artifact/results/native_validation/full-v1/0181/worker3.result.json,artifact/results/native_validation/full-v1/0181/worker3.result.json,b6bd4624efb99415ca45364ef1be13190deaf0ab9dc55494426df618262f17cf,EXACT_BYTES; ARCHIVE_RESTORE
artifact/results/native_validation/full-v1/0182/worker0.result.json,artifact/results/native_validation/full-v1/0182/worker0.result.json,71a963b356e9e8425ba1d750c0c379c15d78bc540fa29ba1069efbb0d7faf2f5,EXACT_BYTES; ARCHIVE_RESTORE
artifact/results/native_validation/full-v1/0183/worker0.result.json,artifact/results/native_validation/full-v1/0183/worker0.result.json,13be832e49599ab13da92a7b9b6c283908c75833e1b33b9de7dfbb6f5cff4009,EXACT_BYTES; ARCHIVE_RESTORE
artifact/results/native_validation/full-v1/0183/worker1.result.json,artifact/results/native_validation/full-v1/0183/worker1.result.json,311592ffd06d3f2ea742b6c61299e3f208a732636a80ac64f2daef408dcb40c4,EXACT_BYTES; ARCHIVE_RESTORE
artifact/results/native_validation/full-v1/0183/worker2.result.json,artifact/results/native_validation/full-v1/0183/worker2.result.json,98e520ce7cf1b311cd60c708297f93c6f8a410beec1048c7e1a19d22d95ba145,EXACT_BYTES; ARCHIVE_RESTORE
artifact/results/native_validation/full-v1/0183/worker3.result.json,artifact/results/native_validation/full-v1/0183/worker3.result.json,c86fcdf5cf1b91a00fcdf0562fae59f9a24b1eeeeb7e629db02964b79e500049,EXACT_BYTES; ARCHIVE_RESTORE
artifact/results/native_validation/full-v1/0184/worker0.result.json,artifact/results/native_validation/full-v1/0184/worker0.result.json,b300239a6af4704392a013ab74e4415cda077d2faf3010a67144eb55ec6ae95b,EXACT_BYTES; ARCHIVE_RESTORE
artifact/results/native_validation/full-v1/0185/worker0.result.json,artifact/results/native_validation/full-v1/0185/worker0.result.json,1ef4b9443e7efe384eb70447c16acb823540a75323cc1670e2c157d3d03432ad,EXACT_BYTES; ARCHIVE_RESTORE
artifact/results/native_validation/full-v1/0185/worker1.result.json,artifact/results/native_validation/full-v1/0185/worker1.result.json,400cf3c08c8bcca7fe611102e1a1afcc80ba633a5a09bb14a3a14381dc9c81b7,EXACT_BYTES; ARCHIVE_RESTORE
artifact/results/native_validation/full-v1/0185/worker2.result.json,artifact/results/native_validation/full-v1/0185/worker2.result.json,7a5303dc634d85fe5247b57982278134c64f9c8c2a170954b6456e82410e4299,EXACT_BYTES; ARCHIVE_RESTORE
artifact/results/native_validation/full-v1/0185/worker3.result.json,artifact/results/native_validation/full-v1/0185/worker3.result.json,4d7e114741c3eeaaf708a66488d5a95f98e36cc3b6ec16ee86512058c5541b17,EXACT_BYTES; ARCHIVE_RESTORE
artifact/results/native_validation/full-v1/0186/worker0.result.json,artifact/results/native_validation/full-v1/0186/worker0.result.json,34d4c653071a38fb4598add007b3532e023f18578af0344005d47c570a5549da,EXACT_BYTES; ARCHIVE_RESTORE
artifact/results/native_validation/full-v1/0187/worker0.result.json,artifact/results/native_validation/full-v1/0187/worker0.result.json,c4c5272f93dc0556f91709a5539f77c60df4311bba65fb2f193cce06c8c496ce,EXACT_BYTES; ARCHIVE_RESTORE
artifact/results/native_validation/full-v1/0187/worker1.result.json,artifact/results/native_validation/full-v1/0187/worker1.result.json,cda0539e5d10e1d47ed52dfa0f8ecfb76c78ddbfb6f5459704d7cc891be549af,EXACT_BYTES; ARCHIVE_RESTORE
artifact/results/native_validation/full-v1/0187/worker2.result.json,artifact/results/native_validation/full-v1/0187/worker2.result.json,0c2d42cdb06d5f576aae4d381037962ac6bf77950dc0f1df0adbecb858417298,EXACT_BYTES; ARCHIVE_RESTORE
artifact/results/native_validation/full-v1/0187/worker3.result.json,artifact/results/native_validation/full-v1/0187/worker3.result.json,f93e9701a7d464c90ea7d3f3bceaeb0cb64d3030fa01df9edd99c8aca0261499,EXACT_BYTES; ARCHIVE_RESTORE
artifact/results/native_validation/full-v1/0188/worker0.result.json,artifact/results/native_validation/full-v1/0188/worker0.result.json,472ba6ec4aa00a058ee077304794eb7aa7d204a0e182e689f32ae26bd7feec83,EXACT_BYTES; ARCHIVE_RESTORE
artifact/results/native_validation/full-v1/0189/worker0.result.json,artifact/results/native_validation/full-v1/0189/worker0.result.json,2922fa0a06b7f6d74dc747ede3328abec7fecfeadf46cef180bfcb1fc6ed0ed0,EXACT_BYTES; ARCHIVE_RESTORE
artifact/results/native_validation/full-v1/0189/worker1.result.json,artifact/results/native_validation/full-v1/0189/worker1.result.json,1e2febef2f2b8eac0f0af018778ea95ab774d5d2d7f93289cfc41b455fcf6e11,EXACT_BYTES; ARCHIVE_RESTORE
artifact/results/native_validation/full-v1/0189/worker2.result.json,artifact/results/native_validation/full-v1/0189/worker2.result.json,4f4f48e2972a470a8222115de5c424faa0f48fcb7ed0337a23b461c93c92a661,EXACT_BYTES; ARCHIVE_RESTORE
artifact/results/native_validation/full-v1/0189/worker3.result.json,artifact/results/native_validation/full-v1/0189/worker3.result.json,0a0c157d599ebd68eda47b2864eb6910f7404519197deeed9743c439b26082f3,EXACT_BYTES; ARCHIVE_RESTORE
artifact/results/native_validation/full-v1/0190/worker0.result.json,artifact/results/native_validation/full-v1/0190/worker0.result.json,b320ded4cefb04107406e75e424d60cb9dc28056c94abef5a13015d091f74f9f,EXACT_BYTES; ARCHIVE_RESTORE
artifact/results/native_validation/full-v1/0191/worker0.result.json,artifact/results/native_validation/full-v1/0191/worker0.result.json,8f962597c14f96ccfec136891fe5d9e23d36d1adf1869955eb31ea7860c1fa91,EXACT_BYTES; ARCHIVE_RESTORE
artifact/results/native_validation/full-v1/0191/worker1.result.json,artifact/results/native_validation/full-v1/0191/worker1.result.json,16526fd4b742951b30db4f191c98f3ea7bf3b89541dd951551cf3540a724a279,EXACT_BYTES; ARCHIVE_RESTORE
artifact/results/native_validation/full-v1/0191/worker2.result.json,artifact/results/native_validation/full-v1/0191/worker2.result.json,b227117135e2c863f9a04bd5d9be12aec24b90458e0873dd7e506e89cf2d125c,EXACT_BYTES; ARCHIVE_RESTORE
artifact/results/native_validation/full-v1/0191/worker3.result.json,artifact/results/native_validation/full-v1/0191/worker3.result.json,75a65cbc24d7f9af7ab8568e40ac4ea4e83ebb25fe7e3ac4d9ca242ee6100720,EXACT_BYTES; ARCHIVE_RESTORE
artifact/results/native_validation/full-v1/0192/worker0.result.json,artifact/results/native_validation/full-v1/0192/worker0.result.json,ce829724f7db02e36ce24946c3402fd9f860dfc0151f4cb5c7b0ef2db810e88f,EXACT_BYTES; ARCHIVE_RESTORE
artifact/results/native_validation/full-v1/0193/worker0.result.json,artifact/results/native_validation/full-v1/0193/worker0.result.json,483cd14dc9ce4afaaf94f6d6a2a66f8f68b867088f81be3ebcca08db70688d34,EXACT_BYTES; ARCHIVE_RESTORE
artifact/results/native_validation/full-v1/0193/worker1.result.json,artifact/results/native_validation/full-v1/0193/worker1.result.json,fd61d1ff2e9a2570d6c945e230e071529af47178879b58a58ee1af20e724e062,EXACT_BYTES; ARCHIVE_RESTORE
artifact/results/native_validation/full-v1/0193/worker2.result.json,artifact/results/native_validation/full-v1/0193/worker2.result.json,4b3fb2866a1d5aa1e66fe54b7f4c3c65f98103423580a02598cfdfae902c2a5d,EXACT_BYTES; ARCHIVE_RESTORE
artifact/results/native_validation/full-v1/0193/worker3.result.json,artifact/results/native_validation/full-v1/0193/worker3.result.json,2e935f22e574b3124c7fa5488daab25fa60f63174c20b9db1fd36bebc218a350,EXACT_BYTES; ARCHIVE_RESTORE
artifact/results/native_validation/full-v1/0194/worker0.result.json,artifact/results/native_validation/full-v1/0194/worker0.result.json,ebfb81a8ad864540acb1a27a7194c7223ec94c38d1c2e802855d7765c0be4f51,EXACT_BYTES; ARCHIVE_RESTORE
artifact/results/native_validation/full-v1/0195/worker0.result.json,artifact/results/native_validation/full-v1/0195/worker0.result.json,c9b5b581e393f332d07df5ba11901388146da7b298fee2d04282bc29cb49d277,EXACT_BYTES; ARCHIVE_RESTORE
artifact/results/native_validation/full-v1/0195/worker1.result.json,artifact/results/native_validation/full-v1/0195/worker1.result.json,0a3b07f48f998ca9c71ebe583bad62a46b27ba363a187d8611c8818e01dfc91b,EXACT_BYTES; ARCHIVE_RESTORE
artifact/results/native_validation/full-v1/0195/worker2.result.json,artifact/results/native_validation/full-v1/0195/worker2.result.json,9cea3b76a9d6fa2b370f02800d081a7619dd1029336c8891a036d4291417a4bd,EXACT_BYTES; ARCHIVE_RESTORE
artifact/results/native_validation/full-v1/0195/worker3.result.json,artifact/results/native_validation/full-v1/0195/worker3.result.json,a5fb5eb8d178539d320026f59467ed28d015f482b533e6a26921d6a9d05c3b4a,EXACT_BYTES; ARCHIVE_RESTORE
artifact/results/native_validation/full-v1/0196/worker0.result.json,artifact/results/native_validation/full-v1/0196/worker0.result.json,bceef7e8c68b926b52a85ae3721d3e4f2b92bb9df848d6753fec027ebcc3a2a6,EXACT_BYTES; ARCHIVE_RESTORE
artifact/results/native_validation/full-v1/0197/worker0.result.json,artifact/results/native_validation/full-v1/0197/worker0.result.json,117a172e5a282bbebf9f85d86033f3ffaa1359cbecb6556fdf2e5ba56ddb9d04,EXACT_BYTES; ARCHIVE_RESTORE
artifact/results/native_validation/full-v1/0197/worker1.result.json,artifact/results/native_validation/full-v1/0197/worker1.result.json,a90406ecc61aa170a558b3887ec30259dce8118aba2a3344b14e9bd937101dfa,EXACT_BYTES; ARCHIVE_RESTORE
artifact/results/native_validation/full-v1/0197/worker2.result.json,artifact/results/native_validation/full-v1/0197/worker2.result.json,45f2978aae55dc7933a30389097ca04ccb851e198116b38984642091c5d4c188,EXACT_BYTES; ARCHIVE_RESTORE
artifact/results/native_validation/full-v1/0197/worker3.result.json,artifact/results/native_validation/full-v1/0197/worker3.result.json,d9c499a167924e2c986e7736c802a473d9fef54d0efd28b35e643bab488f00b2,EXACT_BYTES; ARCHIVE_RESTORE
artifact/results/native_validation/full-v1/0198/worker0.result.json,artifact/results/native_validation/full-v1/0198/worker0.result.json,ce8f348089ed230c5a21ea92f88c0e653aeab966f45a0a5c5d3824777455ac9b,EXACT_BYTES; ARCHIVE_RESTORE
artifact/results/native_validation/full-v1/0199/worker0.result.json,artifact/results/native_validation/full-v1/0199/worker0.result.json,0152f697b04104a93588a31a05148f4b462f4c129d81815c657eb0f9fc6af24f,EXACT_BYTES; ARCHIVE_RESTORE
artifact/results/native_validation/full-v1/0199/worker1.result.json,artifact/results/native_validation/full-v1/0199/worker1.result.json,a828bf3f2028566bfe132eb465b0886c71cf18f4e8863794ba7c59ada4990481,EXACT_BYTES; ARCHIVE_RESTORE
artifact/results/native_validation/full-v1/0199/worker2.result.json,artifact/results/native_validation/full-v1/0199/worker2.result.json,b4d210934686bd81628d70713da4942eed8fb2f8c6c9fec11d7ae0fdbacaae2f,EXACT_BYTES; ARCHIVE_RESTORE
artifact/results/native_validation/full-v1/0199/worker3.result.json,artifact/results/native_validation/full-v1/0199/worker3.result.json,35a149d54751ba8004d312d52547bfe5760b41bf24c8b41ad1ca57477aef68af,EXACT_BYTES; ARCHIVE_RESTORE
artifact/results/native_validation/full-v1/0200/worker0.result.json,artifact/results/native_validation/full-v1/0200/worker0.result.json,7674999270af29750c395ead7b4f19bb8ba2f52def65e70f13d125e00a0f6d16,EXACT_BYTES; ARCHIVE_RESTORE
artifact/results/native_validation/full-v1/0201/worker0.result.json,artifact/results/native_validation/full-v1/0201/worker0.result.json,8759eb92e48d97ab77761f5aa1bf635390b65d6fba535c5f3ee5c26303200564,EXACT_BYTES; ARCHIVE_RESTORE
artifact/results/native_validation/full-v1/0201/worker1.result.json,artifact/results/native_validation/full-v1/0201/worker1.result.json,9297ca0f86677ac8c386482ffadf9efebf0474a6a359353934281b43367fb1bf,EXACT_BYTES; ARCHIVE_RESTORE
artifact/results/native_validation/full-v1/0201/worker2.result.json,artifact/results/native_validation/full-v1/0201/worker2.result.json,499205955749e6e7f6343c43c566f175f8e818e1d0d534a39b22c536738e86e8,EXACT_BYTES; ARCHIVE_RESTORE
artifact/results/native_validation/full-v1/0201/worker3.result.json,artifact/results/native_validation/full-v1/0201/worker3.result.json,0253a541efa383258ad11ffc9214be0b826be1f4f7d4dbe53bbf9cd2ac0373aa,EXACT_BYTES; ARCHIVE_RESTORE
artifact/results/native_validation/full-v1/0202/worker0.result.json,artifact/results/native_validation/full-v1/0202/worker0.result.json,892edd640ad8d5ff980ad06cb9fd4fbd28d3a5fe35a4a9324d61ce265d416e07,EXACT_BYTES; ARCHIVE_RESTORE
artifact/results/native_validation/full-v1/0203/worker0.result.json,artifact/results/native_validation/full-v1/0203/worker0.result.json,05fa6fe192e7459d8fada33769a58366f73ba9677515c67e4d80c74197f1345f,EXACT_BYTES; ARCHIVE_RESTORE
artifact/results/native_validation/full-v1/0203/worker1.result.json,artifact/results/native_validation/full-v1/0203/worker1.result.json,c0a128ec5313c15e1cc78d476c39e519d228363b2c88ad1cb725d4233449f7f4,EXACT_BYTES; ARCHIVE_RESTORE
artifact/results/native_validation/full-v1/0203/worker2.result.json,artifact/results/native_validation/full-v1/0203/worker2.result.json,886bb4c6ace3365da67f4220b6dae9062cc172fc78cb92ed6ba8e32c867e4016,EXACT_BYTES; ARCHIVE_RESTORE
artifact/results/native_validation/full-v1/0203/worker3.result.json,artifact/results/native_validation/full-v1/0203/worker3.result.json,3d89041ec87b7a9a3ae91d64510fab68e320179b92e620a67f13b4adbd239a71,EXACT_BYTES; ARCHIVE_RESTORE
artifact/results/native_validation/full-v1/0204/worker0.result.json,artifact/results/native_validation/full-v1/0204/worker0.result.json,6efde67fa08b1c3ea94f181259c3f333e3379039888fa821d0dffe795e732fa7,EXACT_BYTES; ARCHIVE_RESTORE
artifact/results/native_validation/full-v1/0205/worker0.result.json,artifact/results/native_validation/full-v1/0205/worker0.result.json,c3741d98a32eec687c151c2c368f9c370d6569ac3b7b7ac14ec6c2a84104d30c,EXACT_BYTES; ARCHIVE_RESTORE
artifact/results/native_validation/full-v1/0205/worker1.result.json,artifact/results/native_validation/full-v1/0205/worker1.result.json,363ea9e582b793877419462ef261490231a7ac8bf548c30c975161436b2bf12d,EXACT_BYTES; ARCHIVE_RESTORE
artifact/results/native_validation/full-v1/0205/worker2.result.json,artifact/results/native_validation/full-v1/0205/worker2.result.json,1cffe6c0002de84b5ab83070472dc3ae06945b51338eae179f5452e32f8365fe,EXACT_BYTES; ARCHIVE_RESTORE
artifact/results/native_validation/full-v1/0205/worker3.result.json,artifact/results/native_validation/full-v1/0205/worker3.result.json,7e47c39c8d5f32f9856dbd0ee0c65906fa5a1ea8ac24f3465770e2d731797f97,EXACT_BYTES; ARCHIVE_RESTORE
artifact/results/native_validation/full-v1/0206/worker0.result.json,artifact/results/native_validation/full-v1/0206/worker0.result.json,cf1620ed8e94f3f0c1349aa2b3a0c1a33a52beca768e84078d71cb98ee230637,EXACT_BYTES; ARCHIVE_RESTORE
artifact/results/native_validation/full-v1/0207/worker0.result.json,artifact/results/native_validation/full-v1/0207/worker0.result.json,791d27593b6f7ac6dbf6320b8d9449511029e7ae0628c9a46e380b2a904dc52c,EXACT_BYTES; ARCHIVE_RESTORE
artifact/results/native_validation/full-v1/0207/worker1.result.json,artifact/results/native_validation/full-v1/0207/worker1.result.json,6a133161dfd833e3288790e40303d53ffcb9508a7b187d3ea29bc7baf2222e65,EXACT_BYTES; ARCHIVE_RESTORE
artifact/results/native_validation/full-v1/0207/worker2.result.json,artifact/results/native_validation/full-v1/0207/worker2.result.json,bb2d6a88df452f4317c47a99130ddd64265499a9bb738e0c39476726e5882e49,EXACT_BYTES; ARCHIVE_RESTORE
artifact/results/native_validation/full-v1/0207/worker3.result.json,artifact/results/native_validation/full-v1/0207/worker3.result.json,1b6d6cc99e8d8e0074e78f532b2e220743aa87e15e58012368dbdb1474fd3b42,EXACT_BYTES; ARCHIVE_RESTORE
artifact/results/native_validation/full-v1/functional_matrix.json,artifact/results/native_validation/full-v1/functional_matrix.json,a50ffca027807a718a2b83a041563002a13071d32222461459c753c2b4f4ad2b,EXACT_BYTES; ARCHIVE_RESTORE
artifact/results/native_validation/full-v1/validation_report.json,artifact/results/native_validation/full-v1/validation_report.json,7c34aea5c06ec6a7242668c741fadd5d429812f93bf44bd679f0c7cdfb9b1b56,EXACT_BYTES; ARCHIVE_RESTORE
artifact/scripts/analyze_b3.py,artifact/scripts/analyze_b3.py,f2713759ab5a9538a978278a9782ac3f61be3b751f5df52316f04f652e888456,EXACT_BYTES
artifact/scripts/b3_common.py,artifact/scripts/b3_common.py,c975793d7af1b5a0f9e17f8d3fcc1d451c879adf6eb20576411c6a371f116288,EXACT_BYTES
artifact/scripts/b3_runner.py,artifact/scripts/b3_runner.py,a645e50e8cec343a693d72556ef00af13bb39fb2eccf941f994dcd652aa2105d,EXACT_BYTES
artifact/scripts/build_b3.py,artifact/scripts/build_b3.py,5ed32ccd63bc103cf5a83b814acc062f18a72db406126bb84d37d0c8507dd32d,EXACT_BYTES
artifact/scripts/capacity_accounting.py,artifact/scripts/capacity_accounting.py,7e8c076e1d8d5d132ceb0382abb86a091225dfc4da598d28495707b5f8756b58,EXACT_BYTES
artifact/scripts/execute_b3.py,artifact/scripts/execute_b3.py,4fd0961af9cfd980026f633ca83ea534be54bbdc26859cb3aeecf8b9718a4ddf,EXACT_BYTES
artifact/scripts/recompute_accounting.py,artifact/scripts/recompute_accounting.py,946c29db65fbc70820d5b89e0151430f8f7bedbc92e52ed4c11889eb59dd2494,EXACT_BYTES
artifact/scripts/recompute_historical.py,artifact/scripts/recompute_historical.py,7dc7a9a873778cc83882eeee94c9f5b4c74d14e26c44cf5bb8693c4e1aad6659,EXACT_BYTES
artifact/scripts/render_historical_displays.py,artifact/scripts/render_historical_displays.py,ddc705193fbc770f1da9a88e673ce720dfbd2f7520fe63f81bdec3ae9e2490e1,EXACT_BYTES
artifact/tests/test_b3_analysis.py,artifact/tests/test_b3_analysis.py,ca68064328f1803c93e24530d9dd7df6df8245d9480cea5bbc8cb2fafb95ac79,EXACT_BYTES
artifact/tests/test_b3_native.py,artifact/tests/test_b3_native.py,67ab2073df47c420422e439d651bc54e79e9e83d285c4b5c77526b181ffde5dd,EXACT_BYTES
artifact/tests/test_b3_runner.py,artifact/tests/test_b3_runner.py,d6f8fbdb277b5549deaa1d515d05e175d6b4679f48fe28791978a482be6e4494,EXACT_BYTES
artifact/tests/test_b3_schedule.py,artifact/tests/test_b3_schedule.py,c02752b6ad607bb9377069d7e8638bf8d0c9be1089c8cf92477633a28fa32376,EXACT_BYTES
artifact/tests/test_capacity_accounting.py,artifact/tests/test_capacity_accounting.py,614813276b3ffc68b02ca023cc54cbffdf00cd1a82478a9af599372519180983,EXACT_BYTES
artifact/tests/test_historical.py,artifact/tests/test_historical.py,fbb365f7a4838ef2868e86c3242ed284a7bfbf3bd5ab514150bd5d7e5c82480b,EXACT_BYTES
native_xpir/m1_adapter.hpp,native_xpir/m1_adapter.hpp,22d4e912d551f8ae2557c6b79524c2431565c0c82f505e08cfaa8cdc6c62a3d0,EXACT_BYTES
native_xpir/s4_n/e2e.cpp,native_xpir/s4_n/e2e.cpp,29643d26fab7de8cf4d9d9e1c72132ea40c18febb5d53af1f15dc22f5b21b978,EXACT_BYTES
native_xpir/s4_n/support.hpp,native_xpir/s4_n/support.hpp,3574d3b8c9ec832a0a958c79bea4c2bfd76c94e4317b243d146d950d27f07d9f,EXACT_BYTES
revision_notes/B0_benchmark_manifest.json,revision_notes/B0_benchmark_manifest.json,69c130a37990ce1262292476b29f6b365974ecdbe383df0511b66822f5e3bd6e,EXACT_BYTES; ARCHIVE_RESTORE
revision_notes/B0_benchmark_manifest.json.sha256,revision_notes/B0_benchmark_manifest.json.sha256,c065524caadbe084dbef4c1357dc3914d3cdf3caba006be58a1466ac5ac4f9cb,EXACT_BYTES; ARCHIVE_RESTORE
revision_notes/B0_logs/build_environment.json,revision_notes/B0_logs/build_environment.json,19acb1fe7b90ada0160b403c4fff0b52645b1ca2dd54db9c7cf0ab8e118128c1,EXACT_BYTES; ARCHIVE_RESTORE
revision_notes/B0_run_schedule.json,revision_notes/B0_run_schedule.json,07925546f8a3a7b42d8e78ad4ee3ef3698ab075d6c8e681a2ca8a3fb802f6d30,EXACT_BYTES; ARCHIVE_RESTORE
revision_notes/B1_primary_audit/paired_ratio_recomputed.json,revision_notes/B1_primary_audit/paired_ratio_recomputed.json,440a8570d9a701a24a6fa9353e4b59895450f8489dda79d197019a6d693f019c,EXACT_BYTES; ARCHIVE_RESTORE
revision_notes/B1_primary_audit/statistics_recomputed.json,revision_notes/B1_primary_audit/statistics_recomputed.json,bed5140487eac5265c5737a8eedab95507aff486c99fe800a63711975deb597b,EXACT_BYTES; ARCHIVE_RESTORE
revision_notes/B1_primary_logs/analysis.json,revision_notes/B1_primary_logs/analysis.json,a7858f8bab744a16cc5ad4c11d328eb913316c4127b867054ab2d8ac92ed24a6,EXACT_BYTES; ARCHIVE_RESTORE
revision_notes/B1_primary_logs/analysis_invocation.json,revision_notes/B1_primary_logs/analysis_invocation.json,dee985c3150277aa0fd6bad8aa8763fa694560243362d65c6ffbdc4cb29cbf8e,EXACT_BYTES; ARCHIVE_RESTORE
revision_notes/B1_primary_logs/batch_status.json,revision_notes/B1_primary_logs/batch_status.json,0e4a8883b1232c56ba462c25d56104a6ce311f2daaa83836939c4665c05513f4,EXACT_BYTES; ARCHIVE_RESTORE
revision_notes/B1_primary_logs/bootstrap_results.json,revision_notes/B1_primary_logs/bootstrap_results.json,152767b61e010962bfb7566facb335fefd738e78c43a8ef84994981cdb503e33,EXACT_BYTES; ARCHIVE_RESTORE
revision_notes/B1_primary_logs/environment_end.json,revision_notes/B1_primary_logs/environment_end.json,beb875db12174f4db07f5db26072cca18367de5e88fa7326cdd8d036741be828,EXACT_BYTES; ARCHIVE_RESTORE
revision_notes/B1_primary_logs/environment_start.json,revision_notes/B1_primary_logs/environment_start.json,db4d034e60b8ebf382f1be001184dcb5578ccc8863f030cf036c1db1d4dd3d78,EXACT_BYTES; ARCHIVE_RESTORE
revision_notes/B1_primary_logs/paired_ratio.json,revision_notes/B1_primary_logs/paired_ratio.json,9b576c41245d72e65af0ad692519d8ed8e7d4860d7d2369b0af14886f5af2f31,EXACT_BYTES; ARCHIVE_RESTORE
revision_notes/B1_primary_logs/preregistration.json,revision_notes/B1_primary_logs/preregistration.json,f1431f2c7268f1f9c69b718888611bcdbc3c223a14a979e9cd8ccb18d7d138ef,EXACT_BYTES; ARCHIVE_RESTORE
revision_notes/B1_primary_logs/raw_rows.jsonl,revision_notes/B1_primary_logs/raw_rows.jsonl,d5e91c0c534c1a5e733308889dd013dda68f7c3730007c96accbf99fc2d1e41b,EXACT_BYTES; ARCHIVE_RESTORE
revision_notes/B1_primary_logs/task_rows.jsonl,revision_notes/B1_primary_logs/task_rows.jsonl,d96aa0d7f53c00ff895e9368f96ae563476b49c74331144cfeee73e6ecccf6ef,EXACT_BYTES; ARCHIVE_RESTORE
revision_notes/B1_primary_point_results.json,revision_notes/B1_primary_point_results.json,722edca7bcf4b7f15e184708e2245ba72d811d0bbddc65e76b7e086a517816ed,EXACT_BYTES; ARCHIVE_RESTORE
revision_notes/B1_primary_ratio_results.json,revision_notes/B1_primary_ratio_results.json,58bb5d3f97cd53a3775b195bbf24784c41cf058c19f3b795d2da699a1cd01570,EXACT_BYTES; ARCHIVE_RESTORE
revision_notes/B2_A_feasibility_frontier.json,revision_notes/B2_A_feasibility_frontier.json,09e8a63c023de32372e646cd63cdf16dd39d23a08d66d719434940ca7603fa44,EXACT_BYTES; ARCHIVE_RESTORE
revision_notes/B2_A_logs/api_probe_results.json,revision_notes/B2_A_logs/api_probe_results.json,83ce93b2177c2a0e3c44ae97d669ed3c8b8c1b4679a5234c5cf095343090cd2a,EXACT_BYTES; ARCHIVE_RESTORE
revision_notes/B2_A_logs/e2e_raw.jsonl,revision_notes/B2_A_logs/e2e_raw.jsonl,8aaf964f516ddd0d4c5581498475693a2bb8901f36dc0cd7a521379455646a14,EXACT_BYTES; ARCHIVE_RESTORE
revision_notes/B2_A_logs/e2e_validation.json,revision_notes/B2_A_logs/e2e_validation.json,e3889a82c848d835724d41ffff3ec6b3f6e56e641f93fa9920444719974f67c3,EXACT_BYTES; ARCHIVE_RESTORE
revision_notes/B2_A_logs/rejection_tests.json,revision_notes/B2_A_logs/rejection_tests.json,2f3710ff35d87610247fec985778b4c0d7e9eb835338d7d815d6060373c5ca27,EXACT_BYTES; ARCHIVE_RESTORE
revision_notes/B2_A_logs/source_api_evidence.json,revision_notes/B2_A_logs/source_api_evidence.json,76772a48668142164f81642b8b119d730a873e500e8d1b2a87926fdc319de682,EXACT_BYTES; ARCHIVE_RESTORE
revision_notes/B2_B_execution/B2_B_raw_dataset.jsonl,revision_notes/B2_B_execution/B2_B_raw_dataset.jsonl,94b50b2a417d7a3894c5f57c1a7ab668c5464ff0db74865bdbf83b64f76392d0,EXACT_BYTES; ARCHIVE_RESTORE
revision_notes/B2_B_execution/analysis_frozen.json,revision_notes/B2_B_execution/analysis_frozen.json,2fafb1d5e0bcad1ab631dd1fd4ca04640bb07a4a2e3e2ef1b17ab78b3d79ec25,EXACT_BYTES; ARCHIVE_RESTORE
revision_notes/B2_B_execution/environment_end.json,revision_notes/B2_B_execution/environment_end.json,320e29902c5e6dc0ae17493753995796dfde0a0e13efc872186384bfbcc3408e,EXACT_BYTES; ARCHIVE_RESTORE
revision_notes/B2_B_execution/environment_start.json,revision_notes/B2_B_execution/environment_start.json,633f21ed9953d7dcfa7b572c4470ff0ea46b4c29827271df47841ce47ab93924,EXACT_BYTES; ARCHIVE_RESTORE
revision_notes/B2_B_execution/environment_validation.json,revision_notes/B2_B_execution/environment_validation.json,a9675f6fba8429a7b7defab6c1b6022f4467f429ff937957e02dbacb1a205170,EXACT_BYTES; ARCHIVE_RESTORE
revision_notes/B2_B_execution/postprocess_corrections.json,revision_notes/B2_B_execution/postprocess_corrections.json,13259a7c8e9d1a0ecfc558ed888d0988ae99ba49fd8160a545b8c7be824c85ca,EXACT_BYTES; ARCHIVE_RESTORE
revision_notes/B2_B_execution/raw_dataset_provenance.json,revision_notes/B2_B_execution/raw_dataset_provenance.json,c26009866a062c71b611bb979dd7900c2ce2173a44e46f10c97e2282ce9e6464,EXACT_BYTES; ARCHIVE_RESTORE
revision_notes/B2_B_execution/task_rows.jsonl,revision_notes/B2_B_execution/task_rows.jsonl,fe4fe3db4c400a9b456f9b258c3fa45c5acb5ee5d6f52caa78105eeb9d0d4f85,EXACT_BYTES; ARCHIVE_RESTORE
revision_notes/B2_B_execution/worker_rows.jsonl,revision_notes/B2_B_execution/worker_rows.jsonl,5fdca1b674a048ceb396e06a437bc48e1460b183d1d169ba8b80e82857475cfc,EXACT_BYTES; ARCHIVE_RESTORE
revision_notes/B2_B_freeze_manifest.json,revision_notes/B2_B_freeze_manifest.json,b92848c888bd7f74113e0182bade7b4aed5e4e1d83960941170d7c2e25593e71,EXACT_BYTES; ARCHIVE_RESTORE
revision_notes/B2_B_freeze_manifest.json.sha256,revision_notes/B2_B_freeze_manifest.json.sha256,1faebaf8b384688711416f46dddaa805d226ea0d9da39b773b48c06e61cfecb4,EXACT_BYTES; ARCHIVE_RESTORE
revision_notes/B2_B_result_audit/B1_B2B_sanity_details.json,revision_notes/B2_B_result_audit/B1_B2B_sanity_details.json,6d702ab02bfe52f8d9740cbe05460c19a57011cb1b11688b83e4395a74d4b534,EXACT_BYTES; ARCHIVE_RESTORE
revision_notes/B2_B_result_audit/scaling_audit.json,revision_notes/B2_B_result_audit/scaling_audit.json,bc35a70e51833f2520509f9fc7f0d86e7cfb1710a4a2be580d77215681acb8d8,EXACT_BYTES; ARCHIVE_RESTORE
revision_notes/B2_B_run_schedule.json,revision_notes/B2_B_run_schedule.json,dbdac6d991413b4ecb723455141d932ed6fb2f0f1d8bbdaaf97492d927294025,EXACT_BYTES; ARCHIVE_RESTORE
revision_notes/M3_A_logs/fixed_profile_table.json,revision_notes/M3_A_logs/fixed_profile_table.json,6d05c2d71d8c00fbe7bdd87e472da387c675010066eaafca42adf5f1824eaab0,EXACT_BYTES; ARCHIVE_RESTORE
revision_notes/M3_A_logs/supplementary_alpha.json,revision_notes/M3_A_logs/supplementary_alpha.json,7e6e1ddeda921597ea7129266fd89bebb1879aadfe79dd71b8cd6f566ed90ae0,EXACT_BYTES; ARCHIVE_RESTORE
revision_notes/S4_N_logs/build_environment.json,revision_notes/S4_N_logs/build_environment.json,e477f80708bf41412a4af28b96369440c401832bbceae1169afe39addc7b235b,EXACT_BYTES; ARCHIVE_RESTORE
revision_notes/S4_N_logs/cases.jsonl,revision_notes/S4_N_logs/cases.jsonl,7dd02667629ca1805d20c818be543eb974552b0f2775a6d6ee5e7df8f119177d,EXACT_BYTES; ARCHIVE_RESTORE
revision_notes/S4_N_logs/extra.jsonl,revision_notes/S4_N_logs/extra.jsonl,a21788cd61e1f774bc0e217ccccd93525276b07c187970b7f13db8a2b9d88c1d,EXACT_BYTES; ARCHIVE_RESTORE
revision_notes/S4_N_status.json,revision_notes/S4_N_status.json,1e7b2d078bcfb8b4cee506fffe147f71fa5cdc8912fc508cc4281ace37f6ef20,EXACT_BYTES; ARCHIVE_RESTORE
revision_notes/manuscript_integration/build_displays.py,revision_notes/manuscript_integration/build_displays.py,2bd9740fad14f4bb9671fda93964a0e5728e72cea7dbd6d79659587defeb88b7,EXACT_BYTES
revision_notes/manuscript_integration/display_data.json,revision_notes/manuscript_integration/display_data.json,0881cbc954bebade4ea96599578b0d13af23d207f4ed3c77ff66aa91d28852af,EXACT_BYTES; ARCHIVE_RESTORE
revision_notes/manuscript_integration/displays/F1_primary.pdf,revision_notes/manuscript_integration/displays/F1_primary.pdf,bc4167740804a86ae2048f806108df1d1bb417d6d1289be35f816cd931d9d2a0,EXACT_BYTES
revision_notes/manuscript_integration/displays/F1_primary.tex,revision_notes/manuscript_integration/displays/F1_primary.tex,92a7c4808e0f6ddcb9f7020a270977823844f820344328374b1ab853465160a9,EXACT_BYTES
revision_notes/manuscript_integration/displays/T1_frontier.tex,revision_notes/manuscript_integration/displays/T1_frontier.tex,3a0b9468e4bfaa75ad7bf1f384a63416f4a7a4fbb3033e67aeae7e424b77ae5a,EXACT_BYTES
revision_notes/manuscript_integration/displays/T2_scalability.tex,revision_notes/manuscript_integration/displays/T2_scalability.tex,4c74d284aab1c812ed370e5babb91a926664f62c96ec6c6f2c0a0a95cd5ae5b0,EXACT_BYTES
revision_notes/manuscript_integration_manifest.json,revision_notes/manuscript_integration_manifest.json,9bc0a98d0e4920a3c87fa219e88ba5569f1ccd6e0dbf59cac8dc4da3872cb6eb,EXACT_BYTES; ARCHIVE_RESTORE
tests/test_m1_encoding.py,tests/test_m1_encoding.py,4efa21c3ba0f582ead5e741b9dadd1170591e9b8f13db9fea7dcbe1b8228047f,EXACT_BYTES
tests/test_m3_correctness.py,tests/test_m3_correctness.py,13e369ded620405bc60a928a33664e5e81741d4271dfa4d80810e8df1130c9c3,EXACT_BYTES
tools/b2/b2_worker.cpp,tools/b2/b2_worker.cpp,babf101f7b1daabad4ea0dbc809ce0f6f9f44edff35321b0afab84cb52870b83,EXACT_BYTES
tools/b2b/b2b_analyze.py,tools/b2b/b2b_analyze.py,69d52e268feb52a3e025941529894df70c0c80d49647fda2945bfcbf79ea9de4,EXACT_BYTES
tools/b2b/b2b_build.py,tools/b2b/b2b_build.py,635a2b3d84ebe91396be86f07b08dae98240705719ec2acafee4ed8b7f9992f3,EXACT_BYTES
tools/b2b/b2b_common.py,tools/b2b/b2b_common.py,05bb403c80951d4d7bd09e3d4ce465aaa7c40f87efb1fc6922518a63e35dee9a,EXACT_BYTES
tools/b2b/b2b_derive.py,tools/b2b/b2b_derive.py,9a0328260e9c69a4760feae8dcf5cd6d3fc9a31b54a0d96e8a0afd2b149757e9,EXACT_BYTES
tools/b2b/b2b_environment.py,tools/b2b/b2b_environment.py,d20037b44e3245a2c966a4539e3c99a62c37b013ae243f3dc96510159a724644,EXACT_BYTES
tools/b2b/b2b_finalize.py,tools/b2b/b2b_finalize.py,28e64e0dc0f4fc6c0f1f2b9376c2f7c10d598c48ea8d850fd0a3379d2d37c502,EXACT_BYTES
tools/b2b/b2b_native_verify.py,tools/b2b/b2b_native_verify.py,9c2d984499afc470245d49328790e0b38f38d7b847cca198aa63cf7d685d3189,EXACT_BYTES
tools/b2b/b2b_prepare.py,tools/b2b/b2b_prepare.py,3c2d67cef375e3d1545c0a79aa95a639d2a1c65529fdec97ec7d3d16c276cdd8,EXACT_BYTES
tools/b2b/b2b_release.py,tools/b2b/b2b_release.py,7aa70aa13797b78336108e7e6c80ecf8cf3220eb424250ef933eb0290bf2f728,EXACT_BYTES
tools/b2b/b2b_runner.py,tools/b2b/b2b_runner.py,7f00d1203f9c4da74ef7a3b2451fb9767acd71b9bd71420df093ba7b6223267f,EXACT_BYTES
tools/b2b/b2b_schedule.py,tools/b2b/b2b_schedule.py,7892138dc1a078dba9030558b68164e923fbcab57c5d7b2b1c55618b2020e382,EXACT_BYTES
tools/b2b/b2b_schema.py,tools/b2b/b2b_schema.py,93aa38768e06fd60c8bc9e902a95357f7c88ee3d8782f844e576be5906ec7dd0,EXACT_BYTES
tools/b2b/b2b_smoke.py,tools/b2b/b2b_smoke.py,7e9fbc36a16a2a2f1d59ecde191be50150bf1f62b386d64301501d25d6647586,EXACT_BYTES
tools/b2b/b2b_worker.cpp,tools/b2b/b2b_worker.cpp,e6ec7e7305934d6115fdee293fc31d05c3c69aebb0e9955addf9645b708edad1,EXACT_BYTES
tools/b2b/test_b2b.py,tools/b2b/test_b2b.py,2c9173a400ce7e70812d819bf014a4dd0e18fbcd4c18422308e76434046f41b5,EXACT_BYTES
tools/b2b/verify_manifest.py,tools/b2b/verify_manifest.py,29e2bcefbbd6d454a17fe6bdef5f227cfafe55d03bcf5b0cf3cd13f3edac36bc,EXACT_BYTES
tools/benchmark/analysis.py,tools/benchmark/analysis.py,56e0204c989ee0916e9afe0d3946737434f4e23bcb67e28ca74e145503a56d9c,EXACT_BYTES
tools/benchmark/b1_common.py,tools/benchmark/b1_common.py,fdfccb39ccb973d59d4e031d57e26371431e74bb7bd41b65ab34a7c9ff159be5,EXACT_BYTES
tools/benchmark/b1_launch.ps1,tools/benchmark/b1_launch.ps1,df3e0ffa964dd33a7aa7e2d0d6467308db5ff14e9e4d8139eb1bed4400297e18,EXACT_BYTES
tools/benchmark/b1_release.py,tools/benchmark/b1_release.py,2f1cd0d90cd6efee3f479112da3ff1d3fdc5b56d35352610b58d24f0f2a0c700,EXACT_BYTES
tools/benchmark/b1_report.py,tools/benchmark/b1_report.py,92a01856e9f59b49f449a895770192f928dbe9dd01decc76145e69b4e4b16224,EXACT_BYTES
tools/benchmark/b1_run.py,tools/benchmark/b1_run.py,7fef53c2303b5d7ed615fe3eae6c54ffee4868cafa77c3ada331f5a366589e98,EXACT_BYTES
tools/benchmark/b1_test.py,tools/benchmark/b1_test.py,64b1a60cf2b5b64e94d3bc960a3d66d329d98dc06e8287f3db9f122bdcfff0fb,EXACT_BYTES
tools/benchmark/b1_windows_snapshot.ps1,tools/benchmark/b1_windows_snapshot.ps1,77b3d2ec095f315635c49349ea11b508e723c4c6a4d8e8d1abe911bb58d64122,EXACT_BYTES
tools/benchmark/build.py,tools/benchmark/build.py,5213cd0ab0e20ea336bc7abf89afb9872b8800c9e4642d035138df1aec538051,EXACT_BYTES
tools/benchmark/build/PIRReplyGeneratorNFL_internal.cpp,tools/benchmark/build/PIRReplyGeneratorNFL_internal.cpp,eccd748704eddd38f6a34261a75b1a436726be421843263325711338ca80050a,EXACT_BYTES
tools/benchmark/dry_run_tests.py,tools/benchmark/dry_run_tests.py,41f52695927c9cc8b7649c572830b4a75b1ca07dfead69d1b42616a7d6b2197c,EXACT_BYTES
tools/benchmark/freeze.py,tools/benchmark/freeze.py,c10412b8e6a906b975b9e8ce38f97f81b9d982de3015d73978109d8d420630c7,EXACT_BYTES
tools/benchmark/manuscript.py,tools/benchmark/manuscript.py,4d95534a2b31ace400a9e15b1ddff9c34bd786a47a4b49a49121f6e39c6fd024,EXACT_BYTES
tools/benchmark/protect.py,tools/benchmark/protect.py,1f27c4e0335d672157a2261421a732e0145884208bbfae2851a5625a84dd80f2,EXACT_BYTES
tools/benchmark/release.py,tools/benchmark/release.py,b56ccf0b98b4df586126debd0c074c08897d69f19add9c245d4b6902a4122768,EXACT_BYTES
tools/benchmark/runner.py,tools/benchmark/runner.py,71b19259e8046e056de8f66028acad72f9cc93cfaff116ed1e015fc663a90e7c,EXACT_BYTES
tools/benchmark/spec.py,tools/benchmark/spec.py,70bae995b8050753f2958e10c4fcba3d22616beac1488b71eabd0be0e7960861,EXACT_BYTES
tools/benchmark/validate.py,tools/benchmark/validate.py,be856b20d826800bb21985b25493bef87e664f13f5a46bebe92c6318d08b8e11,EXACT_BYTES
tools/benchmark/worker.cpp,tools/benchmark/worker.cpp,4a3dcb9f2aac1fba80631493b6b1652f871917bd899baec4ef45a26b6fd68374,EXACT_BYTES
tools/m3_correctness/model.py,tools/m3_correctness/model.py,0327dd6ee78364e40248b77657f937461c6f994bf1609a9f0d7061fb3a7fbb5c,EXACT_BYTES
docs/prior-work-comparison.md,revision_notes/S4_R_prior_work_matrix.md,2bc90f6d3d0184cc677f4e345fd1167b11261b0f287c91bdad1fcb4514abafe1,Presentation derivative; removed task history and corrected obsolete baseline-scope wording
paper/generated/absolute.tex,revision_work/manuscript/generated/absolute.tex,f14801fc10cfa24ec15d557d996a589da675eb7808151fda69843d9db8515ac2,EXACT_NEW_AUTHORING_COPY
paper/generated/capacity.tex,revision_work/manuscript/generated/capacity.tex,75a188e4f7292e7b33ed87db6e2012b7506a12e058ad59f8a0d94930e000c5a9,EXACT_NEW_AUTHORING_COPY
paper/generated/display_data.json,revision_work/manuscript/generated/display_data.json,737780073a3ef85198d4b772ad9f2e4015bb0689137ce2af717fac35f822033b,EXACT_NEW_AUTHORING_COPY
paper/generated/frontier.tex,revision_work/manuscript/generated/frontier.tex,4daa378de62469bbc75dc506b959fc528c2070290494ceec298d5d5fbe3d78b8,EXACT_NEW_AUTHORING_COPY
paper/generated/multiplicity.tex,revision_work/manuscript/generated/multiplicity.tex,31f179e945cc3530f604bb1c4b04bfc9c3c8330a0fa97b112c25883579e82652,EXACT_NEW_AUTHORING_COPY
paper/generated/payload.tex,revision_work/manuscript/generated/payload.tex,1fb6344888fc6835d8c6862de01d1602f3f4cd0abaeb2144caa2140e6784de31,EXACT_NEW_AUTHORING_COPY
paper/generated/presentation_manifest.json,revision_work/manuscript/generated/presentation_manifest.json,0ff0e28c750715a4bede685ae99adfa5e872ad848bfa5b1cf102c0294d54350c,EXACT_NEW_AUTHORING_COPY
paper/generated/primary.pdf,revision_work/manuscript/generated/primary.pdf,9ab5b2ae18aceb34d33f04828b7529b578c2b905d7d9a114cf6c41e5f24cc12c,EXACT_NEW_AUTHORING_COPY
paper/generated/primary.tex,revision_work/manuscript/generated/primary.tex,97ac112cfe069c893c3644b8550eb687f7a079b489dcfbd096f45dad12dcccf8,EXACT_NEW_AUTHORING_COPY
paper/generated/sensitivity.tex,revision_work/manuscript/generated/sensitivity.tex,2e237f471ea6c6835a50a9af68fb85146ecf8ad41ad5187d7266aa508924ff44,EXACT_NEW_AUTHORING_COPY
paper/generated/supplement_tables.tex,revision_work/manuscript/generated/supplement_tables.tex,9ef4c2a12ad32d40701936cc88a229cbd6c98d8134ca26061ddbc73596d5016c,EXACT_NEW_AUTHORING_COPY
paper/main.tex,revision_work/manuscript/main.tex,8a459e4ef1fd1157b4b219a8917f77aff5b8900392ecf3fbb72d94169d860814,EXACT_NEW_AUTHORING_COPY
paper/preamble.tex,revision_work/manuscript/preamble.tex,bb22217e9618662c985a4eeb4ab1dfc2ec6989ae08e77b8e64aff921bae0dde0,EXACT_NEW_AUTHORING_COPY
paper/references.bib,revision_work/manuscript/references.bib,6cb5e981b6377f9d9964f6f9de4467ae475485d59c7ca94252d110c0efe3b2c8,EXACT_NEW_AUTHORING_COPY
paper/sections/analysis.tex,revision_work/manuscript/sections/analysis.tex,50ca2111b8e569702c6822f6a6d25389f905d297bfd9588d3e2accc186ba9ae9,EXACT_NEW_AUTHORING_COPY
paper/sections/availability.tex,revision_work/manuscript/sections/availability.tex,84e4566d567648d3020b57a3406cfb01e5897b33eca1eef79cdc3775336a0ec1,EXACT_NEW_AUTHORING_COPY
paper/sections/conclusion.tex,revision_work/manuscript/sections/conclusion.tex,e9e5edf4008ee30f563522c03e405c79db076edc3c1a7c86814ebaaa04120795,EXACT_NEW_AUTHORING_COPY
paper/sections/construction.tex,revision_work/manuscript/sections/construction.tex,200b907a2a314d6ab33903b109a2b7f9d804bb825c449c2daae3af637c21d09e,EXACT_NEW_AUTHORING_COPY
paper/sections/discussion.tex,revision_work/manuscript/sections/discussion.tex,b6726d160aea3251e72a0abb186ea4763b20864b03ed1b817159cd2481fa1106,EXACT_NEW_AUTHORING_COPY
paper/sections/evaluation.tex,revision_work/manuscript/sections/evaluation.tex,4027e5674a2efe0961595064261389cc2727106a9cb7d2fba348271a400ebe4d,EXACT_NEW_AUTHORING_COPY
paper/sections/introduction.tex,revision_work/manuscript/sections/introduction.tex,5016695bcc0d53c4af2dbceca28f49909b8611a84ed9be4ee03a6c3f8927f2da,EXACT_NEW_AUTHORING_COPY
paper/sections/model.tex,revision_work/manuscript/sections/model.tex,bea3e6e7be5962dfb9498160e0eba6cee7911ab6e0b6030b77f3ce3a0f7db523,EXACT_NEW_AUTHORING_COPY
paper/sections/proofs.tex,revision_work/manuscript/sections/proofs.tex,ad67a4b8a6ce0c797ba521ee36d649676c3619eb1fe660f2553c9bbddba2c628,EXACT_NEW_AUTHORING_COPY
paper/sections/related.tex,revision_work/manuscript/sections/related.tex,bbe59dadd862594544e3ef737ba304245790989d59eea7a6d800a6e57fae2b1b,EXACT_NEW_AUTHORING_COPY
paper/sections/reliability_supplement.tex,revision_work/manuscript/sections/reliability_supplement.tex,b568074bbe155030ed362262f482c60d427cd1dbc205764266b4cdde716c087a,EXACT_NEW_AUTHORING_COPY
paper/submission_notes.md,revision_work/manuscript/submission_notes.md,8487e170b474c0f7ad35bcc66c301486869e92907ae5335faf4f39112c485a28,EXACT_NEW_AUTHORING_COPY
paper/supplement.tex,revision_work/manuscript/supplement.tex,8620b9f5720437964c01da4ca0edfcd2e1a70e5ed804a4660f74d8aff06afde1,EXACT_NEW_AUTHORING_COPY
