condition_id,study,scope,N,alpha,ell_bits,shared_baseline_observations,method,config_id,rho_0,concurrency,threads,planned_J,actual_L,query_count,query_ciphertexts,reply_ciphertexts,query_buffer_bytes,reply_buffer_bytes,metric,unit,estimate,ci95_low,ci95_high,estimator,summary_pointer
primary_N1024_a2_ell4096_included,primary,included,1024,2,4096,False,P,P_rho04_c1_t4,4,1,4,1024,1,1,1024,1,134217728,131072,task_latency_ns,ns,872801011.75,867680660.5,879113134.5,median across sessions of within-session method medians,/conditions/primary_N1024_a2_ell4096_included/absolute/P/task_latency_ns
primary_N1024_a2_ell4096_included,primary,included,1024,2,4096,False,P,P_rho04_c1_t4,4,1,4,1024,1,1,1024,1,134217728,131072,cpu_time_ns,ns,1312592000.0,1304751500.0,1347596500.0,median across sessions of within-session method medians,/conditions/primary_N1024_a2_ell4096_included/absolute/P/cpu_time_ns
primary_N1024_a2_ell4096_included,primary,included,1024,2,4096,False,P,P_rho04_c1_t4,4,1,4,1024,1,1,1024,1,134217728,131072,preprocessing_ns,ns,230548698.25,227769135.75,236674872.5,median across sessions of within-session method medians,/conditions/primary_N1024_a2_ell4096_included/absolute/P/preprocessing_ns
primary_N1024_a2_ell4096_included,primary,included,1024,2,4096,False,P,P_rho04_c1_t4,4,1,4,1024,1,1,1024,1,134217728,131072,query_buffer_bytes,bytes,134217728.0,134217728.0,134217728.0,median across sessions of within-session method medians,/conditions/primary_N1024_a2_ell4096_included/absolute/P/query_buffer_bytes
primary_N1024_a2_ell4096_included,primary,included,1024,2,4096,False,P,P_rho04_c1_t4,4,1,4,1024,1,1,1024,1,134217728,131072,reply_buffer_bytes,bytes,131072.0,131072.0,131072.0,median across sessions of within-session method medians,/conditions/primary_N1024_a2_ell4096_included/absolute/P/reply_buffer_bytes
primary_N1024_a2_ell4096_included,primary,included,1024,2,4096,False,R_matched,R_rho04_c2_t1,4,2,1,1024,1,2,2048,2,268435456,262144,task_latency_ns,ns,917684146.0,902059900.25,936192188.5,median across sessions of within-session method medians,/conditions/primary_N1024_a2_ell4096_included/absolute/R_matched/task_latency_ns
primary_N1024_a2_ell4096_included,primary,included,1024,2,4096,False,R_matched,R_rho04_c2_t1,4,2,1,1024,1,2,2048,2,268435456,262144,cpu_time_ns,ns,2007258000.0,1963019250.0,2034790750.0,median across sessions of within-session method medians,/conditions/primary_N1024_a2_ell4096_included/absolute/R_matched/cpu_time_ns
primary_N1024_a2_ell4096_included,primary,included,1024,2,4096,False,R_matched,R_rho04_c2_t1,4,2,1,1024,1,2,2048,2,268435456,262144,preprocessing_ns,ns,233839433.5,227652050.5,243515148.0,median across sessions of within-session method medians,/conditions/primary_N1024_a2_ell4096_included/absolute/R_matched/preprocessing_ns
primary_N1024_a2_ell4096_included,primary,included,1024,2,4096,False,R_matched,R_rho04_c2_t1,4,2,1,1024,1,2,2048,2,268435456,262144,query_buffer_bytes,bytes,268435456.0,268435456.0,268435456.0,median across sessions of within-session method medians,/conditions/primary_N1024_a2_ell4096_included/absolute/R_matched/query_buffer_bytes
primary_N1024_a2_ell4096_included,primary,included,1024,2,4096,False,R_matched,R_rho04_c2_t1,4,2,1,1024,1,2,2048,2,268435456,262144,reply_buffer_bytes,bytes,262144.0,262144.0,262144.0,median across sessions of within-session method medians,/conditions/primary_N1024_a2_ell4096_included/absolute/R_matched/reply_buffer_bytes
primary_N1024_a2_ell4096_included,primary,included,1024,2,4096,False,R_independent,R_rho04_c2_t2,4,2,2,1024,1,2,2048,2,268435456,262144,task_latency_ns,ns,914985532.25,898581586.0,974224974.5,median across sessions of within-session method medians,/conditions/primary_N1024_a2_ell4096_included/absolute/R_independent/task_latency_ns
primary_N1024_a2_ell4096_included,primary,included,1024,2,4096,False,R_independent,R_rho04_c2_t2,4,2,2,1024,1,2,2048,2,268435456,262144,cpu_time_ns,ns,2019347500.0,1996394000.0,2132832499.5,median across sessions of within-session method medians,/conditions/primary_N1024_a2_ell4096_included/absolute/R_independent/cpu_time_ns
primary_N1024_a2_ell4096_included,primary,included,1024,2,4096,False,R_independent,R_rho04_c2_t2,4,2,2,1024,1,2,2048,2,268435456,262144,preprocessing_ns,ns,236082837.25,232381603.5,246445705.0,median across sessions of within-session method medians,/conditions/primary_N1024_a2_ell4096_included/absolute/R_independent/preprocessing_ns
primary_N1024_a2_ell4096_included,primary,included,1024,2,4096,False,R_independent,R_rho04_c2_t2,4,2,2,1024,1,2,2048,2,268435456,262144,query_buffer_bytes,bytes,268435456.0,268435456.0,268435456.0,median across sessions of within-session method medians,/conditions/primary_N1024_a2_ell4096_included/absolute/R_independent/query_buffer_bytes
primary_N1024_a2_ell4096_included,primary,included,1024,2,4096,False,R_independent,R_rho04_c2_t2,4,2,2,1024,1,2,2048,2,268435456,262144,reply_buffer_bytes,bytes,262144.0,262144.0,262144.0,median across sessions of within-session method medians,/conditions/primary_N1024_a2_ell4096_included/absolute/R_independent/reply_buffer_bytes
primary_N1024_a2_ell4096_included,primary,included,1024,2,4096,False,R_matched,R_rho04_c2_t1,4,2,1,1024,1,2,2048,2,268435456,262144,paired_latency_ratio_to_P,ratio,1.0545131635183707,1.0246577811235742,1.082448795014163,median across sessions of within-session median paired baseline/packed ratios,/conditions/primary_N1024_a2_ell4096_included/ratios/R_matched
primary_N1024_a2_ell4096_included,primary,included,1024,2,4096,False,R_independent,R_rho04_c2_t2,4,2,2,1024,1,2,2048,2,268435456,262144,paired_latency_ratio_to_P,ratio,1.053743119056867,1.0274113307497283,1.0818682795833579,median across sessions of within-session median paired baseline/packed ratios,/conditions/primary_N1024_a2_ell4096_included/ratios/R_independent
primary_N1024_a2_ell4096_excluded,primary,excluded,1024,2,4096,False,P,P_rho04_c1_t4,4,1,4,1024,1,1,1024,1,134217728,131072,task_latency_ns,ns,641088573.75,635890010.5,647589301.5,median across sessions of within-session method medians,/conditions/primary_N1024_a2_ell4096_excluded/absolute/P/task_latency_ns
primary_N1024_a2_ell4096_excluded,primary,excluded,1024,2,4096,False,P,P_rho04_c1_t4,4,1,4,1024,1,1,1024,1,134217728,131072,cpu_time_ns,ns,677136749.75,671975500.0,682715499.5,median across sessions of within-session method medians,/conditions/primary_N1024_a2_ell4096_excluded/absolute/P/cpu_time_ns
primary_N1024_a2_ell4096_excluded,primary,excluded,1024,2,4096,False,P,P_rho04_c1_t4,4,1,4,1024,1,1,1024,1,134217728,131072,preprocessing_ns,ns,236457270.0,230786547.5,239608399.0,median across sessions of within-session method medians,/conditions/primary_N1024_a2_ell4096_excluded/absolute/P/preprocessing_ns
primary_N1024_a2_ell4096_excluded,primary,excluded,1024,2,4096,False,P,P_rho04_c1_t4,4,1,4,1024,1,1,1024,1,134217728,131072,query_buffer_bytes,bytes,134217728.0,134217728.0,134217728.0,median across sessions of within-session method medians,/conditions/primary_N1024_a2_ell4096_excluded/absolute/P/query_buffer_bytes
primary_N1024_a2_ell4096_excluded,primary,excluded,1024,2,4096,False,P,P_rho04_c1_t4,4,1,4,1024,1,1,1024,1,134217728,131072,reply_buffer_bytes,bytes,131072.0,131072.0,131072.0,median across sessions of within-session method medians,/conditions/primary_N1024_a2_ell4096_excluded/absolute/P/reply_buffer_bytes
primary_N1024_a2_ell4096_excluded,primary,excluded,1024,2,4096,False,R_matched,R_rho04_c2_t1,4,2,1,1024,1,2,2048,2,268435456,262144,task_latency_ns,ns,694637865.5,681913584.5,714297526.75,median across sessions of within-session method medians,/conditions/primary_N1024_a2_ell4096_excluded/absolute/R_matched/task_latency_ns
primary_N1024_a2_ell4096_excluded,primary,excluded,1024,2,4096,False,R_matched,R_rho04_c2_t1,4,2,1,1024,1,2,2048,2,268435456,262144,cpu_time_ns,ns,1371630000.0,1336738499.75,1388158999.5,median across sessions of within-session method medians,/conditions/primary_N1024_a2_ell4096_excluded/absolute/R_matched/cpu_time_ns
primary_N1024_a2_ell4096_excluded,primary,excluded,1024,2,4096,False,R_matched,R_rho04_c2_t1,4,2,1,1024,1,2,2048,2,268435456,262144,preprocessing_ns,ns,235157536.5,227861909.0,248023244.25,median across sessions of within-session method medians,/conditions/primary_N1024_a2_ell4096_excluded/absolute/R_matched/preprocessing_ns
primary_N1024_a2_ell4096_excluded,primary,excluded,1024,2,4096,False,R_matched,R_rho04_c2_t1,4,2,1,1024,1,2,2048,2,268435456,262144,query_buffer_bytes,bytes,268435456.0,268435456.0,268435456.0,median across sessions of within-session method medians,/conditions/primary_N1024_a2_ell4096_excluded/absolute/R_matched/query_buffer_bytes
primary_N1024_a2_ell4096_excluded,primary,excluded,1024,2,4096,False,R_matched,R_rho04_c2_t1,4,2,1,1024,1,2,2048,2,268435456,262144,reply_buffer_bytes,bytes,262144.0,262144.0,262144.0,median across sessions of within-session method medians,/conditions/primary_N1024_a2_ell4096_excluded/absolute/R_matched/reply_buffer_bytes
primary_N1024_a2_ell4096_excluded,primary,excluded,1024,2,4096,False,R_independent,R_rho04_c2_t2,4,2,2,1024,1,2,2048,2,268435456,262144,task_latency_ns,ns,674064010.75,659399644.75,695614439.0,median across sessions of within-session method medians,/conditions/primary_N1024_a2_ell4096_excluded/absolute/R_independent/task_latency_ns
primary_N1024_a2_ell4096_excluded,primary,excluded,1024,2,4096,False,R_independent,R_rho04_c2_t2,4,2,2,1024,1,2,2048,2,268435456,262144,cpu_time_ns,ns,1361323500.0,1332442018.75,1403204750.0,median across sessions of within-session method medians,/conditions/primary_N1024_a2_ell4096_excluded/absolute/R_independent/cpu_time_ns
primary_N1024_a2_ell4096_excluded,primary,excluded,1024,2,4096,False,R_independent,R_rho04_c2_t2,4,2,2,1024,1,2,2048,2,268435456,262144,preprocessing_ns,ns,238551554.0,234132100.75,243294717.75,median across sessions of within-session method medians,/conditions/primary_N1024_a2_ell4096_excluded/absolute/R_independent/preprocessing_ns
primary_N1024_a2_ell4096_excluded,primary,excluded,1024,2,4096,False,R_independent,R_rho04_c2_t2,4,2,2,1024,1,2,2048,2,268435456,262144,query_buffer_bytes,bytes,268435456.0,268435456.0,268435456.0,median across sessions of within-session method medians,/conditions/primary_N1024_a2_ell4096_excluded/absolute/R_independent/query_buffer_bytes
primary_N1024_a2_ell4096_excluded,primary,excluded,1024,2,4096,False,R_independent,R_rho04_c2_t2,4,2,2,1024,1,2,2048,2,268435456,262144,reply_buffer_bytes,bytes,262144.0,262144.0,262144.0,median across sessions of within-session method medians,/conditions/primary_N1024_a2_ell4096_excluded/absolute/R_independent/reply_buffer_bytes
primary_N1024_a2_ell4096_excluded,primary,excluded,1024,2,4096,False,R_matched,R_rho04_c2_t1,4,2,1,1024,1,2,2048,2,268435456,262144,paired_latency_ratio_to_P,ratio,1.076813496602222,1.0386690763266793,1.1115617698593265,median across sessions of within-session median paired baseline/packed ratios,/conditions/primary_N1024_a2_ell4096_excluded/ratios/R_matched
primary_N1024_a2_ell4096_excluded,primary,excluded,1024,2,4096,False,R_independent,R_rho04_c2_t2,4,2,2,1024,1,2,2048,2,268435456,262144,paired_latency_ratio_to_P,ratio,1.0570487986833532,1.024120535894228,1.0867151045776884,median across sessions of within-session median paired baseline/packed ratios,/conditions/primary_N1024_a2_ell4096_excluded/ratios/R_independent
primary_N1024_a2_ell32768_included,primary,included,1024,2,32768,False,P,P_rho12_c1_t1,12,1,1,2731,1,1,1024,1,134217728,131072,task_latency_ns,ns,1048360821.75,1043536702.25,1069059591.5,median across sessions of within-session method medians,/conditions/primary_N1024_a2_ell32768_included/absolute/P/task_latency_ns
primary_N1024_a2_ell32768_included,primary,included,1024,2,32768,False,P,P_rho12_c1_t1,12,1,1,2731,1,1,1024,1,134217728,131072,cpu_time_ns,ns,1477976750.0,1455299500.5,1500631999.75,median across sessions of within-session method medians,/conditions/primary_N1024_a2_ell32768_included/absolute/P/cpu_time_ns
primary_N1024_a2_ell32768_included,primary,included,1024,2,32768,False,P,P_rho12_c1_t1,12,1,1,2731,1,1,1024,1,134217728,131072,preprocessing_ns,ns,397368020.5,389786468.5,403994811.0,median across sessions of within-session method medians,/conditions/primary_N1024_a2_ell32768_included/absolute/P/preprocessing_ns
primary_N1024_a2_ell32768_included,primary,included,1024,2,32768,False,P,P_rho12_c1_t1,12,1,1,2731,1,1,1024,1,134217728,131072,query_buffer_bytes,bytes,134217728.0,134217728.0,134217728.0,median across sessions of within-session method medians,/conditions/primary_N1024_a2_ell32768_included/absolute/P/query_buffer_bytes
primary_N1024_a2_ell32768_included,primary,included,1024,2,32768,False,P,P_rho12_c1_t1,12,1,1,2731,1,1,1024,1,134217728,131072,reply_buffer_bytes,bytes,131072.0,131072.0,131072.0,median across sessions of within-session method medians,/conditions/primary_N1024_a2_ell32768_included/absolute/P/reply_buffer_bytes
primary_N1024_a2_ell32768_included,primary,included,1024,2,32768,False,R_matched,R_rho12_c2_t1,12,2,1,2731,1,2,2048,2,268435456,262144,task_latency_ns,ns,1113644819.0,1086058082.0,1147629436.0,median across sessions of within-session method medians,/conditions/primary_N1024_a2_ell32768_included/absolute/R_matched/task_latency_ns
primary_N1024_a2_ell32768_included,primary,included,1024,2,32768,False,R_matched,R_rho12_c2_t1,12,2,1,2731,1,2,2048,2,268435456,262144,cpu_time_ns,ns,2228346250.0,2213385500.0,2258665500.5,median across sessions of within-session method medians,/conditions/primary_N1024_a2_ell32768_included/absolute/R_matched/cpu_time_ns
primary_N1024_a2_ell32768_included,primary,included,1024,2,32768,False,R_matched,R_rho12_c2_t1,12,2,1,2731,1,2,2048,2,268435456,262144,preprocessing_ns,ns,403118189.0,395160843.5,410321116.0,median across sessions of within-session method medians,/conditions/primary_N1024_a2_ell32768_included/absolute/R_matched/preprocessing_ns
primary_N1024_a2_ell32768_included,primary,included,1024,2,32768,False,R_matched,R_rho12_c2_t1,12,2,1,2731,1,2,2048,2,268435456,262144,query_buffer_bytes,bytes,268435456.0,268435456.0,268435456.0,median across sessions of within-session method medians,/conditions/primary_N1024_a2_ell32768_included/absolute/R_matched/query_buffer_bytes
primary_N1024_a2_ell32768_included,primary,included,1024,2,32768,False,R_matched,R_rho12_c2_t1,12,2,1,2731,1,2,2048,2,268435456,262144,reply_buffer_bytes,bytes,262144.0,262144.0,262144.0,median across sessions of within-session method medians,/conditions/primary_N1024_a2_ell32768_included/absolute/R_matched/reply_buffer_bytes
primary_N1024_a2_ell32768_included,primary,included,1024,2,32768,False,R_independent,R_rho16_c2_t1,16,2,1,2048,1,2,2048,2,268435456,262144,task_latency_ns,ns,1116126806.5,1090697637.75,1151368030.0,median across sessions of within-session method medians,/conditions/primary_N1024_a2_ell32768_included/absolute/R_independent/task_latency_ns
primary_N1024_a2_ell32768_included,primary,included,1024,2,32768,False,R_independent,R_rho16_c2_t1,16,2,1,2048,1,2,2048,2,268435456,262144,cpu_time_ns,ns,2230772500.0,2206537250.25,2280845750.0,median across sessions of within-session method medians,/conditions/primary_N1024_a2_ell32768_included/absolute/R_independent/cpu_time_ns
primary_N1024_a2_ell32768_included,primary,included,1024,2,32768,False,R_independent,R_rho16_c2_t1,16,2,1,2048,1,2,2048,2,268435456,262144,preprocessing_ns,ns,414647025.25,405069914.5,419305726.75,median across sessions of within-session method medians,/conditions/primary_N1024_a2_ell32768_included/absolute/R_independent/preprocessing_ns
primary_N1024_a2_ell32768_included,primary,included,1024,2,32768,False,R_independent,R_rho16_c2_t1,16,2,1,2048,1,2,2048,2,268435456,262144,query_buffer_bytes,bytes,268435456.0,268435456.0,268435456.0,median across sessions of within-session method medians,/conditions/primary_N1024_a2_ell32768_included/absolute/R_independent/query_buffer_bytes
primary_N1024_a2_ell32768_included,primary,included,1024,2,32768,False,R_independent,R_rho16_c2_t1,16,2,1,2048,1,2,2048,2,268435456,262144,reply_buffer_bytes,bytes,262144.0,262144.0,262144.0,median across sessions of within-session method medians,/conditions/primary_N1024_a2_ell32768_included/absolute/R_independent/reply_buffer_bytes
primary_N1024_a2_ell32768_included,primary,included,1024,2,32768,False,R_matched,R_rho12_c2_t1,12,2,1,2731,1,2,2048,2,268435456,262144,paired_latency_ratio_to_P,ratio,1.0567176144265227,1.0342354967479146,1.0747293756260476,median across sessions of within-session median paired baseline/packed ratios,/conditions/primary_N1024_a2_ell32768_included/ratios/R_matched
primary_N1024_a2_ell32768_included,primary,included,1024,2,32768,False,R_independent,R_rho16_c2_t1,16,2,1,2048,1,2,2048,2,268435456,262144,paired_latency_ratio_to_P,ratio,1.055642232773271,1.0369311022472723,1.080630154040342,median across sessions of within-session median paired baseline/packed ratios,/conditions/primary_N1024_a2_ell32768_included/ratios/R_independent
primary_N1024_a2_ell32768_excluded,primary,excluded,1024,2,32768,False,P,P_rho12_c1_t1,12,1,1,2731,1,1,1024,1,134217728,131072,task_latency_ns,ns,649805702.75,643406181.5,656347193.5,median across sessions of within-session method medians,/conditions/primary_N1024_a2_ell32768_excluded/absolute/P/task_latency_ns
primary_N1024_a2_ell32768_excluded,primary,excluded,1024,2,32768,False,P,P_rho12_c1_t1,12,1,1,2731,1,1,1024,1,134217728,131072,cpu_time_ns,ns,663867749.75,657890500.5,669539750.0,median across sessions of within-session method medians,/conditions/primary_N1024_a2_ell32768_excluded/absolute/P/cpu_time_ns
primary_N1024_a2_ell32768_excluded,primary,excluded,1024,2,32768,False,P,P_rho12_c1_t1,12,1,1,2731,1,1,1024,1,134217728,131072,preprocessing_ns,ns,398704608.0,390346230.0,402215684.25,median across sessions of within-session method medians,/conditions/primary_N1024_a2_ell32768_excluded/absolute/P/preprocessing_ns
primary_N1024_a2_ell32768_excluded,primary,excluded,1024,2,32768,False,P,P_rho12_c1_t1,12,1,1,2731,1,1,1024,1,134217728,131072,query_buffer_bytes,bytes,134217728.0,134217728.0,134217728.0,median across sessions of within-session method medians,/conditions/primary_N1024_a2_ell32768_excluded/absolute/P/query_buffer_bytes
primary_N1024_a2_ell32768_excluded,primary,excluded,1024,2,32768,False,P,P_rho12_c1_t1,12,1,1,2731,1,1,1024,1,134217728,131072,reply_buffer_bytes,bytes,131072.0,131072.0,131072.0,median across sessions of within-session method medians,/conditions/primary_N1024_a2_ell32768_excluded/absolute/P/reply_buffer_bytes
primary_N1024_a2_ell32768_excluded,primary,excluded,1024,2,32768,False,R_matched,R_rho12_c2_t1,12,2,1,2731,1,2,2048,2,268435456,262144,task_latency_ns,ns,719327531.25,684405389.5,737056335.5,median across sessions of within-session method medians,/conditions/primary_N1024_a2_ell32768_excluded/absolute/R_matched/task_latency_ns
primary_N1024_a2_ell32768_excluded,primary,excluded,1024,2,32768,False,R_matched,R_rho12_c2_t1,12,2,1,2731,1,2,2048,2,268435456,262144,cpu_time_ns,ns,1409033500.5,1363062000.0,1418954750.0,median across sessions of within-session method medians,/conditions/primary_N1024_a2_ell32768_excluded/absolute/R_matched/cpu_time_ns
primary_N1024_a2_ell32768_excluded,primary,excluded,1024,2,32768,False,R_matched,R_rho12_c2_t1,12,2,1,2731,1,2,2048,2,268435456,262144,preprocessing_ns,ns,401800900.0,391942987.5,414257394.0,median across sessions of within-session method medians,/conditions/primary_N1024_a2_ell32768_excluded/absolute/R_matched/preprocessing_ns
primary_N1024_a2_ell32768_excluded,primary,excluded,1024,2,32768,False,R_matched,R_rho12_c2_t1,12,2,1,2731,1,2,2048,2,268435456,262144,query_buffer_bytes,bytes,268435456.0,268435456.0,268435456.0,median across sessions of within-session method medians,/conditions/primary_N1024_a2_ell32768_excluded/absolute/R_matched/query_buffer_bytes
primary_N1024_a2_ell32768_excluded,primary,excluded,1024,2,32768,False,R_matched,R_rho12_c2_t1,12,2,1,2731,1,2,2048,2,268435456,262144,reply_buffer_bytes,bytes,262144.0,262144.0,262144.0,median across sessions of within-session method medians,/conditions/primary_N1024_a2_ell32768_excluded/absolute/R_matched/reply_buffer_bytes
primary_N1024_a2_ell32768_excluded,primary,excluded,1024,2,32768,False,R_independent,R_rho16_c2_t1,16,2,1,2048,1,2,2048,2,268435456,262144,task_latency_ns,ns,711810028.75,695735627.5,726073559.5,median across sessions of within-session method medians,/conditions/primary_N1024_a2_ell32768_excluded/absolute/R_independent/task_latency_ns
primary_N1024_a2_ell32768_excluded,primary,excluded,1024,2,32768,False,R_independent,R_rho16_c2_t1,16,2,1,2048,1,2,2048,2,268435456,262144,cpu_time_ns,ns,1404310500.25,1389206000.0,1412727250.0,median across sessions of within-session method medians,/conditions/primary_N1024_a2_ell32768_excluded/absolute/R_independent/cpu_time_ns
primary_N1024_a2_ell32768_excluded,primary,excluded,1024,2,32768,False,R_independent,R_rho16_c2_t1,16,2,1,2048,1,2,2048,2,268435456,262144,preprocessing_ns,ns,412767767.25,409168410.5,424400971.75,median across sessions of within-session method medians,/conditions/primary_N1024_a2_ell32768_excluded/absolute/R_independent/preprocessing_ns
primary_N1024_a2_ell32768_excluded,primary,excluded,1024,2,32768,False,R_independent,R_rho16_c2_t1,16,2,1,2048,1,2,2048,2,268435456,262144,query_buffer_bytes,bytes,268435456.0,268435456.0,268435456.0,median across sessions of within-session method medians,/conditions/primary_N1024_a2_ell32768_excluded/absolute/R_independent/query_buffer_bytes
primary_N1024_a2_ell32768_excluded,primary,excluded,1024,2,32768,False,R_independent,R_rho16_c2_t1,16,2,1,2048,1,2,2048,2,268435456,262144,reply_buffer_bytes,bytes,262144.0,262144.0,262144.0,median across sessions of within-session method medians,/conditions/primary_N1024_a2_ell32768_excluded/absolute/R_independent/reply_buffer_bytes
primary_N1024_a2_ell32768_excluded,primary,excluded,1024,2,32768,False,R_matched,R_rho12_c2_t1,12,2,1,2731,1,2,2048,2,268435456,262144,paired_latency_ratio_to_P,ratio,1.0845930620644673,1.0507892356220103,1.1228642528098152,median across sessions of within-session median paired baseline/packed ratios,/conditions/primary_N1024_a2_ell32768_excluded/ratios/R_matched
primary_N1024_a2_ell32768_excluded,primary,excluded,1024,2,32768,False,R_independent,R_rho16_c2_t1,16,2,1,2048,1,2,2048,2,268435456,262144,paired_latency_ratio_to_P,ratio,1.0963885920990784,1.059817223683216,1.1161654540695403,median across sessions of within-session median paired baseline/packed ratios,/conditions/primary_N1024_a2_ell32768_excluded/ratios/R_independent
primary_N1024_a3_ell4096_included,primary,included,1024,3,4096,False,P,P_rho08_c1_t1,8,1,1,512,1,1,1024,1,134217728,131072,task_latency_ns,ns,912227002.75,901423103.0,932291830.75,median across sessions of within-session method medians,/conditions/primary_N1024_a3_ell4096_included/absolute/P/task_latency_ns
primary_N1024_a3_ell4096_included,primary,included,1024,3,4096,False,P,P_rho08_c1_t1,8,1,1,512,1,1,1024,1,134217728,131072,cpu_time_ns,ns,1333263499.75,1311405250.5,1360509000.25,median across sessions of within-session method medians,/conditions/primary_N1024_a3_ell4096_included/absolute/P/cpu_time_ns
primary_N1024_a3_ell4096_included,primary,included,1024,3,4096,False,P,P_rho08_c1_t1,8,1,1,512,1,1,1024,1,134217728,131072,preprocessing_ns,ns,252828232.0,247874739.75,258624137.0,median across sessions of within-session method medians,/conditions/primary_N1024_a3_ell4096_included/absolute/P/preprocessing_ns
primary_N1024_a3_ell4096_included,primary,included,1024,3,4096,False,P,P_rho08_c1_t1,8,1,1,512,1,1,1024,1,134217728,131072,query_buffer_bytes,bytes,134217728.0,134217728.0,134217728.0,median across sessions of within-session method medians,/conditions/primary_N1024_a3_ell4096_included/absolute/P/query_buffer_bytes
primary_N1024_a3_ell4096_included,primary,included,1024,3,4096,False,P,P_rho08_c1_t1,8,1,1,512,1,1,1024,1,134217728,131072,reply_buffer_bytes,bytes,131072.0,131072.0,131072.0,median across sessions of within-session method medians,/conditions/primary_N1024_a3_ell4096_included/absolute/P/reply_buffer_bytes
primary_N1024_a3_ell4096_included,primary,included,1024,3,4096,False,R_matched,R_rho08_c3_t1,8,3,1,512,1,3,3072,3,402653184,393216,task_latency_ns,ns,1000623513.0,990885328.25,1031269360.0,median across sessions of within-session method medians,/conditions/primary_N1024_a3_ell4096_included/absolute/R_matched/task_latency_ns
primary_N1024_a3_ell4096_included,primary,included,1024,3,4096,False,R_matched,R_rho08_c3_t1,8,3,1,512,1,3,3072,3,402653184,393216,cpu_time_ns,ns,2827516750.25,2802622750.0,2891748500.0,median across sessions of within-session method medians,/conditions/primary_N1024_a3_ell4096_included/absolute/R_matched/cpu_time_ns
primary_N1024_a3_ell4096_included,primary,included,1024,3,4096,False,R_matched,R_rho08_c3_t1,8,3,1,512,1,3,3072,3,402653184,393216,preprocessing_ns,ns,250280488.5,244977718.0,253902213.0,median across sessions of within-session method medians,/conditions/primary_N1024_a3_ell4096_included/absolute/R_matched/preprocessing_ns
primary_N1024_a3_ell4096_included,primary,included,1024,3,4096,False,R_matched,R_rho08_c3_t1,8,3,1,512,1,3,3072,3,402653184,393216,query_buffer_bytes,bytes,402653184.0,402653184.0,402653184.0,median across sessions of within-session method medians,/conditions/primary_N1024_a3_ell4096_included/absolute/R_matched/query_buffer_bytes
primary_N1024_a3_ell4096_included,primary,included,1024,3,4096,False,R_matched,R_rho08_c3_t1,8,3,1,512,1,3,3072,3,402653184,393216,reply_buffer_bytes,bytes,393216.0,393216.0,393216.0,median across sessions of within-session method medians,/conditions/primary_N1024_a3_ell4096_included/absolute/R_matched/reply_buffer_bytes
primary_N1024_a3_ell4096_included,primary,included,1024,3,4096,False,R_independent,R_rho04_c3_t1,4,3,1,1024,1,3,3072,3,402653184,393216,task_latency_ns,ns,995130870.0,982645414.0,1014916380.0,median across sessions of within-session method medians,/conditions/primary_N1024_a3_ell4096_included/absolute/R_independent/task_latency_ns
primary_N1024_a3_ell4096_included,primary,included,1024,3,4096,False,R_independent,R_rho04_c3_t1,4,3,1,1024,1,3,3072,3,402653184,393216,cpu_time_ns,ns,2831208999.75,2774999999.75,2871648500.0,median across sessions of within-session method medians,/conditions/primary_N1024_a3_ell4096_included/absolute/R_independent/cpu_time_ns
primary_N1024_a3_ell4096_included,primary,included,1024,3,4096,False,R_independent,R_rho04_c3_t1,4,3,1,1024,1,3,3072,3,402653184,393216,preprocessing_ns,ns,237039345.25,228272247.0,246052555.5,median across sessions of within-session method medians,/conditions/primary_N1024_a3_ell4096_included/absolute/R_independent/preprocessing_ns
primary_N1024_a3_ell4096_included,primary,included,1024,3,4096,False,R_independent,R_rho04_c3_t1,4,3,1,1024,1,3,3072,3,402653184,393216,query_buffer_bytes,bytes,402653184.0,402653184.0,402653184.0,median across sessions of within-session method medians,/conditions/primary_N1024_a3_ell4096_included/absolute/R_independent/query_buffer_bytes
primary_N1024_a3_ell4096_included,primary,included,1024,3,4096,False,R_independent,R_rho04_c3_t1,4,3,1,1024,1,3,3072,3,402653184,393216,reply_buffer_bytes,bytes,393216.0,393216.0,393216.0,median across sessions of within-session method medians,/conditions/primary_N1024_a3_ell4096_included/absolute/R_independent/reply_buffer_bytes
primary_N1024_a3_ell4096_included,primary,included,1024,3,4096,False,R_matched,R_rho08_c3_t1,8,3,1,512,1,3,3072,3,402653184,393216,paired_latency_ratio_to_P,ratio,1.1021143478507032,1.0826473610815086,1.1306814430651555,median across sessions of within-session median paired baseline/packed ratios,/conditions/primary_N1024_a3_ell4096_included/ratios/R_matched
primary_N1024_a3_ell4096_included,primary,included,1024,3,4096,False,R_independent,R_rho04_c3_t1,4,3,1,1024,1,3,3072,3,402653184,393216,paired_latency_ratio_to_P,ratio,1.1121915084213452,1.084536171349481,1.1165722994650982,median across sessions of within-session median paired baseline/packed ratios,/conditions/primary_N1024_a3_ell4096_included/ratios/R_independent
primary_N1024_a3_ell4096_excluded,primary,excluded,1024,3,4096,False,P,P_rho08_c1_t1,8,1,1,512,1,1,1024,1,134217728,131072,task_latency_ns,ns,644761457.5,637652173.0,651118550.75,median across sessions of within-session method medians,/conditions/primary_N1024_a3_ell4096_excluded/absolute/P/task_latency_ns
primary_N1024_a3_ell4096_excluded,primary,excluded,1024,3,4096,False,P,P_rho08_c1_t1,8,1,1,512,1,1,1024,1,134217728,131072,cpu_time_ns,ns,646367749.75,638453250.25,649364000.5,median across sessions of within-session method medians,/conditions/primary_N1024_a3_ell4096_excluded/absolute/P/cpu_time_ns
primary_N1024_a3_ell4096_excluded,primary,excluded,1024,3,4096,False,P,P_rho08_c1_t1,8,1,1,512,1,1,1024,1,134217728,131072,preprocessing_ns,ns,254805344.0,248291669.5,259998093.0,median across sessions of within-session method medians,/conditions/primary_N1024_a3_ell4096_excluded/absolute/P/preprocessing_ns
primary_N1024_a3_ell4096_excluded,primary,excluded,1024,3,4096,False,P,P_rho08_c1_t1,8,1,1,512,1,1,1024,1,134217728,131072,query_buffer_bytes,bytes,134217728.0,134217728.0,134217728.0,median across sessions of within-session method medians,/conditions/primary_N1024_a3_ell4096_excluded/absolute/P/query_buffer_bytes
primary_N1024_a3_ell4096_excluded,primary,excluded,1024,3,4096,False,P,P_rho08_c1_t1,8,1,1,512,1,1,1024,1,134217728,131072,reply_buffer_bytes,bytes,131072.0,131072.0,131072.0,median across sessions of within-session method medians,/conditions/primary_N1024_a3_ell4096_excluded/absolute/P/reply_buffer_bytes
primary_N1024_a3_ell4096_excluded,primary,excluded,1024,3,4096,False,R_matched,R_rho08_c3_t1,8,3,1,512,1,3,3072,3,402653184,393216,task_latency_ns,ns,765046787.5,743955155.0,790790824.25,median across sessions of within-session method medians,/conditions/primary_N1024_a3_ell4096_excluded/absolute/R_matched/task_latency_ns
primary_N1024_a3_ell4096_excluded,primary,excluded,1024,3,4096,False,R_matched,R_rho08_c3_t1,8,3,1,512,1,3,3072,3,402653184,393216,cpu_time_ns,ns,2192789000.0,2136356500.0,2269138750.0,median across sessions of within-session method medians,/conditions/primary_N1024_a3_ell4096_excluded/absolute/R_matched/cpu_time_ns
primary_N1024_a3_ell4096_excluded,primary,excluded,1024,3,4096,False,R_matched,R_rho08_c3_t1,8,3,1,512,1,3,3072,3,402653184,393216,preprocessing_ns,ns,254317135.75,246734485.0,259071529.25,median across sessions of within-session method medians,/conditions/primary_N1024_a3_ell4096_excluded/absolute/R_matched/preprocessing_ns
primary_N1024_a3_ell4096_excluded,primary,excluded,1024,3,4096,False,R_matched,R_rho08_c3_t1,8,3,1,512,1,3,3072,3,402653184,393216,query_buffer_bytes,bytes,402653184.0,402653184.0,402653184.0,median across sessions of within-session method medians,/conditions/primary_N1024_a3_ell4096_excluded/absolute/R_matched/query_buffer_bytes
primary_N1024_a3_ell4096_excluded,primary,excluded,1024,3,4096,False,R_matched,R_rho08_c3_t1,8,3,1,512,1,3,3072,3,402653184,393216,reply_buffer_bytes,bytes,393216.0,393216.0,393216.0,median across sessions of within-session method medians,/conditions/primary_N1024_a3_ell4096_excluded/absolute/R_matched/reply_buffer_bytes
primary_N1024_a3_ell4096_excluded,primary,excluded,1024,3,4096,False,R_independent,R_rho04_c3_t1,4,3,1,1024,1,3,3072,3,402653184,393216,task_latency_ns,ns,764354542.0,754141092.5,781490641.0,median across sessions of within-session method medians,/conditions/primary_N1024_a3_ell4096_excluded/absolute/R_independent/task_latency_ns
primary_N1024_a3_ell4096_excluded,primary,excluded,1024,3,4096,False,R_independent,R_rho04_c3_t1,4,3,1,1024,1,3,3072,3,402653184,393216,cpu_time_ns,ns,2213382000.0,2191255999.5,2229153000.25,median across sessions of within-session method medians,/conditions/primary_N1024_a3_ell4096_excluded/absolute/R_independent/cpu_time_ns
primary_N1024_a3_ell4096_excluded,primary,excluded,1024,3,4096,False,R_independent,R_rho04_c3_t1,4,3,1,1024,1,3,3072,3,402653184,393216,preprocessing_ns,ns,239844716.5,234927725.0,243894392.0,median across sessions of within-session method medians,/conditions/primary_N1024_a3_ell4096_excluded/absolute/R_independent/preprocessing_ns
primary_N1024_a3_ell4096_excluded,primary,excluded,1024,3,4096,False,R_independent,R_rho04_c3_t1,4,3,1,1024,1,3,3072,3,402653184,393216,query_buffer_bytes,bytes,402653184.0,402653184.0,402653184.0,median across sessions of within-session method medians,/conditions/primary_N1024_a3_ell4096_excluded/absolute/R_independent/query_buffer_bytes
primary_N1024_a3_ell4096_excluded,primary,excluded,1024,3,4096,False,R_independent,R_rho04_c3_t1,4,3,1,1024,1,3,3072,3,402653184,393216,reply_buffer_bytes,bytes,393216.0,393216.0,393216.0,median across sessions of within-session method medians,/conditions/primary_N1024_a3_ell4096_excluded/absolute/R_independent/reply_buffer_bytes
primary_N1024_a3_ell4096_excluded,primary,excluded,1024,3,4096,False,R_matched,R_rho08_c3_t1,8,3,1,512,1,3,3072,3,402653184,393216,paired_latency_ratio_to_P,ratio,1.1805581605057625,1.1584092818931582,1.2117635189143912,median across sessions of within-session median paired baseline/packed ratios,/conditions/primary_N1024_a3_ell4096_excluded/ratios/R_matched
primary_N1024_a3_ell4096_excluded,primary,excluded,1024,3,4096,False,R_independent,R_rho04_c3_t1,4,3,1,1024,1,3,3072,3,402653184,393216,paired_latency_ratio_to_P,ratio,1.1814306015534788,1.1619760284299376,1.2011422045381428,median across sessions of within-session median paired baseline/packed ratios,/conditions/primary_N1024_a3_ell4096_excluded/ratios/R_independent
primary_N1024_a3_ell32768_included,primary,included,1024,3,32768,False,P,P_rho08_c1_t1,8,1,1,4096,1,1,1024,1,134217728,131072,task_latency_ns,ns,1049094590.0,1034050861.0,1066402020.5,median across sessions of within-session method medians,/conditions/primary_N1024_a3_ell32768_included/absolute/P/task_latency_ns
primary_N1024_a3_ell32768_included,primary,included,1024,3,32768,False,P,P_rho08_c1_t1,8,1,1,4096,1,1,1024,1,134217728,131072,cpu_time_ns,ns,1475397749.75,1463576750.0,1499031250.0,median across sessions of within-session method medians,/conditions/primary_N1024_a3_ell32768_included/absolute/P/cpu_time_ns
primary_N1024_a3_ell32768_included,primary,included,1024,3,32768,False,P,P_rho08_c1_t1,8,1,1,4096,1,1,1024,1,134217728,131072,preprocessing_ns,ns,385024135.25,381514729.25,390801190.5,median across sessions of within-session method medians,/conditions/primary_N1024_a3_ell32768_included/absolute/P/preprocessing_ns
primary_N1024_a3_ell32768_included,primary,included,1024,3,32768,False,P,P_rho08_c1_t1,8,1,1,4096,1,1,1024,1,134217728,131072,query_buffer_bytes,bytes,134217728.0,134217728.0,134217728.0,median across sessions of within-session method medians,/conditions/primary_N1024_a3_ell32768_included/absolute/P/query_buffer_bytes
primary_N1024_a3_ell32768_included,primary,included,1024,3,32768,False,P,P_rho08_c1_t1,8,1,1,4096,1,1,1024,1,134217728,131072,reply_buffer_bytes,bytes,131072.0,131072.0,131072.0,median across sessions of within-session method medians,/conditions/primary_N1024_a3_ell32768_included/absolute/P/reply_buffer_bytes
primary_N1024_a3_ell32768_included,primary,included,1024,3,32768,False,R_matched,R_rho08_c3_t1,8,3,1,4096,1,3,3072,3,402653184,393216,task_latency_ns,ns,1162645269.0,1144056442.5,1197290756.0,median across sessions of within-session method medians,/conditions/primary_N1024_a3_ell32768_included/absolute/R_matched/task_latency_ns
primary_N1024_a3_ell32768_included,primary,included,1024,3,32768,False,R_matched,R_rho08_c3_t1,8,3,1,4096,1,3,3072,3,402653184,393216,cpu_time_ns,ns,3029801749.75,2973756000.0,3114610999.75,median across sessions of within-session method medians,/conditions/primary_N1024_a3_ell32768_included/absolute/R_matched/cpu_time_ns
primary_N1024_a3_ell32768_included,primary,included,1024,3,32768,False,R_matched,R_rho08_c3_t1,8,3,1,4096,1,3,3072,3,402653184,393216,preprocessing_ns,ns,388091159.25,384781409.0,397485060.5,median across sessions of within-session method medians,/conditions/primary_N1024_a3_ell32768_included/absolute/R_matched/preprocessing_ns
primary_N1024_a3_ell32768_included,primary,included,1024,3,32768,False,R_matched,R_rho08_c3_t1,8,3,1,4096,1,3,3072,3,402653184,393216,query_buffer_bytes,bytes,402653184.0,402653184.0,402653184.0,median across sessions of within-session method medians,/conditions/primary_N1024_a3_ell32768_included/absolute/R_matched/query_buffer_bytes
primary_N1024_a3_ell32768_included,primary,included,1024,3,32768,False,R_matched,R_rho08_c3_t1,8,3,1,4096,1,3,3072,3,402653184,393216,reply_buffer_bytes,bytes,393216.0,393216.0,393216.0,median across sessions of within-session method medians,/conditions/primary_N1024_a3_ell32768_included/absolute/R_matched/reply_buffer_bytes
primary_N1024_a3_ell32768_included,primary,included,1024,3,32768,False,R_independent,R_rho24_c3_t1,24,3,1,1366,1,3,3072,3,402653184,393216,task_latency_ns,ns,1213128637.5,1199282178.0,1244654931.0,median across sessions of within-session method medians,/conditions/primary_N1024_a3_ell32768_included/absolute/R_independent/task_latency_ns
primary_N1024_a3_ell32768_included,primary,included,1024,3,32768,False,R_independent,R_rho24_c3_t1,24,3,1,1366,1,3,3072,3,402653184,393216,cpu_time_ns,ns,3061252749.75,3045243500.25,3149924000.5,median across sessions of within-session method medians,/conditions/primary_N1024_a3_ell32768_included/absolute/R_independent/cpu_time_ns
primary_N1024_a3_ell32768_included,primary,included,1024,3,32768,False,R_independent,R_rho24_c3_t1,24,3,1,1366,1,3,3072,3,402653184,393216,preprocessing_ns,ns,447558612.5,442724856.5,458434778.5,median across sessions of within-session method medians,/conditions/primary_N1024_a3_ell32768_included/absolute/R_independent/preprocessing_ns
primary_N1024_a3_ell32768_included,primary,included,1024,3,32768,False,R_independent,R_rho24_c3_t1,24,3,1,1366,1,3,3072,3,402653184,393216,query_buffer_bytes,bytes,402653184.0,402653184.0,402653184.0,median across sessions of within-session method medians,/conditions/primary_N1024_a3_ell32768_included/absolute/R_independent/query_buffer_bytes
primary_N1024_a3_ell32768_included,primary,included,1024,3,32768,False,R_independent,R_rho24_c3_t1,24,3,1,1366,1,3,3072,3,402653184,393216,reply_buffer_bytes,bytes,393216.0,393216.0,393216.0,median across sessions of within-session method medians,/conditions/primary_N1024_a3_ell32768_included/absolute/R_independent/reply_buffer_bytes
primary_N1024_a3_ell32768_included,primary,included,1024,3,32768,False,R_matched,R_rho08_c3_t1,8,3,1,4096,1,3,3072,3,402653184,393216,paired_latency_ratio_to_P,ratio,1.112696062867749,1.0965028821569534,1.1305434110414403,median across sessions of within-session median paired baseline/packed ratios,/conditions/primary_N1024_a3_ell32768_included/ratios/R_matched
primary_N1024_a3_ell32768_included,primary,included,1024,3,32768,False,R_independent,R_rho24_c3_t1,24,3,1,1366,1,3,3072,3,402653184,393216,paired_latency_ratio_to_P,ratio,1.1646575535041932,1.1365634545465015,1.1902959505350146,median across sessions of within-session median paired baseline/packed ratios,/conditions/primary_N1024_a3_ell32768_included/ratios/R_independent
primary_N1024_a3_ell32768_excluded,primary,excluded,1024,3,32768,False,P,P_rho08_c1_t1,8,1,1,4096,1,1,1024,1,134217728,131072,task_latency_ns,ns,654334318.5,649376681.5,662756102.5,median across sessions of within-session method medians,/conditions/primary_N1024_a3_ell32768_excluded/absolute/P/task_latency_ns
primary_N1024_a3_ell32768_excluded,primary,excluded,1024,3,32768,False,P,P_rho08_c1_t1,8,1,1,4096,1,1,1024,1,134217728,131072,cpu_time_ns,ns,664299499.75,658730000.0,670137750.25,median across sessions of within-session method medians,/conditions/primary_N1024_a3_ell32768_excluded/absolute/P/cpu_time_ns
primary_N1024_a3_ell32768_excluded,primary,excluded,1024,3,32768,False,P,P_rho08_c1_t1,8,1,1,4096,1,1,1024,1,134217728,131072,preprocessing_ns,ns,381637143.75,373269016.5,385579496.75,median across sessions of within-session method medians,/conditions/primary_N1024_a3_ell32768_excluded/absolute/P/preprocessing_ns
primary_N1024_a3_ell32768_excluded,primary,excluded,1024,3,32768,False,P,P_rho08_c1_t1,8,1,1,4096,1,1,1024,1,134217728,131072,query_buffer_bytes,bytes,134217728.0,134217728.0,134217728.0,median across sessions of within-session method medians,/conditions/primary_N1024_a3_ell32768_excluded/absolute/P/query_buffer_bytes
primary_N1024_a3_ell32768_excluded,primary,excluded,1024,3,32768,False,P,P_rho08_c1_t1,8,1,1,4096,1,1,1024,1,134217728,131072,reply_buffer_bytes,bytes,131072.0,131072.0,131072.0,median across sessions of within-session method medians,/conditions/primary_N1024_a3_ell32768_excluded/absolute/P/reply_buffer_bytes
primary_N1024_a3_ell32768_excluded,primary,excluded,1024,3,32768,False,R_matched,R_rho08_c3_t1,8,3,1,4096,1,3,3072,3,402653184,393216,task_latency_ns,ns,781375639.0,763526384.5,796305816.0,median across sessions of within-session method medians,/conditions/primary_N1024_a3_ell32768_excluded/absolute/R_matched/task_latency_ns
primary_N1024_a3_ell32768_excluded,primary,excluded,1024,3,32768,False,R_matched,R_rho08_c3_t1,8,3,1,4096,1,3,3072,3,402653184,393216,cpu_time_ns,ns,2223220000.0,2179947000.0,2262038500.0,median across sessions of within-session method medians,/conditions/primary_N1024_a3_ell32768_excluded/absolute/R_matched/cpu_time_ns
primary_N1024_a3_ell32768_excluded,primary,excluded,1024,3,32768,False,R_matched,R_rho08_c3_t1,8,3,1,4096,1,3,3072,3,402653184,393216,preprocessing_ns,ns,383716552.0,378108729.0,390796739.0,median across sessions of within-session method medians,/conditions/primary_N1024_a3_ell32768_excluded/absolute/R_matched/preprocessing_ns
primary_N1024_a3_ell32768_excluded,primary,excluded,1024,3,32768,False,R_matched,R_rho08_c3_t1,8,3,1,4096,1,3,3072,3,402653184,393216,query_buffer_bytes,bytes,402653184.0,402653184.0,402653184.0,median across sessions of within-session method medians,/conditions/primary_N1024_a3_ell32768_excluded/absolute/R_matched/query_buffer_bytes
primary_N1024_a3_ell32768_excluded,primary,excluded,1024,3,32768,False,R_matched,R_rho08_c3_t1,8,3,1,4096,1,3,3072,3,402653184,393216,reply_buffer_bytes,bytes,393216.0,393216.0,393216.0,median across sessions of within-session method medians,/conditions/primary_N1024_a3_ell32768_excluded/absolute/R_matched/reply_buffer_bytes
primary_N1024_a3_ell32768_excluded,primary,excluded,1024,3,32768,False,R_independent,R_rho24_c3_t1,24,3,1,1366,1,3,3072,3,402653184,393216,task_latency_ns,ns,770926453.0,760361298.0,792832767.0,median across sessions of within-session method medians,/conditions/primary_N1024_a3_ell32768_excluded/absolute/R_independent/task_latency_ns
primary_N1024_a3_ell32768_excluded,primary,excluded,1024,3,32768,False,R_independent,R_rho24_c3_t1,24,3,1,1366,1,3,3072,3,402653184,393216,cpu_time_ns,ns,2189340999.75,2162424000.25,2259759499.75,median across sessions of within-session method medians,/conditions/primary_N1024_a3_ell32768_excluded/absolute/R_independent/cpu_time_ns
primary_N1024_a3_ell32768_excluded,primary,excluded,1024,3,32768,False,R_independent,R_rho24_c3_t1,24,3,1,1366,1,3,3072,3,402653184,393216,preprocessing_ns,ns,444310345.5,438708321.75,447681871.75,median across sessions of within-session method medians,/conditions/primary_N1024_a3_ell32768_excluded/absolute/R_independent/preprocessing_ns
primary_N1024_a3_ell32768_excluded,primary,excluded,1024,3,32768,False,R_independent,R_rho24_c3_t1,24,3,1,1366,1,3,3072,3,402653184,393216,query_buffer_bytes,bytes,402653184.0,402653184.0,402653184.0,median across sessions of within-session method medians,/conditions/primary_N1024_a3_ell32768_excluded/absolute/R_independent/query_buffer_bytes
primary_N1024_a3_ell32768_excluded,primary,excluded,1024,3,32768,False,R_independent,R_rho24_c3_t1,24,3,1,1366,1,3,3072,3,402653184,393216,reply_buffer_bytes,bytes,393216.0,393216.0,393216.0,median across sessions of within-session method medians,/conditions/primary_N1024_a3_ell32768_excluded/absolute/R_independent/reply_buffer_bytes
primary_N1024_a3_ell32768_excluded,primary,excluded,1024,3,32768,False,R_matched,R_rho08_c3_t1,8,3,1,4096,1,3,3072,3,402653184,393216,paired_latency_ratio_to_P,ratio,1.18839618229705,1.1551687009264868,1.2038532144705876,median across sessions of within-session median paired baseline/packed ratios,/conditions/primary_N1024_a3_ell32768_excluded/ratios/R_matched
primary_N1024_a3_ell32768_excluded,primary,excluded,1024,3,32768,False,R_independent,R_rho24_c3_t1,24,3,1,1366,1,3,3072,3,402653184,393216,paired_latency_ratio_to_P,ratio,1.1734268958170835,1.1617908549828653,1.2023249145118091,median across sessions of within-session median paired baseline/packed ratios,/conditions/primary_N1024_a3_ell32768_excluded/ratios/R_independent
primary_N1024_a4_ell4096_included,primary,included,1024,4,4096,False,P,P_rho04_c1_t4,4,1,4,1024,1,1,1024,1,134217728,131072,task_latency_ns,ns,880014293.0,868904567.0,899530320.5,median across sessions of within-session method medians,/conditions/primary_N1024_a4_ell4096_included/absolute/P/task_latency_ns
primary_N1024_a4_ell4096_included,primary,included,1024,4,4096,False,P,P_rho04_c1_t4,4,1,4,1024,1,1,1024,1,134217728,131072,cpu_time_ns,ns,1326311250.25,1302530500.25,1364841499.5,median across sessions of within-session method medians,/conditions/primary_N1024_a4_ell4096_included/absolute/P/cpu_time_ns
primary_N1024_a4_ell4096_included,primary,included,1024,4,4096,False,P,P_rho04_c1_t4,4,1,4,1024,1,1,1024,1,134217728,131072,preprocessing_ns,ns,232173486.25,226836823.0,234084304.5,median across sessions of within-session method medians,/conditions/primary_N1024_a4_ell4096_included/absolute/P/preprocessing_ns
primary_N1024_a4_ell4096_included,primary,included,1024,4,4096,False,P,P_rho04_c1_t4,4,1,4,1024,1,1,1024,1,134217728,131072,query_buffer_bytes,bytes,134217728.0,134217728.0,134217728.0,median across sessions of within-session method medians,/conditions/primary_N1024_a4_ell4096_included/absolute/P/query_buffer_bytes
primary_N1024_a4_ell4096_included,primary,included,1024,4,4096,False,P,P_rho04_c1_t4,4,1,4,1024,1,1,1024,1,134217728,131072,reply_buffer_bytes,bytes,131072.0,131072.0,131072.0,median across sessions of within-session method medians,/conditions/primary_N1024_a4_ell4096_included/absolute/P/reply_buffer_bytes
primary_N1024_a4_ell4096_included,primary,included,1024,4,4096,False,R_matched,R_rho04_c4_t1,4,4,1,1024,1,4,4096,4,536870912,524288,task_latency_ns,ns,1033046696.5,1014262734.3375001,1040619953.0,median across sessions of within-session method medians,/conditions/primary_N1024_a4_ell4096_included/absolute/R_matched/task_latency_ns
primary_N1024_a4_ell4096_included,primary,included,1024,4,4096,False,R_matched,R_rho04_c4_t1,4,4,1,1024,1,4,4096,4,536870912,524288,cpu_time_ns,ns,3670532249.25,3616173250.0,3724006500.0,median across sessions of within-session method medians,/conditions/primary_N1024_a4_ell4096_included/absolute/R_matched/cpu_time_ns
primary_N1024_a4_ell4096_included,primary,included,1024,4,4096,False,R_matched,R_rho04_c4_t1,4,4,1,1024,1,4,4096,4,536870912,524288,preprocessing_ns,ns,232499842.5,230152516.0,239680779.5,median across sessions of within-session method medians,/conditions/primary_N1024_a4_ell4096_included/absolute/R_matched/preprocessing_ns
primary_N1024_a4_ell4096_included,primary,included,1024,4,4096,False,R_matched,R_rho04_c4_t1,4,4,1,1024,1,4,4096,4,536870912,524288,query_buffer_bytes,bytes,536870912.0,536870912.0,536870912.0,median across sessions of within-session method medians,/conditions/primary_N1024_a4_ell4096_included/absolute/R_matched/query_buffer_bytes
primary_N1024_a4_ell4096_included,primary,included,1024,4,4096,False,R_matched,R_rho04_c4_t1,4,4,1,1024,1,4,4096,4,536870912,524288,reply_buffer_bytes,bytes,524288.0,524288.0,524288.0,median across sessions of within-session method medians,/conditions/primary_N1024_a4_ell4096_included/absolute/R_matched/reply_buffer_bytes
primary_N1024_a4_ell4096_included,primary,included,1024,4,4096,False,R_independent,R_rho12_c4_t1,12,4,1,342,1,4,4096,4,536870912,524288,task_latency_ns,ns,1089770569.5,1070639584.25,1111801038.0,median across sessions of within-session method medians,/conditions/primary_N1024_a4_ell4096_included/absolute/R_independent/task_latency_ns
primary_N1024_a4_ell4096_included,primary,included,1024,4,4096,False,R_independent,R_rho12_c4_t1,12,4,1,342,1,4,4096,4,536870912,524288,cpu_time_ns,ns,3750888750.0,3716994250.0,3814039500.25,median across sessions of within-session method medians,/conditions/primary_N1024_a4_ell4096_included/absolute/R_independent/cpu_time_ns
primary_N1024_a4_ell4096_included,primary,included,1024,4,4096,False,R_independent,R_rho12_c4_t1,12,4,1,342,1,4,4096,4,536870912,524288,preprocessing_ns,ns,259665107.5,258447781.75,270586508.0,median across sessions of within-session method medians,/conditions/primary_N1024_a4_ell4096_included/absolute/R_independent/preprocessing_ns
primary_N1024_a4_ell4096_included,primary,included,1024,4,4096,False,R_independent,R_rho12_c4_t1,12,4,1,342,1,4,4096,4,536870912,524288,query_buffer_bytes,bytes,536870912.0,536870912.0,536870912.0,median across sessions of within-session method medians,/conditions/primary_N1024_a4_ell4096_included/absolute/R_independent/query_buffer_bytes
primary_N1024_a4_ell4096_included,primary,included,1024,4,4096,False,R_independent,R_rho12_c4_t1,12,4,1,342,1,4,4096,4,536870912,524288,reply_buffer_bytes,bytes,524288.0,524288.0,524288.0,median across sessions of within-session method medians,/conditions/primary_N1024_a4_ell4096_included/absolute/R_independent/reply_buffer_bytes
primary_N1024_a4_ell4096_included,primary,included,1024,4,4096,False,R_matched,R_rho04_c4_t1,4,4,1,1024,1,4,4096,4,536870912,524288,paired_latency_ratio_to_P,ratio,1.1579468166450737,1.1294217648010951,1.1718051292802532,median across sessions of within-session median paired baseline/packed ratios,/conditions/primary_N1024_a4_ell4096_included/ratios/R_matched
primary_N1024_a4_ell4096_included,primary,included,1024,4,4096,False,R_independent,R_rho12_c4_t1,12,4,1,342,1,4,4096,4,536870912,524288,paired_latency_ratio_to_P,ratio,1.2201570586626322,1.1779192730430543,1.2579404550772688,median across sessions of within-session median paired baseline/packed ratios,/conditions/primary_N1024_a4_ell4096_included/ratios/R_independent
primary_N1024_a4_ell4096_excluded,primary,excluded,1024,4,4096,False,P,P_rho04_c1_t4,4,1,4,1024,1,1,1024,1,134217728,131072,task_latency_ns,ns,643697796.5,640250278.0,657631998.0,median across sessions of within-session method medians,/conditions/primary_N1024_a4_ell4096_excluded/absolute/P/task_latency_ns
primary_N1024_a4_ell4096_excluded,primary,excluded,1024,4,4096,False,P,P_rho04_c1_t4,4,1,4,1024,1,1,1024,1,134217728,131072,cpu_time_ns,ns,679781500.0,676932500.0,693336000.0,median across sessions of within-session method medians,/conditions/primary_N1024_a4_ell4096_excluded/absolute/P/cpu_time_ns
primary_N1024_a4_ell4096_excluded,primary,excluded,1024,4,4096,False,P,P_rho04_c1_t4,4,1,4,1024,1,1,1024,1,134217728,131072,preprocessing_ns,ns,235984569.25,232275451.5,238622000.25,median across sessions of within-session method medians,/conditions/primary_N1024_a4_ell4096_excluded/absolute/P/preprocessing_ns
primary_N1024_a4_ell4096_excluded,primary,excluded,1024,4,4096,False,P,P_rho04_c1_t4,4,1,4,1024,1,1,1024,1,134217728,131072,query_buffer_bytes,bytes,134217728.0,134217728.0,134217728.0,median across sessions of within-session method medians,/conditions/primary_N1024_a4_ell4096_excluded/absolute/P/query_buffer_bytes
primary_N1024_a4_ell4096_excluded,primary,excluded,1024,4,4096,False,P,P_rho04_c1_t4,4,1,4,1024,1,1,1024,1,134217728,131072,reply_buffer_bytes,bytes,131072.0,131072.0,131072.0,median across sessions of within-session method medians,/conditions/primary_N1024_a4_ell4096_excluded/absolute/P/reply_buffer_bytes
primary_N1024_a4_ell4096_excluded,primary,excluded,1024,4,4096,False,R_matched,R_rho04_c4_t1,4,4,1,1024,1,4,4096,4,536870912,524288,task_latency_ns,ns,796738431.0,772557738.75,806912399.25,median across sessions of within-session method medians,/conditions/primary_N1024_a4_ell4096_excluded/absolute/R_matched/task_latency_ns
primary_N1024_a4_ell4096_excluded,primary,excluded,1024,4,4096,False,R_matched,R_rho04_c4_t1,4,4,1,1024,1,4,4096,4,536870912,524288,cpu_time_ns,ns,3009099500.0,2935328500.0,3098330750.5,median across sessions of within-session method medians,/conditions/primary_N1024_a4_ell4096_excluded/absolute/R_matched/cpu_time_ns
primary_N1024_a4_ell4096_excluded,primary,excluded,1024,4,4096,False,R_matched,R_rho04_c4_t1,4,4,1,1024,1,4,4096,4,536870912,524288,preprocessing_ns,ns,233012893.5,227797712.25,237468457.5,median across sessions of within-session method medians,/conditions/primary_N1024_a4_ell4096_excluded/absolute/R_matched/preprocessing_ns
primary_N1024_a4_ell4096_excluded,primary,excluded,1024,4,4096,False,R_matched,R_rho04_c4_t1,4,4,1,1024,1,4,4096,4,536870912,524288,query_buffer_bytes,bytes,536870912.0,536870912.0,536870912.0,median across sessions of within-session method medians,/conditions/primary_N1024_a4_ell4096_excluded/absolute/R_matched/query_buffer_bytes
primary_N1024_a4_ell4096_excluded,primary,excluded,1024,4,4096,False,R_matched,R_rho04_c4_t1,4,4,1,1024,1,4,4096,4,536870912,524288,reply_buffer_bytes,bytes,524288.0,524288.0,524288.0,median across sessions of within-session method medians,/conditions/primary_N1024_a4_ell4096_excluded/absolute/R_matched/reply_buffer_bytes
primary_N1024_a4_ell4096_excluded,primary,excluded,1024,4,4096,False,R_independent,R_rho12_c4_t1,12,4,1,342,1,4,4096,4,536870912,524288,task_latency_ns,ns,803331221.75,793692863.5,823411279.75,median across sessions of within-session method medians,/conditions/primary_N1024_a4_ell4096_excluded/absolute/R_independent/task_latency_ns
primary_N1024_a4_ell4096_excluded,primary,excluded,1024,4,4096,False,R_independent,R_rho12_c4_t1,12,4,1,342,1,4,4096,4,536870912,524288,cpu_time_ns,ns,3050178999.75,2982837000.0,3126431500.0,median across sessions of within-session method medians,/conditions/primary_N1024_a4_ell4096_excluded/absolute/R_independent/cpu_time_ns
primary_N1024_a4_ell4096_excluded,primary,excluded,1024,4,4096,False,R_independent,R_rho12_c4_t1,12,4,1,342,1,4,4096,4,536870912,524288,preprocessing_ns,ns,266424672.25,261548489.0,274599507.25,median across sessions of within-session method medians,/conditions/primary_N1024_a4_ell4096_excluded/absolute/R_independent/preprocessing_ns
primary_N1024_a4_ell4096_excluded,primary,excluded,1024,4,4096,False,R_independent,R_rho12_c4_t1,12,4,1,342,1,4,4096,4,536870912,524288,query_buffer_bytes,bytes,536870912.0,536870912.0,536870912.0,median across sessions of within-session method medians,/conditions/primary_N1024_a4_ell4096_excluded/absolute/R_independent/query_buffer_bytes
primary_N1024_a4_ell4096_excluded,primary,excluded,1024,4,4096,False,R_independent,R_rho12_c4_t1,12,4,1,342,1,4,4096,4,536870912,524288,reply_buffer_bytes,bytes,524288.0,524288.0,524288.0,median across sessions of within-session method medians,/conditions/primary_N1024_a4_ell4096_excluded/absolute/R_independent/reply_buffer_bytes
primary_N1024_a4_ell4096_excluded,primary,excluded,1024,4,4096,False,R_matched,R_rho04_c4_t1,4,4,1,1024,1,4,4096,4,536870912,524288,paired_latency_ratio_to_P,ratio,1.2017799089640326,1.1854402885574356,1.215308173799051,median across sessions of within-session median paired baseline/packed ratios,/conditions/primary_N1024_a4_ell4096_excluded/ratios/R_matched
primary_N1024_a4_ell4096_excluded,primary,excluded,1024,4,4096,False,R_independent,R_rho12_c4_t1,12,4,1,342,1,4,4096,4,536870912,524288,paired_latency_ratio_to_P,ratio,1.2188009877093753,1.1916318862009578,1.2484875979079555,median across sessions of within-session median paired baseline/packed ratios,/conditions/primary_N1024_a4_ell4096_excluded/ratios/R_independent
primary_N1024_a4_ell32768_included,primary,included,1024,4,32768,False,P,P_rho04_c1_t4,4,1,4,8192,2,1,1024,2,134217728,262144,task_latency_ns,ns,1228998509.5,1194382215.0,1242273986.0,median across sessions of within-session method medians,/conditions/primary_N1024_a4_ell32768_included/absolute/P/task_latency_ns
primary_N1024_a4_ell32768_included,primary,included,1024,4,32768,False,P,P_rho04_c1_t4,4,1,4,8192,2,1,1024,2,134217728,262144,cpu_time_ns,ns,1931382250.0,1877905500.5,1973846250.0,median across sessions of within-session method medians,/conditions/primary_N1024_a4_ell32768_included/absolute/P/cpu_time_ns
primary_N1024_a4_ell32768_included,primary,included,1024,4,32768,False,P,P_rho04_c1_t4,4,1,4,8192,2,1,1024,2,134217728,262144,preprocessing_ns,ns,542571198.5,536038302.5,570474977.0,median across sessions of within-session method medians,/conditions/primary_N1024_a4_ell32768_included/absolute/P/preprocessing_ns
primary_N1024_a4_ell32768_included,primary,included,1024,4,32768,False,P,P_rho04_c1_t4,4,1,4,8192,2,1,1024,2,134217728,262144,query_buffer_bytes,bytes,134217728.0,134217728.0,134217728.0,median across sessions of within-session method medians,/conditions/primary_N1024_a4_ell32768_included/absolute/P/query_buffer_bytes
primary_N1024_a4_ell32768_included,primary,included,1024,4,32768,False,P,P_rho04_c1_t4,4,1,4,8192,2,1,1024,2,134217728,262144,reply_buffer_bytes,bytes,262144.0,262144.0,262144.0,median across sessions of within-session method medians,/conditions/primary_N1024_a4_ell32768_included/absolute/P/reply_buffer_bytes
primary_N1024_a4_ell32768_included,primary,included,1024,4,32768,False,R_matched,R_rho04_c4_t1,4,4,1,8192,2,4,4096,8,536870912,1048576,task_latency_ns,ns,1418305497.5,1397945553.5,1449806734.75,median across sessions of within-session method medians,/conditions/primary_N1024_a4_ell32768_included/absolute/R_matched/task_latency_ns
primary_N1024_a4_ell32768_included,primary,included,1024,4,32768,False,R_matched,R_rho04_c4_t1,4,4,1,8192,2,4,4096,8,536870912,1048576,cpu_time_ns,ns,4482187250.0,4437313000.0,4660054000.5,median across sessions of within-session method medians,/conditions/primary_N1024_a4_ell32768_included/absolute/R_matched/cpu_time_ns
primary_N1024_a4_ell32768_included,primary,included,1024,4,32768,False,R_matched,R_rho04_c4_t1,4,4,1,8192,2,4,4096,8,536870912,1048576,preprocessing_ns,ns,559328319.75,550838115.75,565265709.0,median across sessions of within-session method medians,/conditions/primary_N1024_a4_ell32768_included/absolute/R_matched/preprocessing_ns
primary_N1024_a4_ell32768_included,primary,included,1024,4,32768,False,R_matched,R_rho04_c4_t1,4,4,1,8192,2,4,4096,8,536870912,1048576,query_buffer_bytes,bytes,536870912.0,536870912.0,536870912.0,median across sessions of within-session method medians,/conditions/primary_N1024_a4_ell32768_included/absolute/R_matched/query_buffer_bytes
primary_N1024_a4_ell32768_included,primary,included,1024,4,32768,False,R_matched,R_rho04_c4_t1,4,4,1,8192,2,4,4096,8,536870912,1048576,reply_buffer_bytes,bytes,1048576.0,1048576.0,1048576.0,median across sessions of within-session method medians,/conditions/primary_N1024_a4_ell32768_included/absolute/R_matched/reply_buffer_bytes
primary_N1024_a4_ell32768_included,primary,included,1024,4,32768,False,R_independent,R_rho16_c4_t1,16,4,1,2048,1,4,4096,4,536870912,524288,task_latency_ns,ns,1231265061.75,1212321424.0,1266880257.5,median across sessions of within-session method medians,/conditions/primary_N1024_a4_ell32768_included/absolute/R_independent/task_latency_ns
primary_N1024_a4_ell32768_included,primary,included,1024,4,32768,False,R_independent,R_rho16_c4_t1,16,4,1,2048,1,4,4096,4,536870912,524288,cpu_time_ns,ns,3926741500.25,3875139000.0,4051806500.0,median across sessions of within-session method medians,/conditions/primary_N1024_a4_ell32768_included/absolute/R_independent/cpu_time_ns
primary_N1024_a4_ell32768_included,primary,included,1024,4,32768,False,R_independent,R_rho16_c4_t1,16,4,1,2048,1,4,4096,4,536870912,524288,preprocessing_ns,ns,416827549.0,411260464.75,419847001.0,median across sessions of within-session method medians,/conditions/primary_N1024_a4_ell32768_included/absolute/R_independent/preprocessing_ns
primary_N1024_a4_ell32768_included,primary,included,1024,4,32768,False,R_independent,R_rho16_c4_t1,16,4,1,2048,1,4,4096,4,536870912,524288,query_buffer_bytes,bytes,536870912.0,536870912.0,536870912.0,median across sessions of within-session method medians,/conditions/primary_N1024_a4_ell32768_included/absolute/R_independent/query_buffer_bytes
primary_N1024_a4_ell32768_included,primary,included,1024,4,32768,False,R_independent,R_rho16_c4_t1,16,4,1,2048,1,4,4096,4,536870912,524288,reply_buffer_bytes,bytes,524288.0,524288.0,524288.0,median across sessions of within-session method medians,/conditions/primary_N1024_a4_ell32768_included/absolute/R_independent/reply_buffer_bytes
primary_N1024_a4_ell32768_included,primary,included,1024,4,32768,False,R_matched,R_rho04_c4_t1,4,4,1,8192,2,4,4096,8,536870912,1048576,paired_latency_ratio_to_P,ratio,1.1657039713612791,1.1442374878597061,1.1878771186370018,median across sessions of within-session median paired baseline/packed ratios,/conditions/primary_N1024_a4_ell32768_included/ratios/R_matched
primary_N1024_a4_ell32768_included,primary,included,1024,4,32768,False,R_independent,R_rho16_c4_t1,16,4,1,2048,1,4,4096,4,536870912,524288,paired_latency_ratio_to_P,ratio,1.0169148114181896,0.9833611136380069,1.0366340383204173,median across sessions of within-session median paired baseline/packed ratios,/conditions/primary_N1024_a4_ell32768_included/ratios/R_independent
primary_N1024_a4_ell32768_excluded,primary,excluded,1024,4,32768,False,P,P_rho04_c1_t4,4,1,4,8192,2,1,1024,2,134217728,262144,task_latency_ns,ns,663634741.5,650346545.5,675693478.5,median across sessions of within-session method medians,/conditions/primary_N1024_a4_ell32768_excluded/absolute/P/task_latency_ns
primary_N1024_a4_ell32768_excluded,primary,excluded,1024,4,32768,False,P,P_rho04_c1_t4,4,1,4,8192,2,1,1024,2,134217728,262144,cpu_time_ns,ns,737585250.25,725296250.0,752795999.5,median across sessions of within-session method medians,/conditions/primary_N1024_a4_ell32768_excluded/absolute/P/cpu_time_ns
primary_N1024_a4_ell32768_excluded,primary,excluded,1024,4,32768,False,P,P_rho04_c1_t4,4,1,4,8192,2,1,1024,2,134217728,262144,preprocessing_ns,ns,541212834.5,536008700.0,553229555.75,median across sessions of within-session method medians,/conditions/primary_N1024_a4_ell32768_excluded/absolute/P/preprocessing_ns
primary_N1024_a4_ell32768_excluded,primary,excluded,1024,4,32768,False,P,P_rho04_c1_t4,4,1,4,8192,2,1,1024,2,134217728,262144,query_buffer_bytes,bytes,134217728.0,134217728.0,134217728.0,median across sessions of within-session method medians,/conditions/primary_N1024_a4_ell32768_excluded/absolute/P/query_buffer_bytes
primary_N1024_a4_ell32768_excluded,primary,excluded,1024,4,32768,False,P,P_rho04_c1_t4,4,1,4,8192,2,1,1024,2,134217728,262144,reply_buffer_bytes,bytes,262144.0,262144.0,262144.0,median across sessions of within-session method medians,/conditions/primary_N1024_a4_ell32768_excluded/absolute/P/reply_buffer_bytes
primary_N1024_a4_ell32768_excluded,primary,excluded,1024,4,32768,False,R_matched,R_rho04_c4_t1,4,4,1,8192,2,4,4096,8,536870912,1048576,task_latency_ns,ns,857936981.0,850572628.0,885215488.75,median across sessions of within-session method medians,/conditions/primary_N1024_a4_ell32768_excluded/absolute/R_matched/task_latency_ns
primary_N1024_a4_ell32768_excluded,primary,excluded,1024,4,32768,False,R_matched,R_rho04_c4_t1,4,4,1,8192,2,4,4096,8,536870912,1048576,cpu_time_ns,ns,3277797500.0,3236991000.0,3371264000.0,median across sessions of within-session method medians,/conditions/primary_N1024_a4_ell32768_excluded/absolute/R_matched/cpu_time_ns
primary_N1024_a4_ell32768_excluded,primary,excluded,1024,4,32768,False,R_matched,R_rho04_c4_t1,4,4,1,8192,2,4,4096,8,536870912,1048576,preprocessing_ns,ns,549776744.75,542848990.75,558233159.5,median across sessions of within-session method medians,/conditions/primary_N1024_a4_ell32768_excluded/absolute/R_matched/preprocessing_ns
primary_N1024_a4_ell32768_excluded,primary,excluded,1024,4,32768,False,R_matched,R_rho04_c4_t1,4,4,1,8192,2,4,4096,8,536870912,1048576,query_buffer_bytes,bytes,536870912.0,536870912.0,536870912.0,median across sessions of within-session method medians,/conditions/primary_N1024_a4_ell32768_excluded/absolute/R_matched/query_buffer_bytes
primary_N1024_a4_ell32768_excluded,primary,excluded,1024,4,32768,False,R_matched,R_rho04_c4_t1,4,4,1,8192,2,4,4096,8,536870912,1048576,reply_buffer_bytes,bytes,1048576.0,1048576.0,1048576.0,median across sessions of within-session method medians,/conditions/primary_N1024_a4_ell32768_excluded/absolute/R_matched/reply_buffer_bytes
primary_N1024_a4_ell32768_excluded,primary,excluded,1024,4,32768,False,R_independent,R_rho16_c4_t1,16,4,1,2048,1,4,4096,4,536870912,524288,task_latency_ns,ns,828814366.75,818291361.5,834512410.25,median across sessions of within-session method medians,/conditions/primary_N1024_a4_ell32768_excluded/absolute/R_independent/task_latency_ns
primary_N1024_a4_ell32768_excluded,primary,excluded,1024,4,32768,False,R_independent,R_rho16_c4_t1,16,4,1,2048,1,4,4096,4,536870912,524288,cpu_time_ns,ns,3105026500.5,3087466500.0,3169503000.0,median across sessions of within-session method medians,/conditions/primary_N1024_a4_ell32768_excluded/absolute/R_independent/cpu_time_ns
primary_N1024_a4_ell32768_excluded,primary,excluded,1024,4,32768,False,R_independent,R_rho16_c4_t1,16,4,1,2048,1,4,4096,4,536870912,524288,preprocessing_ns,ns,416799381.5,412586093.5,424461077.0,median across sessions of within-session method medians,/conditions/primary_N1024_a4_ell32768_excluded/absolute/R_independent/preprocessing_ns
primary_N1024_a4_ell32768_excluded,primary,excluded,1024,4,32768,False,R_independent,R_rho16_c4_t1,16,4,1,2048,1,4,4096,4,536870912,524288,query_buffer_bytes,bytes,536870912.0,536870912.0,536870912.0,median across sessions of within-session method medians,/conditions/primary_N1024_a4_ell32768_excluded/absolute/R_independent/query_buffer_bytes
primary_N1024_a4_ell32768_excluded,primary,excluded,1024,4,32768,False,R_independent,R_rho16_c4_t1,16,4,1,2048,1,4,4096,4,536870912,524288,reply_buffer_bytes,bytes,524288.0,524288.0,524288.0,median across sessions of within-session method medians,/conditions/primary_N1024_a4_ell32768_excluded/absolute/R_independent/reply_buffer_bytes
primary_N1024_a4_ell32768_excluded,primary,excluded,1024,4,32768,False,R_matched,R_rho04_c4_t1,4,4,1,8192,2,4,4096,8,536870912,1048576,paired_latency_ratio_to_P,ratio,1.2946014705835276,1.27835492493027,1.308789992386989,median across sessions of within-session median paired baseline/packed ratios,/conditions/primary_N1024_a4_ell32768_excluded/ratios/R_matched
primary_N1024_a4_ell32768_excluded,primary,excluded,1024,4,32768,False,R_independent,R_rho16_c4_t1,16,4,1,2048,1,4,4096,4,536870912,524288,paired_latency_ratio_to_P,ratio,1.2368366787461964,1.2178379035709552,1.2656355798056553,median across sessions of within-session median paired baseline/packed ratios,/conditions/primary_N1024_a4_ell32768_excluded/ratios/R_independent
capacity_N1024_a2_ell49144_included,capacity,included,1024,2,49144,False,P,P_rho12_c1_t4,12,1,4,4096,1,1,1024,1,134217728,131072,task_latency_ns,ns,1148995648.0,1124450291.0,1166524864.75,median across sessions of within-session method medians,/conditions/capacity_N1024_a2_ell49144_included/absolute/P/task_latency_ns
capacity_N1024_a2_ell49144_included,capacity,included,1024,2,49144,False,P,P_rho12_c1_t4,12,1,4,4096,1,1,1024,1,134217728,131072,cpu_time_ns,ns,1618230000.25,1584922000.0,1646626750.0,median across sessions of within-session method medians,/conditions/capacity_N1024_a2_ell49144_included/absolute/P/cpu_time_ns
capacity_N1024_a2_ell49144_included,capacity,included,1024,2,49144,False,P,P_rho12_c1_t4,12,1,4,4096,1,1,1024,1,134217728,131072,preprocessing_ns,ns,481890937.0,472044780.5,491545246.25,median across sessions of within-session method medians,/conditions/capacity_N1024_a2_ell49144_included/absolute/P/preprocessing_ns
capacity_N1024_a2_ell49144_included,capacity,included,1024,2,49144,False,P,P_rho12_c1_t4,12,1,4,4096,1,1,1024,1,134217728,131072,query_buffer_bytes,bytes,134217728.0,134217728.0,134217728.0,median across sessions of within-session method medians,/conditions/capacity_N1024_a2_ell49144_included/absolute/P/query_buffer_bytes
capacity_N1024_a2_ell49144_included,capacity,included,1024,2,49144,False,P,P_rho12_c1_t4,12,1,4,4096,1,1,1024,1,134217728,131072,reply_buffer_bytes,bytes,131072.0,131072.0,131072.0,median across sessions of within-session method medians,/conditions/capacity_N1024_a2_ell49144_included/absolute/P/reply_buffer_bytes
capacity_N1024_a2_ell49144_included,capacity,included,1024,2,49144,False,R_matched,R_rho12_c2_t2,12,2,2,4096,1,2,2048,2,268435456,262144,task_latency_ns,ns,1210675164.75,1163728251.5,1234409353.0,median across sessions of within-session method medians,/conditions/capacity_N1024_a2_ell49144_included/absolute/R_matched/task_latency_ns
capacity_N1024_a2_ell49144_included,capacity,included,1024,2,49144,False,R_matched,R_rho12_c2_t2,12,2,2,4096,1,2,2048,2,268435456,262144,cpu_time_ns,ns,2376548500.0,2311881500.0,2405269750.0,median across sessions of within-session method medians,/conditions/capacity_N1024_a2_ell49144_included/absolute/R_matched/cpu_time_ns
capacity_N1024_a2_ell49144_included,capacity,included,1024,2,49144,False,R_matched,R_rho12_c2_t2,12,2,2,4096,1,2,2048,2,268435456,262144,preprocessing_ns,ns,485802876.75,481587886.0,490363599.0,median across sessions of within-session method medians,/conditions/capacity_N1024_a2_ell49144_included/absolute/R_matched/preprocessing_ns
capacity_N1024_a2_ell49144_included,capacity,included,1024,2,49144,False,R_matched,R_rho12_c2_t2,12,2,2,4096,1,2,2048,2,268435456,262144,query_buffer_bytes,bytes,268435456.0,268435456.0,268435456.0,median across sessions of within-session method medians,/conditions/capacity_N1024_a2_ell49144_included/absolute/R_matched/query_buffer_bytes
capacity_N1024_a2_ell49144_included,capacity,included,1024,2,49144,False,R_matched,R_rho12_c2_t2,12,2,2,4096,1,2,2048,2,268435456,262144,reply_buffer_bytes,bytes,262144.0,262144.0,262144.0,median across sessions of within-session method medians,/conditions/capacity_N1024_a2_ell49144_included/absolute/R_matched/reply_buffer_bytes
capacity_N1024_a2_ell49144_included,capacity,included,1024,2,49144,False,R_independent,R_rho24_c2_t2,24,2,2,2048,1,2,2048,2,268435456,262144,task_latency_ns,ns,1248736851.75,1217173857.75,1278890949.0,median across sessions of within-session method medians,/conditions/capacity_N1024_a2_ell49144_included/absolute/R_independent/task_latency_ns
capacity_N1024_a2_ell49144_included,capacity,included,1024,2,49144,False,R_independent,R_rho24_c2_t2,24,2,2,2048,1,2,2048,2,268435456,262144,cpu_time_ns,ns,2383674500.25,2358674250.0,2479682999.25,median across sessions of within-session method medians,/conditions/capacity_N1024_a2_ell49144_included/absolute/R_independent/cpu_time_ns
capacity_N1024_a2_ell49144_included,capacity,included,1024,2,49144,False,R_independent,R_rho24_c2_t2,24,2,2,2048,1,2,2048,2,268435456,262144,preprocessing_ns,ns,528756539.25,517954871.25,543396406.5,median across sessions of within-session method medians,/conditions/capacity_N1024_a2_ell49144_included/absolute/R_independent/preprocessing_ns
capacity_N1024_a2_ell49144_included,capacity,included,1024,2,49144,False,R_independent,R_rho24_c2_t2,24,2,2,2048,1,2,2048,2,268435456,262144,query_buffer_bytes,bytes,268435456.0,268435456.0,268435456.0,median across sessions of within-session method medians,/conditions/capacity_N1024_a2_ell49144_included/absolute/R_independent/query_buffer_bytes
capacity_N1024_a2_ell49144_included,capacity,included,1024,2,49144,False,R_independent,R_rho24_c2_t2,24,2,2,2048,1,2,2048,2,268435456,262144,reply_buffer_bytes,bytes,262144.0,262144.0,262144.0,median across sessions of within-session method medians,/conditions/capacity_N1024_a2_ell49144_included/absolute/R_independent/reply_buffer_bytes
capacity_N1024_a2_ell49144_included,capacity,included,1024,2,49144,False,R_matched,R_rho12_c2_t2,12,2,2,4096,1,2,2048,2,268435456,262144,paired_latency_ratio_to_P,ratio,1.0467984750725816,1.0244073000887541,1.061632002801106,median across sessions of within-session median paired baseline/packed ratios,/conditions/capacity_N1024_a2_ell49144_included/ratios/R_matched
capacity_N1024_a2_ell49144_included,capacity,included,1024,2,49144,False,R_independent,R_rho24_c2_t2,24,2,2,2048,1,2,2048,2,268435456,262144,paired_latency_ratio_to_P,ratio,1.0943730965526193,1.0606120918132396,1.113172696954928,median across sessions of within-session median paired baseline/packed ratios,/conditions/capacity_N1024_a2_ell49144_included/ratios/R_independent
capacity_N1024_a2_ell49144_excluded,capacity,excluded,1024,2,49144,False,P,P_rho12_c1_t4,12,1,4,4096,1,1,1024,1,134217728,131072,task_latency_ns,ns,672260776.75,660387265.5,679853386.75,median across sessions of within-session method medians,/conditions/capacity_N1024_a2_ell49144_excluded/absolute/P/task_latency_ns
capacity_N1024_a2_ell49144_excluded,capacity,excluded,1024,2,49144,False,P,P_rho12_c1_t4,12,1,4,4096,1,1,1024,1,134217728,131072,cpu_time_ns,ns,721129000.25,706594000.0,727143000.0,median across sessions of within-session method medians,/conditions/capacity_N1024_a2_ell49144_excluded/absolute/P/cpu_time_ns
capacity_N1024_a2_ell49144_excluded,capacity,excluded,1024,2,49144,False,P,P_rho12_c1_t4,12,1,4,4096,1,1,1024,1,134217728,131072,preprocessing_ns,ns,481912531.75,475223731.0,490738845.5,median across sessions of within-session method medians,/conditions/capacity_N1024_a2_ell49144_excluded/absolute/P/preprocessing_ns
capacity_N1024_a2_ell49144_excluded,capacity,excluded,1024,2,49144,False,P,P_rho12_c1_t4,12,1,4,4096,1,1,1024,1,134217728,131072,query_buffer_bytes,bytes,134217728.0,134217728.0,134217728.0,median across sessions of within-session method medians,/conditions/capacity_N1024_a2_ell49144_excluded/absolute/P/query_buffer_bytes
capacity_N1024_a2_ell49144_excluded,capacity,excluded,1024,2,49144,False,P,P_rho12_c1_t4,12,1,4,4096,1,1,1024,1,134217728,131072,reply_buffer_bytes,bytes,131072.0,131072.0,131072.0,median across sessions of within-session method medians,/conditions/capacity_N1024_a2_ell49144_excluded/absolute/P/reply_buffer_bytes
capacity_N1024_a2_ell49144_excluded,capacity,excluded,1024,2,49144,False,R_matched,R_rho12_c2_t2,12,2,2,4096,1,2,2048,2,268435456,262144,task_latency_ns,ns,729384054.5,687592349.0,740591767.75,median across sessions of within-session method medians,/conditions/capacity_N1024_a2_ell49144_excluded/absolute/R_matched/task_latency_ns
capacity_N1024_a2_ell49144_excluded,capacity,excluded,1024,2,49144,False,R_matched,R_rho12_c2_t2,12,2,2,4096,1,2,2048,2,268435456,262144,cpu_time_ns,ns,1434189499.75,1408381500.0,1472963000.0,median across sessions of within-session method medians,/conditions/capacity_N1024_a2_ell49144_excluded/absolute/R_matched/cpu_time_ns
capacity_N1024_a2_ell49144_excluded,capacity,excluded,1024,2,49144,False,R_matched,R_rho12_c2_t2,12,2,2,4096,1,2,2048,2,268435456,262144,preprocessing_ns,ns,485390310.75,479070785.0,491801647.25,median across sessions of within-session method medians,/conditions/capacity_N1024_a2_ell49144_excluded/absolute/R_matched/preprocessing_ns
capacity_N1024_a2_ell49144_excluded,capacity,excluded,1024,2,49144,False,R_matched,R_rho12_c2_t2,12,2,2,4096,1,2,2048,2,268435456,262144,query_buffer_bytes,bytes,268435456.0,268435456.0,268435456.0,median across sessions of within-session method medians,/conditions/capacity_N1024_a2_ell49144_excluded/absolute/R_matched/query_buffer_bytes
capacity_N1024_a2_ell49144_excluded,capacity,excluded,1024,2,49144,False,R_matched,R_rho12_c2_t2,12,2,2,4096,1,2,2048,2,268435456,262144,reply_buffer_bytes,bytes,262144.0,262144.0,262144.0,median across sessions of within-session method medians,/conditions/capacity_N1024_a2_ell49144_excluded/absolute/R_matched/reply_buffer_bytes
capacity_N1024_a2_ell49144_excluded,capacity,excluded,1024,2,49144,False,R_independent,R_rho24_c2_t2,24,2,2,2048,1,2,2048,2,268435456,262144,task_latency_ns,ns,714616162.5,691821197.0,726899322.25,median across sessions of within-session method medians,/conditions/capacity_N1024_a2_ell49144_excluded/absolute/R_independent/task_latency_ns
capacity_N1024_a2_ell49144_excluded,capacity,excluded,1024,2,49144,False,R_independent,R_rho24_c2_t2,24,2,2,2048,1,2,2048,2,268435456,262144,cpu_time_ns,ns,1429176750.25,1400441000.0,1446587750.25,median across sessions of within-session method medians,/conditions/capacity_N1024_a2_ell49144_excluded/absolute/R_independent/cpu_time_ns
capacity_N1024_a2_ell49144_excluded,capacity,excluded,1024,2,49144,False,R_independent,R_rho24_c2_t2,24,2,2,2048,1,2,2048,2,268435456,262144,preprocessing_ns,ns,524978253.0,520251050.25,530688726.5,median across sessions of within-session method medians,/conditions/capacity_N1024_a2_ell49144_excluded/absolute/R_independent/preprocessing_ns
capacity_N1024_a2_ell49144_excluded,capacity,excluded,1024,2,49144,False,R_independent,R_rho24_c2_t2,24,2,2,2048,1,2,2048,2,268435456,262144,query_buffer_bytes,bytes,268435456.0,268435456.0,268435456.0,median across sessions of within-session method medians,/conditions/capacity_N1024_a2_ell49144_excluded/absolute/R_independent/query_buffer_bytes
capacity_N1024_a2_ell49144_excluded,capacity,excluded,1024,2,49144,False,R_independent,R_rho24_c2_t2,24,2,2,2048,1,2,2048,2,268435456,262144,reply_buffer_bytes,bytes,262144.0,262144.0,262144.0,median across sessions of within-session method medians,/conditions/capacity_N1024_a2_ell49144_excluded/absolute/R_independent/reply_buffer_bytes
capacity_N1024_a2_ell49144_excluded,capacity,excluded,1024,2,49144,False,R_matched,R_rho12_c2_t2,12,2,2,4096,1,2,2048,2,268435456,262144,paired_latency_ratio_to_P,ratio,1.055023500998621,1.0453298932054187,1.089658577588977,median across sessions of within-session median paired baseline/packed ratios,/conditions/capacity_N1024_a2_ell49144_excluded/ratios/R_matched
capacity_N1024_a2_ell49144_excluded,capacity,excluded,1024,2,49144,False,R_independent,R_rho24_c2_t2,24,2,2,2048,1,2,2048,2,268435456,262144,paired_latency_ratio_to_P,ratio,1.073705128110392,1.0407086229992923,1.1026724455446153,median across sessions of within-session median paired baseline/packed ratios,/conditions/capacity_N1024_a2_ell49144_excluded/ratios/R_independent
capacity_N1024_a2_ell49152_included,capacity,included,1024,2,49152,False,P,P_rho12_c1_t4,12,1,4,4096,1,1,1024,1,134217728,131072,task_latency_ns,ns,1145174012.75,1125845031.5,1168688141.5,median across sessions of within-session method medians,/conditions/capacity_N1024_a2_ell49152_included/absolute/P/task_latency_ns
capacity_N1024_a2_ell49152_included,capacity,included,1024,2,49152,False,P,P_rho12_c1_t4,12,1,4,4096,1,1,1024,1,134217728,131072,cpu_time_ns,ns,1615046749.75,1598560499.5,1649069000.0,median across sessions of within-session method medians,/conditions/capacity_N1024_a2_ell49152_included/absolute/P/cpu_time_ns
capacity_N1024_a2_ell49152_included,capacity,included,1024,2,49152,False,P,P_rho12_c1_t4,12,1,4,4096,1,1,1024,1,134217728,131072,preprocessing_ns,ns,479284025.25,477998498.25,485487198.25,median across sessions of within-session method medians,/conditions/capacity_N1024_a2_ell49152_included/absolute/P/preprocessing_ns
capacity_N1024_a2_ell49152_included,capacity,included,1024,2,49152,False,P,P_rho12_c1_t4,12,1,4,4096,1,1,1024,1,134217728,131072,query_buffer_bytes,bytes,134217728.0,134217728.0,134217728.0,median across sessions of within-session method medians,/conditions/capacity_N1024_a2_ell49152_included/absolute/P/query_buffer_bytes
capacity_N1024_a2_ell49152_included,capacity,included,1024,2,49152,False,P,P_rho12_c1_t4,12,1,4,4096,1,1,1024,1,134217728,131072,reply_buffer_bytes,bytes,131072.0,131072.0,131072.0,median across sessions of within-session method medians,/conditions/capacity_N1024_a2_ell49152_included/absolute/P/reply_buffer_bytes
capacity_N1024_a2_ell49152_included,capacity,included,1024,2,49152,False,R_matched,R_rho12_c2_t2,12,2,2,4096,1,2,2048,2,268435456,262144,task_latency_ns,ns,1202608584.25,1194758073.0,1233460455.5,median across sessions of within-session method medians,/conditions/capacity_N1024_a2_ell49152_included/absolute/R_matched/task_latency_ns
capacity_N1024_a2_ell49152_included,capacity,included,1024,2,49152,False,R_matched,R_rho12_c2_t2,12,2,2,4096,1,2,2048,2,268435456,262144,cpu_time_ns,ns,2346825749.75,2327763250.0,2375647500.0,median across sessions of within-session method medians,/conditions/capacity_N1024_a2_ell49152_included/absolute/R_matched/cpu_time_ns
capacity_N1024_a2_ell49152_included,capacity,included,1024,2,49152,False,R_matched,R_rho12_c2_t2,12,2,2,4096,1,2,2048,2,268435456,262144,preprocessing_ns,ns,487219302.5,476358893.25,500756996.75,median across sessions of within-session method medians,/conditions/capacity_N1024_a2_ell49152_included/absolute/R_matched/preprocessing_ns
capacity_N1024_a2_ell49152_included,capacity,included,1024,2,49152,False,R_matched,R_rho12_c2_t2,12,2,2,4096,1,2,2048,2,268435456,262144,query_buffer_bytes,bytes,268435456.0,268435456.0,268435456.0,median across sessions of within-session method medians,/conditions/capacity_N1024_a2_ell49152_included/absolute/R_matched/query_buffer_bytes
capacity_N1024_a2_ell49152_included,capacity,included,1024,2,49152,False,R_matched,R_rho12_c2_t2,12,2,2,4096,1,2,2048,2,268435456,262144,reply_buffer_bytes,bytes,262144.0,262144.0,262144.0,median across sessions of within-session method medians,/conditions/capacity_N1024_a2_ell49152_included/absolute/R_matched/reply_buffer_bytes
capacity_N1024_a2_ell49152_included,capacity,included,1024,2,49152,False,R_independent,R_rho24_c2_t2,24,2,2,2048,1,2,2048,2,268435456,262144,task_latency_ns,ns,1232957827.5,1204963281.0,1267343483.0,median across sessions of within-session method medians,/conditions/capacity_N1024_a2_ell49152_included/absolute/R_independent/task_latency_ns
capacity_N1024_a2_ell49152_included,capacity,included,1024,2,49152,False,R_independent,R_rho24_c2_t2,24,2,2,2048,1,2,2048,2,268435456,262144,cpu_time_ns,ns,2364270750.0,2327143000.25,2459913000.0,median across sessions of within-session method medians,/conditions/capacity_N1024_a2_ell49152_included/absolute/R_independent/cpu_time_ns
capacity_N1024_a2_ell49152_included,capacity,included,1024,2,49152,False,R_independent,R_rho24_c2_t2,24,2,2,2048,1,2,2048,2,268435456,262144,preprocessing_ns,ns,519244996.5,512955180.25,533100120.25,median across sessions of within-session method medians,/conditions/capacity_N1024_a2_ell49152_included/absolute/R_independent/preprocessing_ns
capacity_N1024_a2_ell49152_included,capacity,included,1024,2,49152,False,R_independent,R_rho24_c2_t2,24,2,2,2048,1,2,2048,2,268435456,262144,query_buffer_bytes,bytes,268435456.0,268435456.0,268435456.0,median across sessions of within-session method medians,/conditions/capacity_N1024_a2_ell49152_included/absolute/R_independent/query_buffer_bytes
capacity_N1024_a2_ell49152_included,capacity,included,1024,2,49152,False,R_independent,R_rho24_c2_t2,24,2,2,2048,1,2,2048,2,268435456,262144,reply_buffer_bytes,bytes,262144.0,262144.0,262144.0,median across sessions of within-session method medians,/conditions/capacity_N1024_a2_ell49152_included/absolute/R_independent/reply_buffer_bytes
capacity_N1024_a2_ell49152_included,capacity,included,1024,2,49152,False,R_matched,R_rho12_c2_t2,12,2,2,4096,1,2,2048,2,268435456,262144,paired_latency_ratio_to_P,ratio,1.0496915498460277,1.0382333689743988,1.0830694075415375,median across sessions of within-session median paired baseline/packed ratios,/conditions/capacity_N1024_a2_ell49152_included/ratios/R_matched
capacity_N1024_a2_ell49152_included,capacity,included,1024,2,49152,False,R_independent,R_rho24_c2_t2,24,2,2,2048,1,2,2048,2,268435456,262144,paired_latency_ratio_to_P,ratio,1.087473546329679,1.036482458637868,1.1100432794892119,median across sessions of within-session median paired baseline/packed ratios,/conditions/capacity_N1024_a2_ell49152_included/ratios/R_independent
capacity_N1024_a2_ell49152_excluded,capacity,excluded,1024,2,49152,False,P,P_rho12_c1_t4,12,1,4,4096,1,1,1024,1,134217728,131072,task_latency_ns,ns,657590569.25,652760566.25,673617925.75,median across sessions of within-session method medians,/conditions/capacity_N1024_a2_ell49152_excluded/absolute/P/task_latency_ns
capacity_N1024_a2_ell49152_excluded,capacity,excluded,1024,2,49152,False,P,P_rho12_c1_t4,12,1,4,4096,1,1,1024,1,134217728,131072,cpu_time_ns,ns,711771500.0,701305250.0,721563000.0,median across sessions of within-session method medians,/conditions/capacity_N1024_a2_ell49152_excluded/absolute/P/cpu_time_ns
capacity_N1024_a2_ell49152_excluded,capacity,excluded,1024,2,49152,False,P,P_rho12_c1_t4,12,1,4,4096,1,1,1024,1,134217728,131072,preprocessing_ns,ns,479503324.25,474826861.0,486220916.5,median across sessions of within-session method medians,/conditions/capacity_N1024_a2_ell49152_excluded/absolute/P/preprocessing_ns
capacity_N1024_a2_ell49152_excluded,capacity,excluded,1024,2,49152,False,P,P_rho12_c1_t4,12,1,4,4096,1,1,1024,1,134217728,131072,query_buffer_bytes,bytes,134217728.0,134217728.0,134217728.0,median across sessions of within-session method medians,/conditions/capacity_N1024_a2_ell49152_excluded/absolute/P/query_buffer_bytes
capacity_N1024_a2_ell49152_excluded,capacity,excluded,1024,2,49152,False,P,P_rho12_c1_t4,12,1,4,4096,1,1,1024,1,134217728,131072,reply_buffer_bytes,bytes,131072.0,131072.0,131072.0,median across sessions of within-session method medians,/conditions/capacity_N1024_a2_ell49152_excluded/absolute/P/reply_buffer_bytes
capacity_N1024_a2_ell49152_excluded,capacity,excluded,1024,2,49152,False,R_matched,R_rho12_c2_t2,12,2,2,4096,1,2,2048,2,268435456,262144,task_latency_ns,ns,716101504.5,684573628.5,726495096.0,median across sessions of within-session method medians,/conditions/capacity_N1024_a2_ell49152_excluded/absolute/R_matched/task_latency_ns
capacity_N1024_a2_ell49152_excluded,capacity,excluded,1024,2,49152,False,R_matched,R_rho12_c2_t2,12,2,2,4096,1,2,2048,2,268435456,262144,cpu_time_ns,ns,1423493999.75,1391004000.0,1456129000.0,median across sessions of within-session method medians,/conditions/capacity_N1024_a2_ell49152_excluded/absolute/R_matched/cpu_time_ns
capacity_N1024_a2_ell49152_excluded,capacity,excluded,1024,2,49152,False,R_matched,R_rho12_c2_t2,12,2,2,4096,1,2,2048,2,268435456,262144,preprocessing_ns,ns,488699793.75,477034027.5,494378449.0,median across sessions of within-session method medians,/conditions/capacity_N1024_a2_ell49152_excluded/absolute/R_matched/preprocessing_ns
capacity_N1024_a2_ell49152_excluded,capacity,excluded,1024,2,49152,False,R_matched,R_rho12_c2_t2,12,2,2,4096,1,2,2048,2,268435456,262144,query_buffer_bytes,bytes,268435456.0,268435456.0,268435456.0,median across sessions of within-session method medians,/conditions/capacity_N1024_a2_ell49152_excluded/absolute/R_matched/query_buffer_bytes
capacity_N1024_a2_ell49152_excluded,capacity,excluded,1024,2,49152,False,R_matched,R_rho12_c2_t2,12,2,2,4096,1,2,2048,2,268435456,262144,reply_buffer_bytes,bytes,262144.0,262144.0,262144.0,median across sessions of within-session method medians,/conditions/capacity_N1024_a2_ell49152_excluded/absolute/R_matched/reply_buffer_bytes
capacity_N1024_a2_ell49152_excluded,capacity,excluded,1024,2,49152,False,R_independent,R_rho24_c2_t2,24,2,2,2048,1,2,2048,2,268435456,262144,task_latency_ns,ns,720654864.25,701209799.75,743820997.5,median across sessions of within-session method medians,/conditions/capacity_N1024_a2_ell49152_excluded/absolute/R_independent/task_latency_ns
capacity_N1024_a2_ell49152_excluded,capacity,excluded,1024,2,49152,False,R_independent,R_rho24_c2_t2,24,2,2,2048,1,2,2048,2,268435456,262144,cpu_time_ns,ns,1440786000.25,1409081249.75,1475565999.75,median across sessions of within-session method medians,/conditions/capacity_N1024_a2_ell49152_excluded/absolute/R_independent/cpu_time_ns
capacity_N1024_a2_ell49152_excluded,capacity,excluded,1024,2,49152,False,R_independent,R_rho24_c2_t2,24,2,2,2048,1,2,2048,2,268435456,262144,preprocessing_ns,ns,520177010.25,514138172.5,530322312.75,median across sessions of within-session method medians,/conditions/capacity_N1024_a2_ell49152_excluded/absolute/R_independent/preprocessing_ns
capacity_N1024_a2_ell49152_excluded,capacity,excluded,1024,2,49152,False,R_independent,R_rho24_c2_t2,24,2,2,2048,1,2,2048,2,268435456,262144,query_buffer_bytes,bytes,268435456.0,268435456.0,268435456.0,median across sessions of within-session method medians,/conditions/capacity_N1024_a2_ell49152_excluded/absolute/R_independent/query_buffer_bytes
capacity_N1024_a2_ell49152_excluded,capacity,excluded,1024,2,49152,False,R_independent,R_rho24_c2_t2,24,2,2,2048,1,2,2048,2,268435456,262144,reply_buffer_bytes,bytes,262144.0,262144.0,262144.0,median across sessions of within-session method medians,/conditions/capacity_N1024_a2_ell49152_excluded/absolute/R_independent/reply_buffer_bytes
capacity_N1024_a2_ell49152_excluded,capacity,excluded,1024,2,49152,False,R_matched,R_rho12_c2_t2,12,2,2,4096,1,2,2048,2,268435456,262144,paired_latency_ratio_to_P,ratio,1.1001405749384572,1.016116336342132,1.126959771847195,median across sessions of within-session median paired baseline/packed ratios,/conditions/capacity_N1024_a2_ell49152_excluded/ratios/R_matched
capacity_N1024_a2_ell49152_excluded,capacity,excluded,1024,2,49152,False,R_independent,R_rho24_c2_t2,24,2,2,2048,1,2,2048,2,268435456,262144,paired_latency_ratio_to_P,ratio,1.0884567783054346,1.0551788155921726,1.1247344950762743,median across sessions of within-session median paired baseline/packed ratios,/conditions/capacity_N1024_a2_ell49152_excluded/ratios/R_independent
capacity_N1024_a2_ell49160_included,capacity,included,1024,2,49160,False,P,P_rho12_c1_t4,12,1,4,4097,2,1,1024,2,134217728,262144,task_latency_ns,ns,1354997145.0,1336725819.5,1370116097.5,median across sessions of within-session method medians,/conditions/capacity_N1024_a2_ell49160_included/absolute/P/task_latency_ns
capacity_N1024_a2_ell49160_included,capacity,included,1024,2,49160,False,P,P_rho12_c1_t4,12,1,4,4097,2,1,1024,2,134217728,262144,cpu_time_ns,ns,2055105750.0,2029443750.0,2096014500.5,median across sessions of within-session method medians,/conditions/capacity_N1024_a2_ell49160_included/absolute/P/cpu_time_ns
capacity_N1024_a2_ell49160_included,capacity,included,1024,2,49160,False,P,P_rho12_c1_t4,12,1,4,4097,2,1,1024,2,134217728,262144,preprocessing_ns,ns,682618774.0,675326864.75,692366498.25,median across sessions of within-session method medians,/conditions/capacity_N1024_a2_ell49160_included/absolute/P/preprocessing_ns
capacity_N1024_a2_ell49160_included,capacity,included,1024,2,49160,False,P,P_rho12_c1_t4,12,1,4,4097,2,1,1024,2,134217728,262144,query_buffer_bytes,bytes,134217728.0,134217728.0,134217728.0,median across sessions of within-session method medians,/conditions/capacity_N1024_a2_ell49160_included/absolute/P/query_buffer_bytes
capacity_N1024_a2_ell49160_included,capacity,included,1024,2,49160,False,P,P_rho12_c1_t4,12,1,4,4097,2,1,1024,2,134217728,262144,reply_buffer_bytes,bytes,262144.0,262144.0,262144.0,median across sessions of within-session method medians,/conditions/capacity_N1024_a2_ell49160_included/absolute/P/reply_buffer_bytes
capacity_N1024_a2_ell49160_included,capacity,included,1024,2,49160,False,R_matched,R_rho12_c2_t2,12,2,2,4097,2,2,2048,4,268435456,524288,task_latency_ns,ns,1443096467.25,1387937071.5,1470265346.5,median across sessions of within-session method medians,/conditions/capacity_N1024_a2_ell49160_included/absolute/R_matched/task_latency_ns
capacity_N1024_a2_ell49160_included,capacity,included,1024,2,49160,False,R_matched,R_rho12_c2_t2,12,2,2,4097,2,2,2048,4,268435456,524288,cpu_time_ns,ns,2836228249.75,2802112000.0,2902036500.0,median across sessions of within-session method medians,/conditions/capacity_N1024_a2_ell49160_included/absolute/R_matched/cpu_time_ns
capacity_N1024_a2_ell49160_included,capacity,included,1024,2,49160,False,R_matched,R_rho12_c2_t2,12,2,2,4097,2,2,2048,4,268435456,524288,preprocessing_ns,ns,694488512.5,685548219.25,712530548.25,median across sessions of within-session method medians,/conditions/capacity_N1024_a2_ell49160_included/absolute/R_matched/preprocessing_ns
capacity_N1024_a2_ell49160_included,capacity,included,1024,2,49160,False,R_matched,R_rho12_c2_t2,12,2,2,4097,2,2,2048,4,268435456,524288,query_buffer_bytes,bytes,268435456.0,268435456.0,268435456.0,median across sessions of within-session method medians,/conditions/capacity_N1024_a2_ell49160_included/absolute/R_matched/query_buffer_bytes
capacity_N1024_a2_ell49160_included,capacity,included,1024,2,49160,False,R_matched,R_rho12_c2_t2,12,2,2,4097,2,2,2048,4,268435456,524288,reply_buffer_bytes,bytes,524288.0,524288.0,524288.0,median across sessions of within-session method medians,/conditions/capacity_N1024_a2_ell49160_included/absolute/R_matched/reply_buffer_bytes
capacity_N1024_a2_ell49160_included,capacity,included,1024,2,49160,False,R_independent,R_rho24_c2_t2,24,2,2,2049,1,2,2048,2,268435456,262144,task_latency_ns,ns,1244384134.25,1223775195.0,1266638940.5,median across sessions of within-session method medians,/conditions/capacity_N1024_a2_ell49160_included/absolute/R_independent/task_latency_ns
capacity_N1024_a2_ell49160_included,capacity,included,1024,2,49160,False,R_independent,R_rho24_c2_t2,24,2,2,2049,1,2,2048,2,268435456,262144,cpu_time_ns,ns,2393593999.75,2348158000.25,2426699000.0,median across sessions of within-session method medians,/conditions/capacity_N1024_a2_ell49160_included/absolute/R_independent/cpu_time_ns
capacity_N1024_a2_ell49160_included,capacity,included,1024,2,49160,False,R_independent,R_rho24_c2_t2,24,2,2,2049,1,2,2048,2,268435456,262144,preprocessing_ns,ns,523263236.75,516497923.0,532655102.75,median across sessions of within-session method medians,/conditions/capacity_N1024_a2_ell49160_included/absolute/R_independent/preprocessing_ns
capacity_N1024_a2_ell49160_included,capacity,included,1024,2,49160,False,R_independent,R_rho24_c2_t2,24,2,2,2049,1,2,2048,2,268435456,262144,query_buffer_bytes,bytes,268435456.0,268435456.0,268435456.0,median across sessions of within-session method medians,/conditions/capacity_N1024_a2_ell49160_included/absolute/R_independent/query_buffer_bytes
capacity_N1024_a2_ell49160_included,capacity,included,1024,2,49160,False,R_independent,R_rho24_c2_t2,24,2,2,2049,1,2,2048,2,268435456,262144,reply_buffer_bytes,bytes,262144.0,262144.0,262144.0,median across sessions of within-session method medians,/conditions/capacity_N1024_a2_ell49160_included/absolute/R_independent/reply_buffer_bytes
capacity_N1024_a2_ell49160_included,capacity,included,1024,2,49160,False,R_matched,R_rho12_c2_t2,12,2,2,4097,2,2,2048,4,268435456,524288,paired_latency_ratio_to_P,ratio,1.0594215702889795,1.0281298666909835,1.0864276107299795,median across sessions of within-session median paired baseline/packed ratios,/conditions/capacity_N1024_a2_ell49160_included/ratios/R_matched
capacity_N1024_a2_ell49160_included,capacity,included,1024,2,49160,False,R_independent,R_rho24_c2_t2,24,2,2,2049,1,2,2048,2,268435456,262144,paired_latency_ratio_to_P,ratio,0.9173868569839574,0.9119812415969668,0.9339344837847057,median across sessions of within-session median paired baseline/packed ratios,/conditions/capacity_N1024_a2_ell49160_included/ratios/R_independent
capacity_N1024_a2_ell49160_excluded,capacity,excluded,1024,2,49160,False,P,P_rho12_c1_t4,12,1,4,4097,2,1,1024,2,134217728,262144,task_latency_ns,ns,657991407.75,653875144.5,663524728.0,median across sessions of within-session method medians,/conditions/capacity_N1024_a2_ell49160_excluded/absolute/P/task_latency_ns
capacity_N1024_a2_ell49160_excluded,capacity,excluded,1024,2,49160,False,P,P_rho12_c1_t4,12,1,4,4097,2,1,1024,2,134217728,262144,cpu_time_ns,ns,732538500.5,725894250.0,738756000.0,median across sessions of within-session method medians,/conditions/capacity_N1024_a2_ell49160_excluded/absolute/P/cpu_time_ns
capacity_N1024_a2_ell49160_excluded,capacity,excluded,1024,2,49160,False,P,P_rho12_c1_t4,12,1,4,4097,2,1,1024,2,134217728,262144,preprocessing_ns,ns,684344696.5,677398865.5,688830926.5,median across sessions of within-session method medians,/conditions/capacity_N1024_a2_ell49160_excluded/absolute/P/preprocessing_ns
capacity_N1024_a2_ell49160_excluded,capacity,excluded,1024,2,49160,False,P,P_rho12_c1_t4,12,1,4,4097,2,1,1024,2,134217728,262144,query_buffer_bytes,bytes,134217728.0,134217728.0,134217728.0,median across sessions of within-session method medians,/conditions/capacity_N1024_a2_ell49160_excluded/absolute/P/query_buffer_bytes
capacity_N1024_a2_ell49160_excluded,capacity,excluded,1024,2,49160,False,P,P_rho12_c1_t4,12,1,4,4097,2,1,1024,2,134217728,262144,reply_buffer_bytes,bytes,262144.0,262144.0,262144.0,median across sessions of within-session method medians,/conditions/capacity_N1024_a2_ell49160_excluded/absolute/P/reply_buffer_bytes
capacity_N1024_a2_ell49160_excluded,capacity,excluded,1024,2,49160,False,R_matched,R_rho12_c2_t2,12,2,2,4097,2,2,2048,4,268435456,524288,task_latency_ns,ns,748897236.5,731072866.5,759435529.25,median across sessions of within-session method medians,/conditions/capacity_N1024_a2_ell49160_excluded/absolute/R_matched/task_latency_ns
capacity_N1024_a2_ell49160_excluded,capacity,excluded,1024,2,49160,False,R_matched,R_rho12_c2_t2,12,2,2,4097,2,2,2048,4,268435456,524288,cpu_time_ns,ns,1517839500.0,1484921500.0,1563341000.0,median across sessions of within-session method medians,/conditions/capacity_N1024_a2_ell49160_excluded/absolute/R_matched/cpu_time_ns
capacity_N1024_a2_ell49160_excluded,capacity,excluded,1024,2,49160,False,R_matched,R_rho12_c2_t2,12,2,2,4097,2,2,2048,4,268435456,524288,preprocessing_ns,ns,685574039.75,681627529.75,698960843.5,median across sessions of within-session method medians,/conditions/capacity_N1024_a2_ell49160_excluded/absolute/R_matched/preprocessing_ns
capacity_N1024_a2_ell49160_excluded,capacity,excluded,1024,2,49160,False,R_matched,R_rho12_c2_t2,12,2,2,4097,2,2,2048,4,268435456,524288,query_buffer_bytes,bytes,268435456.0,268435456.0,268435456.0,median across sessions of within-session method medians,/conditions/capacity_N1024_a2_ell49160_excluded/absolute/R_matched/query_buffer_bytes
capacity_N1024_a2_ell49160_excluded,capacity,excluded,1024,2,49160,False,R_matched,R_rho12_c2_t2,12,2,2,4097,2,2,2048,4,268435456,524288,reply_buffer_bytes,bytes,524288.0,524288.0,524288.0,median across sessions of within-session method medians,/conditions/capacity_N1024_a2_ell49160_excluded/absolute/R_matched/reply_buffer_bytes
capacity_N1024_a2_ell49160_excluded,capacity,excluded,1024,2,49160,False,R_independent,R_rho24_c2_t2,24,2,2,2049,1,2,2048,2,268435456,262144,task_latency_ns,ns,712934827.25,703018401.5,722095201.75,median across sessions of within-session method medians,/conditions/capacity_N1024_a2_ell49160_excluded/absolute/R_independent/task_latency_ns
capacity_N1024_a2_ell49160_excluded,capacity,excluded,1024,2,49160,False,R_independent,R_rho24_c2_t2,24,2,2,2049,1,2,2048,2,268435456,262144,cpu_time_ns,ns,1440657000.0,1425393750.25,1459107500.0,median across sessions of within-session method medians,/conditions/capacity_N1024_a2_ell49160_excluded/absolute/R_independent/cpu_time_ns
capacity_N1024_a2_ell49160_excluded,capacity,excluded,1024,2,49160,False,R_independent,R_rho24_c2_t2,24,2,2,2049,1,2,2048,2,268435456,262144,preprocessing_ns,ns,526252313.5,516373192.5,536442078.5,median across sessions of within-session method medians,/conditions/capacity_N1024_a2_ell49160_excluded/absolute/R_independent/preprocessing_ns
capacity_N1024_a2_ell49160_excluded,capacity,excluded,1024,2,49160,False,R_independent,R_rho24_c2_t2,24,2,2,2049,1,2,2048,2,268435456,262144,query_buffer_bytes,bytes,268435456.0,268435456.0,268435456.0,median across sessions of within-session method medians,/conditions/capacity_N1024_a2_ell49160_excluded/absolute/R_independent/query_buffer_bytes
capacity_N1024_a2_ell49160_excluded,capacity,excluded,1024,2,49160,False,R_independent,R_rho24_c2_t2,24,2,2,2049,1,2,2048,2,268435456,262144,reply_buffer_bytes,bytes,262144.0,262144.0,262144.0,median across sessions of within-session method medians,/conditions/capacity_N1024_a2_ell49160_excluded/absolute/R_independent/reply_buffer_bytes
capacity_N1024_a2_ell49160_excluded,capacity,excluded,1024,2,49160,False,R_matched,R_rho12_c2_t2,12,2,2,4097,2,2,2048,4,268435456,524288,paired_latency_ratio_to_P,ratio,1.110400693074829,1.0960280847957689,1.1693741394457562,median across sessions of within-session median paired baseline/packed ratios,/conditions/capacity_N1024_a2_ell49160_excluded/ratios/R_matched
capacity_N1024_a2_ell49160_excluded,capacity,excluded,1024,2,49160,False,R_independent,R_rho24_c2_t2,24,2,2,2049,1,2,2048,2,268435456,262144,paired_latency_ratio_to_P,ratio,1.072064221142232,1.0604063946827118,1.1060598383620541,median across sessions of within-session median paired baseline/packed ratios,/conditions/capacity_N1024_a2_ell49160_excluded/ratios/R_independent
capacity_N1024_a2_ell98304_included,capacity,included,1024,2,98304,False,P,P_rho12_c1_t4,12,1,4,8192,2,1,1024,2,134217728,262144,task_latency_ns,ns,1609169849.25,1594097227.75,1626138898.9812474,median across sessions of within-session method medians,/conditions/capacity_N1024_a2_ell98304_included/absolute/P/task_latency_ns
capacity_N1024_a2_ell98304_included,capacity,included,1024,2,98304,False,P,P_rho12_c1_t4,12,1,4,8192,2,1,1024,2,134217728,262144,cpu_time_ns,ns,2324575500.0,2300788000.0,2380307000.0,median across sessions of within-session method medians,/conditions/capacity_N1024_a2_ell98304_included/absolute/P/cpu_time_ns
capacity_N1024_a2_ell98304_included,capacity,included,1024,2,98304,False,P,P_rho12_c1_t4,12,1,4,8192,2,1,1024,2,134217728,262144,preprocessing_ns,ns,936590968.75,921411357.0,950971125.0,median across sessions of within-session method medians,/conditions/capacity_N1024_a2_ell98304_included/absolute/P/preprocessing_ns
capacity_N1024_a2_ell98304_included,capacity,included,1024,2,98304,False,P,P_rho12_c1_t4,12,1,4,8192,2,1,1024,2,134217728,262144,query_buffer_bytes,bytes,134217728.0,134217728.0,134217728.0,median across sessions of within-session method medians,/conditions/capacity_N1024_a2_ell98304_included/absolute/P/query_buffer_bytes
capacity_N1024_a2_ell98304_included,capacity,included,1024,2,98304,False,P,P_rho12_c1_t4,12,1,4,8192,2,1,1024,2,134217728,262144,reply_buffer_bytes,bytes,262144.0,262144.0,262144.0,median across sessions of within-session method medians,/conditions/capacity_N1024_a2_ell98304_included/absolute/P/reply_buffer_bytes
capacity_N1024_a2_ell98304_included,capacity,included,1024,2,98304,False,R_matched,R_rho12_c2_t2,12,2,2,8192,2,2,2048,4,268435456,524288,task_latency_ns,ns,1721371964.75,1689729764.0,1728094480.25,median across sessions of within-session method medians,/conditions/capacity_N1024_a2_ell98304_included/absolute/R_matched/task_latency_ns
capacity_N1024_a2_ell98304_included,capacity,included,1024,2,98304,False,R_matched,R_rho12_c2_t2,12,2,2,8192,2,2,2048,4,268435456,524288,cpu_time_ns,ns,3141760750.25,3106599500.0,3188107999.5,median across sessions of within-session method medians,/conditions/capacity_N1024_a2_ell98304_included/absolute/R_matched/cpu_time_ns
capacity_N1024_a2_ell98304_included,capacity,included,1024,2,98304,False,R_matched,R_rho12_c2_t2,12,2,2,8192,2,2,2048,4,268435456,524288,preprocessing_ns,ns,940359889.75,926615526.75,948619133.0,median across sessions of within-session method medians,/conditions/capacity_N1024_a2_ell98304_included/absolute/R_matched/preprocessing_ns
capacity_N1024_a2_ell98304_included,capacity,included,1024,2,98304,False,R_matched,R_rho12_c2_t2,12,2,2,8192,2,2,2048,4,268435456,524288,query_buffer_bytes,bytes,268435456.0,268435456.0,268435456.0,median across sessions of within-session method medians,/conditions/capacity_N1024_a2_ell98304_included/absolute/R_matched/query_buffer_bytes
capacity_N1024_a2_ell98304_included,capacity,included,1024,2,98304,False,R_matched,R_rho12_c2_t2,12,2,2,8192,2,2,2048,4,268435456,524288,reply_buffer_bytes,bytes,524288.0,524288.0,524288.0,median across sessions of within-session method medians,/conditions/capacity_N1024_a2_ell98304_included/absolute/R_matched/reply_buffer_bytes
capacity_N1024_a2_ell98304_included,capacity,included,1024,2,98304,False,R_independent,R_rho24_c2_t2,24,2,2,4096,1,2,2048,2,268435456,262144,task_latency_ns,ns,1525029864.5,1502598234.5,1542040053.5,median across sessions of within-session method medians,/conditions/capacity_N1024_a2_ell98304_included/absolute/R_independent/task_latency_ns
capacity_N1024_a2_ell98304_included,capacity,included,1024,2,98304,False,R_independent,R_rho24_c2_t2,24,2,2,4096,1,2,2048,2,268435456,262144,cpu_time_ns,ns,2680316249.75,2654999499.75,2735114000.25,median across sessions of within-session method medians,/conditions/capacity_N1024_a2_ell98304_included/absolute/R_independent/cpu_time_ns
capacity_N1024_a2_ell98304_included,capacity,included,1024,2,98304,False,R_independent,R_rho24_c2_t2,24,2,2,4096,1,2,2048,2,268435456,262144,preprocessing_ns,ns,777280689.25,755997917.0,788316940.0,median across sessions of within-session method medians,/conditions/capacity_N1024_a2_ell98304_included/absolute/R_independent/preprocessing_ns
capacity_N1024_a2_ell98304_included,capacity,included,1024,2,98304,False,R_independent,R_rho24_c2_t2,24,2,2,4096,1,2,2048,2,268435456,262144,query_buffer_bytes,bytes,268435456.0,268435456.0,268435456.0,median across sessions of within-session method medians,/conditions/capacity_N1024_a2_ell98304_included/absolute/R_independent/query_buffer_bytes
capacity_N1024_a2_ell98304_included,capacity,included,1024,2,98304,False,R_independent,R_rho24_c2_t2,24,2,2,4096,1,2,2048,2,268435456,262144,reply_buffer_bytes,bytes,262144.0,262144.0,262144.0,median across sessions of within-session method medians,/conditions/capacity_N1024_a2_ell98304_included/absolute/R_independent/reply_buffer_bytes
capacity_N1024_a2_ell98304_included,capacity,included,1024,2,98304,False,R_matched,R_rho12_c2_t2,12,2,2,8192,2,2,2048,4,268435456,524288,paired_latency_ratio_to_P,ratio,1.0656956111514606,1.0397363983785914,1.0773318287000977,median across sessions of within-session median paired baseline/packed ratios,/conditions/capacity_N1024_a2_ell98304_included/ratios/R_matched
capacity_N1024_a2_ell98304_included,capacity,included,1024,2,98304,False,R_independent,R_rho24_c2_t2,24,2,2,4096,1,2,2048,2,268435456,262144,paired_latency_ratio_to_P,ratio,0.9374868782272063,0.926150401298935,0.9618362976793942,median across sessions of within-session median paired baseline/packed ratios,/conditions/capacity_N1024_a2_ell98304_included/ratios/R_independent
capacity_N1024_a2_ell98304_excluded,capacity,excluded,1024,2,98304,False,P,P_rho12_c1_t4,12,1,4,8192,2,1,1024,2,134217728,262144,task_latency_ns,ns,659644951.75,650591651.0,687861014.0,median across sessions of within-session method medians,/conditions/capacity_N1024_a2_ell98304_excluded/absolute/P/task_latency_ns
capacity_N1024_a2_ell98304_excluded,capacity,excluded,1024,2,98304,False,P,P_rho12_c1_t4,12,1,4,8192,2,1,1024,2,134217728,262144,cpu_time_ns,ns,727229249.75,724386500.5,754202500.0,median across sessions of within-session method medians,/conditions/capacity_N1024_a2_ell98304_excluded/absolute/P/cpu_time_ns
capacity_N1024_a2_ell98304_excluded,capacity,excluded,1024,2,98304,False,P,P_rho12_c1_t4,12,1,4,8192,2,1,1024,2,134217728,262144,preprocessing_ns,ns,942279603.75,934201385.0,960896755.0,median across sessions of within-session method medians,/conditions/capacity_N1024_a2_ell98304_excluded/absolute/P/preprocessing_ns
capacity_N1024_a2_ell98304_excluded,capacity,excluded,1024,2,98304,False,P,P_rho12_c1_t4,12,1,4,8192,2,1,1024,2,134217728,262144,query_buffer_bytes,bytes,134217728.0,134217728.0,134217728.0,median across sessions of within-session method medians,/conditions/capacity_N1024_a2_ell98304_excluded/absolute/P/query_buffer_bytes
capacity_N1024_a2_ell98304_excluded,capacity,excluded,1024,2,98304,False,P,P_rho12_c1_t4,12,1,4,8192,2,1,1024,2,134217728,262144,reply_buffer_bytes,bytes,262144.0,262144.0,262144.0,median across sessions of within-session method medians,/conditions/capacity_N1024_a2_ell98304_excluded/absolute/P/reply_buffer_bytes
capacity_N1024_a2_ell98304_excluded,capacity,excluded,1024,2,98304,False,R_matched,R_rho12_c2_t2,12,2,2,8192,2,2,2048,4,268435456,524288,task_latency_ns,ns,747529753.0,713570363.0,792866486.0,median across sessions of within-session method medians,/conditions/capacity_N1024_a2_ell98304_excluded/absolute/R_matched/task_latency_ns
capacity_N1024_a2_ell98304_excluded,capacity,excluded,1024,2,98304,False,R_matched,R_rho12_c2_t2,12,2,2,8192,2,2,2048,4,268435456,524288,cpu_time_ns,ns,1533311499.5,1495714500.0,1569807000.0,median across sessions of within-session method medians,/conditions/capacity_N1024_a2_ell98304_excluded/absolute/R_matched/cpu_time_ns
capacity_N1024_a2_ell98304_excluded,capacity,excluded,1024,2,98304,False,R_matched,R_rho12_c2_t2,12,2,2,8192,2,2,2048,4,268435456,524288,preprocessing_ns,ns,946832763.5,932034224.5,951869263.25,median across sessions of within-session method medians,/conditions/capacity_N1024_a2_ell98304_excluded/absolute/R_matched/preprocessing_ns
capacity_N1024_a2_ell98304_excluded,capacity,excluded,1024,2,98304,False,R_matched,R_rho12_c2_t2,12,2,2,8192,2,2,2048,4,268435456,524288,query_buffer_bytes,bytes,268435456.0,268435456.0,268435456.0,median across sessions of within-session method medians,/conditions/capacity_N1024_a2_ell98304_excluded/absolute/R_matched/query_buffer_bytes
capacity_N1024_a2_ell98304_excluded,capacity,excluded,1024,2,98304,False,R_matched,R_rho12_c2_t2,12,2,2,8192,2,2,2048,4,268435456,524288,reply_buffer_bytes,bytes,524288.0,524288.0,524288.0,median across sessions of within-session method medians,/conditions/capacity_N1024_a2_ell98304_excluded/absolute/R_matched/reply_buffer_bytes
capacity_N1024_a2_ell98304_excluded,capacity,excluded,1024,2,98304,False,R_independent,R_rho24_c2_t2,24,2,2,4096,1,2,2048,2,268435456,262144,task_latency_ns,ns,751118784.0,731265341.5,771798595.75,median across sessions of within-session method medians,/conditions/capacity_N1024_a2_ell98304_excluded/absolute/R_independent/task_latency_ns
capacity_N1024_a2_ell98304_excluded,capacity,excluded,1024,2,98304,False,R_independent,R_rho24_c2_t2,24,2,2,4096,1,2,2048,2,268435456,262144,cpu_time_ns,ns,1483483000.25,1424649000.0,1521456750.0,median across sessions of within-session method medians,/conditions/capacity_N1024_a2_ell98304_excluded/absolute/R_independent/cpu_time_ns
capacity_N1024_a2_ell98304_excluded,capacity,excluded,1024,2,98304,False,R_independent,R_rho24_c2_t2,24,2,2,4096,1,2,2048,2,268435456,262144,preprocessing_ns,ns,768715966.5,756905210.5,780787644.0,median across sessions of within-session method medians,/conditions/capacity_N1024_a2_ell98304_excluded/absolute/R_independent/preprocessing_ns
capacity_N1024_a2_ell98304_excluded,capacity,excluded,1024,2,98304,False,R_independent,R_rho24_c2_t2,24,2,2,4096,1,2,2048,2,268435456,262144,query_buffer_bytes,bytes,268435456.0,268435456.0,268435456.0,median across sessions of within-session method medians,/conditions/capacity_N1024_a2_ell98304_excluded/absolute/R_independent/query_buffer_bytes
capacity_N1024_a2_ell98304_excluded,capacity,excluded,1024,2,98304,False,R_independent,R_rho24_c2_t2,24,2,2,4096,1,2,2048,2,268435456,262144,reply_buffer_bytes,bytes,262144.0,262144.0,262144.0,median across sessions of within-session method medians,/conditions/capacity_N1024_a2_ell98304_excluded/absolute/R_independent/reply_buffer_bytes
capacity_N1024_a2_ell98304_excluded,capacity,excluded,1024,2,98304,False,R_matched,R_rho12_c2_t2,12,2,2,8192,2,2,2048,4,268435456,524288,paired_latency_ratio_to_P,ratio,1.1184665233195332,1.0849641427790213,1.1958782000855974,median across sessions of within-session median paired baseline/packed ratios,/conditions/capacity_N1024_a2_ell98304_excluded/ratios/R_matched
capacity_N1024_a2_ell98304_excluded,capacity,excluded,1024,2,98304,False,R_independent,R_rho24_c2_t2,24,2,2,4096,1,2,2048,2,268435456,262144,paired_latency_ratio_to_P,ratio,1.1130690397014686,1.0865815463476225,1.1613905165167056,median across sessions of within-session median paired baseline/packed ratios,/conditions/capacity_N1024_a2_ell98304_excluded/ratios/R_independent
capacity_N1024_a4_ell24568_included,capacity,included,1024,4,24568,False,P,P_rho06_c1_t4,6,1,4,4095,1,1,1024,1,134217728,131072,task_latency_ns,ns,990020180.75,982861703.0,1010442195.0,median across sessions of within-session method medians,/conditions/capacity_N1024_a4_ell24568_included/absolute/P/task_latency_ns
capacity_N1024_a4_ell24568_included,capacity,included,1024,4,24568,False,P,P_rho06_c1_t4,6,1,4,4095,1,1,1024,1,134217728,131072,cpu_time_ns,ns,1438808750.25,1420437000.5,1474207999.5,median across sessions of within-session method medians,/conditions/capacity_N1024_a4_ell24568_included/absolute/P/cpu_time_ns
capacity_N1024_a4_ell24568_included,capacity,included,1024,4,24568,False,P,P_rho06_c1_t4,6,1,4,4095,1,1,1024,1,134217728,131072,preprocessing_ns,ns,334121777.0,330232143.5,337523473.75,median across sessions of within-session method medians,/conditions/capacity_N1024_a4_ell24568_included/absolute/P/preprocessing_ns
capacity_N1024_a4_ell24568_included,capacity,included,1024,4,24568,False,P,P_rho06_c1_t4,6,1,4,4095,1,1,1024,1,134217728,131072,query_buffer_bytes,bytes,134217728.0,134217728.0,134217728.0,median across sessions of within-session method medians,/conditions/capacity_N1024_a4_ell24568_included/absolute/P/query_buffer_bytes
capacity_N1024_a4_ell24568_included,capacity,included,1024,4,24568,False,P,P_rho06_c1_t4,6,1,4,4095,1,1,1024,1,134217728,131072,reply_buffer_bytes,bytes,131072.0,131072.0,131072.0,median across sessions of within-session method medians,/conditions/capacity_N1024_a4_ell24568_included/absolute/P/reply_buffer_bytes
capacity_N1024_a4_ell24568_included,capacity,included,1024,4,24568,False,R_matched,R_rho06_c4_t1,6,4,1,4095,1,4,4096,4,536870912,524288,task_latency_ns,ns,1159406531.5,1153397644.0,1190536736.5,median across sessions of within-session method medians,/conditions/capacity_N1024_a4_ell24568_included/absolute/R_matched/task_latency_ns
capacity_N1024_a4_ell24568_included,capacity,included,1024,4,24568,False,R_matched,R_rho06_c4_t1,6,4,1,4095,1,4,4096,4,536870912,524288,cpu_time_ns,ns,3812056500.25,3788481500.0,3932490250.0,median across sessions of within-session method medians,/conditions/capacity_N1024_a4_ell24568_included/absolute/R_matched/cpu_time_ns
capacity_N1024_a4_ell24568_included,capacity,included,1024,4,24568,False,R_matched,R_rho06_c4_t1,6,4,1,4095,1,4,4096,4,536870912,524288,preprocessing_ns,ns,344685345.0,339307754.25,345421896.75,median across sessions of within-session method medians,/conditions/capacity_N1024_a4_ell24568_included/absolute/R_matched/preprocessing_ns
capacity_N1024_a4_ell24568_included,capacity,included,1024,4,24568,False,R_matched,R_rho06_c4_t1,6,4,1,4095,1,4,4096,4,536870912,524288,query_buffer_bytes,bytes,536870912.0,536870912.0,536870912.0,median across sessions of within-session method medians,/conditions/capacity_N1024_a4_ell24568_included/absolute/R_matched/query_buffer_bytes
capacity_N1024_a4_ell24568_included,capacity,included,1024,4,24568,False,R_matched,R_rho06_c4_t1,6,4,1,4095,1,4,4096,4,536870912,524288,reply_buffer_bytes,bytes,524288.0,524288.0,524288.0,median across sessions of within-session method medians,/conditions/capacity_N1024_a4_ell24568_included/absolute/R_matched/reply_buffer_bytes
capacity_N1024_a4_ell24568_included,capacity,included,1024,4,24568,False,R_independent,R_rho24_c4_t1,24,4,1,1024,1,4,4096,4,536870912,524288,task_latency_ns,ns,1230324374.25,1216493417.0,1258217814.5,median across sessions of within-session method medians,/conditions/capacity_N1024_a4_ell24568_included/absolute/R_independent/task_latency_ns
capacity_N1024_a4_ell24568_included,capacity,included,1024,4,24568,False,R_independent,R_rho24_c4_t1,24,4,1,1024,1,4,4096,4,536870912,524288,cpu_time_ns,ns,3922316250.0,3877184000.0,4051955500.0,median across sessions of within-session method medians,/conditions/capacity_N1024_a4_ell24568_included/absolute/R_independent/cpu_time_ns
capacity_N1024_a4_ell24568_included,capacity,included,1024,4,24568,False,R_independent,R_rho24_c4_t1,24,4,1,1024,1,4,4096,4,536870912,524288,preprocessing_ns,ns,407904131.25,399487830.0,422173747.0,median across sessions of within-session method medians,/conditions/capacity_N1024_a4_ell24568_included/absolute/R_independent/preprocessing_ns
capacity_N1024_a4_ell24568_included,capacity,included,1024,4,24568,False,R_independent,R_rho24_c4_t1,24,4,1,1024,1,4,4096,4,536870912,524288,query_buffer_bytes,bytes,536870912.0,536870912.0,536870912.0,median across sessions of within-session method medians,/conditions/capacity_N1024_a4_ell24568_included/absolute/R_independent/query_buffer_bytes
capacity_N1024_a4_ell24568_included,capacity,included,1024,4,24568,False,R_independent,R_rho24_c4_t1,24,4,1,1024,1,4,4096,4,536870912,524288,reply_buffer_bytes,bytes,524288.0,524288.0,524288.0,median across sessions of within-session method medians,/conditions/capacity_N1024_a4_ell24568_included/absolute/R_independent/reply_buffer_bytes
capacity_N1024_a4_ell24568_included,capacity,included,1024,4,24568,False,R_matched,R_rho06_c4_t1,6,4,1,4095,1,4,4096,4,536870912,524288,paired_latency_ratio_to_P,ratio,1.1632203768992082,1.1455881576143876,1.1920789183315699,median across sessions of within-session median paired baseline/packed ratios,/conditions/capacity_N1024_a4_ell24568_included/ratios/R_matched
capacity_N1024_a4_ell24568_included,capacity,included,1024,4,24568,False,R_independent,R_rho24_c4_t1,24,4,1,1024,1,4,4096,4,536870912,524288,paired_latency_ratio_to_P,ratio,1.2336077726684147,1.2185779321193402,1.2404533414556598,median across sessions of within-session median paired baseline/packed ratios,/conditions/capacity_N1024_a4_ell24568_included/ratios/R_independent
capacity_N1024_a4_ell24568_excluded,capacity,excluded,1024,4,24568,False,P,P_rho06_c1_t4,6,1,4,4095,1,1,1024,1,134217728,131072,task_latency_ns,ns,652795532.5,645235478.25,659881281.0,median across sessions of within-session method medians,/conditions/capacity_N1024_a4_ell24568_excluded/absolute/P/task_latency_ns
capacity_N1024_a4_ell24568_excluded,capacity,excluded,1024,4,24568,False,P,P_rho06_c1_t4,6,1,4,4095,1,1,1024,1,134217728,131072,cpu_time_ns,ns,696341500.0,686389000.0,707184000.0,median across sessions of within-session method medians,/conditions/capacity_N1024_a4_ell24568_excluded/absolute/P/cpu_time_ns
capacity_N1024_a4_ell24568_excluded,capacity,excluded,1024,4,24568,False,P,P_rho06_c1_t4,6,1,4,4095,1,1,1024,1,134217728,131072,preprocessing_ns,ns,333044289.75,331590024.0,335109816.5,median across sessions of within-session method medians,/conditions/capacity_N1024_a4_ell24568_excluded/absolute/P/preprocessing_ns
capacity_N1024_a4_ell24568_excluded,capacity,excluded,1024,4,24568,False,P,P_rho06_c1_t4,6,1,4,4095,1,1,1024,1,134217728,131072,query_buffer_bytes,bytes,134217728.0,134217728.0,134217728.0,median across sessions of within-session method medians,/conditions/capacity_N1024_a4_ell24568_excluded/absolute/P/query_buffer_bytes
capacity_N1024_a4_ell24568_excluded,capacity,excluded,1024,4,24568,False,P,P_rho06_c1_t4,6,1,4,4095,1,1,1024,1,134217728,131072,reply_buffer_bytes,bytes,131072.0,131072.0,131072.0,median across sessions of within-session method medians,/conditions/capacity_N1024_a4_ell24568_excluded/absolute/P/reply_buffer_bytes
capacity_N1024_a4_ell24568_excluded,capacity,excluded,1024,4,24568,False,R_matched,R_rho06_c4_t1,6,4,1,4095,1,4,4096,4,536870912,524288,task_latency_ns,ns,807649181.75,795817235.0,820571001.75,median across sessions of within-session method medians,/conditions/capacity_N1024_a4_ell24568_excluded/absolute/R_matched/task_latency_ns
capacity_N1024_a4_ell24568_excluded,capacity,excluded,1024,4,24568,False,R_matched,R_rho06_c4_t1,6,4,1,4095,1,4,4096,4,536870912,524288,cpu_time_ns,ns,3036204751.0,2981771000.0,3079995000.0,median across sessions of within-session method medians,/conditions/capacity_N1024_a4_ell24568_excluded/absolute/R_matched/cpu_time_ns
capacity_N1024_a4_ell24568_excluded,capacity,excluded,1024,4,24568,False,R_matched,R_rho06_c4_t1,6,4,1,4095,1,4,4096,4,536870912,524288,preprocessing_ns,ns,342401246.0,335266174.25,351690831.25,median across sessions of within-session method medians,/conditions/capacity_N1024_a4_ell24568_excluded/absolute/R_matched/preprocessing_ns
capacity_N1024_a4_ell24568_excluded,capacity,excluded,1024,4,24568,False,R_matched,R_rho06_c4_t1,6,4,1,4095,1,4,4096,4,536870912,524288,query_buffer_bytes,bytes,536870912.0,536870912.0,536870912.0,median across sessions of within-session method medians,/conditions/capacity_N1024_a4_ell24568_excluded/absolute/R_matched/query_buffer_bytes
capacity_N1024_a4_ell24568_excluded,capacity,excluded,1024,4,24568,False,R_matched,R_rho06_c4_t1,6,4,1,4095,1,4,4096,4,536870912,524288,reply_buffer_bytes,bytes,524288.0,524288.0,524288.0,median across sessions of within-session method medians,/conditions/capacity_N1024_a4_ell24568_excluded/absolute/R_matched/reply_buffer_bytes
capacity_N1024_a4_ell24568_excluded,capacity,excluded,1024,4,24568,False,R_independent,R_rho24_c4_t1,24,4,1,1024,1,4,4096,4,536870912,524288,task_latency_ns,ns,810390137.5,798251083.0,834124868.5,median across sessions of within-session method medians,/conditions/capacity_N1024_a4_ell24568_excluded/absolute/R_independent/task_latency_ns
capacity_N1024_a4_ell24568_excluded,capacity,excluded,1024,4,24568,False,R_independent,R_rho24_c4_t1,24,4,1,1024,1,4,4096,4,536870912,524288,cpu_time_ns,ns,3059559500.0,3038800749.75,3181669000.0,median across sessions of within-session method medians,/conditions/capacity_N1024_a4_ell24568_excluded/absolute/R_independent/cpu_time_ns
capacity_N1024_a4_ell24568_excluded,capacity,excluded,1024,4,24568,False,R_independent,R_rho24_c4_t1,24,4,1,1024,1,4,4096,4,536870912,524288,preprocessing_ns,ns,404842065.0,400841625.0,411404425.5,median across sessions of within-session method medians,/conditions/capacity_N1024_a4_ell24568_excluded/absolute/R_independent/preprocessing_ns
capacity_N1024_a4_ell24568_excluded,capacity,excluded,1024,4,24568,False,R_independent,R_rho24_c4_t1,24,4,1,1024,1,4,4096,4,536870912,524288,query_buffer_bytes,bytes,536870912.0,536870912.0,536870912.0,median across sessions of within-session method medians,/conditions/capacity_N1024_a4_ell24568_excluded/absolute/R_independent/query_buffer_bytes
capacity_N1024_a4_ell24568_excluded,capacity,excluded,1024,4,24568,False,R_independent,R_rho24_c4_t1,24,4,1,1024,1,4,4096,4,536870912,524288,reply_buffer_bytes,bytes,524288.0,524288.0,524288.0,median across sessions of within-session method medians,/conditions/capacity_N1024_a4_ell24568_excluded/absolute/R_independent/reply_buffer_bytes
capacity_N1024_a4_ell24568_excluded,capacity,excluded,1024,4,24568,False,R_matched,R_rho06_c4_t1,6,4,1,4095,1,4,4096,4,536870912,524288,paired_latency_ratio_to_P,ratio,1.232823074338349,1.218626223124539,1.254761708380915,median across sessions of within-session median paired baseline/packed ratios,/conditions/capacity_N1024_a4_ell24568_excluded/ratios/R_matched
capacity_N1024_a4_ell24568_excluded,capacity,excluded,1024,4,24568,False,R_independent,R_rho24_c4_t1,24,4,1,1024,1,4,4096,4,536870912,524288,paired_latency_ratio_to_P,ratio,1.2343295901338758,1.2147902794680197,1.2741161475696532,median across sessions of within-session median paired baseline/packed ratios,/conditions/capacity_N1024_a4_ell24568_excluded/ratios/R_independent
capacity_N1024_a4_ell24576_included,capacity,included,1024,4,24576,False,P,P_rho06_c1_t4,6,1,4,4096,1,1,1024,1,134217728,131072,task_latency_ns,ns,985562574.0,981151635.0,1013544813.75,median across sessions of within-session method medians,/conditions/capacity_N1024_a4_ell24576_included/absolute/P/task_latency_ns
capacity_N1024_a4_ell24576_included,capacity,included,1024,4,24576,False,P,P_rho06_c1_t4,6,1,4,4096,1,1,1024,1,134217728,131072,cpu_time_ns,ns,1444220249.75,1427027500.0,1482886250.0,median across sessions of within-session method medians,/conditions/capacity_N1024_a4_ell24576_included/absolute/P/cpu_time_ns
capacity_N1024_a4_ell24576_included,capacity,included,1024,4,24576,False,P,P_rho06_c1_t4,6,1,4,4096,1,1,1024,1,134217728,131072,preprocessing_ns,ns,338377766.5,335960138.0,339995343.0,median across sessions of within-session method medians,/conditions/capacity_N1024_a4_ell24576_included/absolute/P/preprocessing_ns
capacity_N1024_a4_ell24576_included,capacity,included,1024,4,24576,False,P,P_rho06_c1_t4,6,1,4,4096,1,1,1024,1,134217728,131072,query_buffer_bytes,bytes,134217728.0,134217728.0,134217728.0,median across sessions of within-session method medians,/conditions/capacity_N1024_a4_ell24576_included/absolute/P/query_buffer_bytes
capacity_N1024_a4_ell24576_included,capacity,included,1024,4,24576,False,P,P_rho06_c1_t4,6,1,4,4096,1,1,1024,1,134217728,131072,reply_buffer_bytes,bytes,131072.0,131072.0,131072.0,median across sessions of within-session method medians,/conditions/capacity_N1024_a4_ell24576_included/absolute/P/reply_buffer_bytes
capacity_N1024_a4_ell24576_included,capacity,included,1024,4,24576,False,R_matched,R_rho06_c4_t1,6,4,1,4096,1,4,4096,4,536870912,524288,task_latency_ns,ns,1157816816.75,1142635551.5,1199335931.0,median across sessions of within-session method medians,/conditions/capacity_N1024_a4_ell24576_included/absolute/R_matched/task_latency_ns
capacity_N1024_a4_ell24576_included,capacity,included,1024,4,24576,False,R_matched,R_rho06_c4_t1,6,4,1,4096,1,4,4096,4,536870912,524288,cpu_time_ns,ns,3827352000.0,3784976749.75,3994287500.0,median across sessions of within-session method medians,/conditions/capacity_N1024_a4_ell24576_included/absolute/R_matched/cpu_time_ns
capacity_N1024_a4_ell24576_included,capacity,included,1024,4,24576,False,R_matched,R_rho06_c4_t1,6,4,1,4096,1,4,4096,4,536870912,524288,preprocessing_ns,ns,340983285.75,338439249.5,356399385.5,median across sessions of within-session method medians,/conditions/capacity_N1024_a4_ell24576_included/absolute/R_matched/preprocessing_ns
capacity_N1024_a4_ell24576_included,capacity,included,1024,4,24576,False,R_matched,R_rho06_c4_t1,6,4,1,4096,1,4,4096,4,536870912,524288,query_buffer_bytes,bytes,536870912.0,536870912.0,536870912.0,median across sessions of within-session method medians,/conditions/capacity_N1024_a4_ell24576_included/absolute/R_matched/query_buffer_bytes
capacity_N1024_a4_ell24576_included,capacity,included,1024,4,24576,False,R_matched,R_rho06_c4_t1,6,4,1,4096,1,4,4096,4,536870912,524288,reply_buffer_bytes,bytes,524288.0,524288.0,524288.0,median across sessions of within-session method medians,/conditions/capacity_N1024_a4_ell24576_included/absolute/R_matched/reply_buffer_bytes
capacity_N1024_a4_ell24576_included,capacity,included,1024,4,24576,False,R_independent,R_rho24_c4_t1,24,4,1,1024,1,4,4096,4,536870912,524288,task_latency_ns,ns,1227282969.25,1212547812.5,1243629600.0,median across sessions of within-session method medians,/conditions/capacity_N1024_a4_ell24576_included/absolute/R_independent/task_latency_ns
capacity_N1024_a4_ell24576_included,capacity,included,1024,4,24576,False,R_independent,R_rho24_c4_t1,24,4,1,1024,1,4,4096,4,536870912,524288,cpu_time_ns,ns,3926849000.25,3855564749.75,3989573000.0,median across sessions of within-session method medians,/conditions/capacity_N1024_a4_ell24576_included/absolute/R_independent/cpu_time_ns
capacity_N1024_a4_ell24576_included,capacity,included,1024,4,24576,False,R_independent,R_rho24_c4_t1,24,4,1,1024,1,4,4096,4,536870912,524288,preprocessing_ns,ns,403786355.75,399431469.0,407523494.75,median across sessions of within-session method medians,/conditions/capacity_N1024_a4_ell24576_included/absolute/R_independent/preprocessing_ns
capacity_N1024_a4_ell24576_included,capacity,included,1024,4,24576,False,R_independent,R_rho24_c4_t1,24,4,1,1024,1,4,4096,4,536870912,524288,query_buffer_bytes,bytes,536870912.0,536870912.0,536870912.0,median across sessions of within-session method medians,/conditions/capacity_N1024_a4_ell24576_included/absolute/R_independent/query_buffer_bytes
capacity_N1024_a4_ell24576_included,capacity,included,1024,4,24576,False,R_independent,R_rho24_c4_t1,24,4,1,1024,1,4,4096,4,536870912,524288,reply_buffer_bytes,bytes,524288.0,524288.0,524288.0,median across sessions of within-session method medians,/conditions/capacity_N1024_a4_ell24576_included/absolute/R_independent/reply_buffer_bytes
capacity_N1024_a4_ell24576_included,capacity,included,1024,4,24576,False,R_matched,R_rho06_c4_t1,6,4,1,4096,1,4,4096,4,536870912,524288,paired_latency_ratio_to_P,ratio,1.1645621842158325,1.1517935298737312,1.187976312814754,median across sessions of within-session median paired baseline/packed ratios,/conditions/capacity_N1024_a4_ell24576_included/ratios/R_matched
capacity_N1024_a4_ell24576_included,capacity,included,1024,4,24576,False,R_independent,R_rho24_c4_t1,24,4,1,1024,1,4,4096,4,536870912,524288,paired_latency_ratio_to_P,ratio,1.234283725900203,1.2130569214246265,1.248695365870243,median across sessions of within-session median paired baseline/packed ratios,/conditions/capacity_N1024_a4_ell24576_included/ratios/R_independent
capacity_N1024_a4_ell24576_excluded,capacity,excluded,1024,4,24576,False,P,P_rho06_c1_t4,6,1,4,4096,1,1,1024,1,134217728,131072,task_latency_ns,ns,651075939.5,645328099.25,659807962.0,median across sessions of within-session method medians,/conditions/capacity_N1024_a4_ell24576_excluded/absolute/P/task_latency_ns
capacity_N1024_a4_ell24576_excluded,capacity,excluded,1024,4,24576,False,P,P_rho06_c1_t4,6,1,4,4096,1,1,1024,1,134217728,131072,cpu_time_ns,ns,698711249.75,696607500.5,704893500.0,median across sessions of within-session method medians,/conditions/capacity_N1024_a4_ell24576_excluded/absolute/P/cpu_time_ns
capacity_N1024_a4_ell24576_excluded,capacity,excluded,1024,4,24576,False,P,P_rho06_c1_t4,6,1,4,4096,1,1,1024,1,134217728,131072,preprocessing_ns,ns,340847544.25,336405862.5,344931752.5,median across sessions of within-session method medians,/conditions/capacity_N1024_a4_ell24576_excluded/absolute/P/preprocessing_ns
capacity_N1024_a4_ell24576_excluded,capacity,excluded,1024,4,24576,False,P,P_rho06_c1_t4,6,1,4,4096,1,1,1024,1,134217728,131072,query_buffer_bytes,bytes,134217728.0,134217728.0,134217728.0,median across sessions of within-session method medians,/conditions/capacity_N1024_a4_ell24576_excluded/absolute/P/query_buffer_bytes
capacity_N1024_a4_ell24576_excluded,capacity,excluded,1024,4,24576,False,P,P_rho06_c1_t4,6,1,4,4096,1,1,1024,1,134217728,131072,reply_buffer_bytes,bytes,131072.0,131072.0,131072.0,median across sessions of within-session method medians,/conditions/capacity_N1024_a4_ell24576_excluded/absolute/P/reply_buffer_bytes
capacity_N1024_a4_ell24576_excluded,capacity,excluded,1024,4,24576,False,R_matched,R_rho06_c4_t1,6,4,1,4096,1,4,4096,4,536870912,524288,task_latency_ns,ns,823064040.75,810539748.5,850673154.75,median across sessions of within-session method medians,/conditions/capacity_N1024_a4_ell24576_excluded/absolute/R_matched/task_latency_ns
capacity_N1024_a4_ell24576_excluded,capacity,excluded,1024,4,24576,False,R_matched,R_rho06_c4_t1,6,4,1,4096,1,4,4096,4,536870912,524288,cpu_time_ns,ns,3089428000.0,3037620499.75,3219852250.0,median across sessions of within-session method medians,/conditions/capacity_N1024_a4_ell24576_excluded/absolute/R_matched/cpu_time_ns
capacity_N1024_a4_ell24576_excluded,capacity,excluded,1024,4,24576,False,R_matched,R_rho06_c4_t1,6,4,1,4096,1,4,4096,4,536870912,524288,preprocessing_ns,ns,341089780.0,337965894.0,343395776.75,median across sessions of within-session method medians,/conditions/capacity_N1024_a4_ell24576_excluded/absolute/R_matched/preprocessing_ns
capacity_N1024_a4_ell24576_excluded,capacity,excluded,1024,4,24576,False,R_matched,R_rho06_c4_t1,6,4,1,4096,1,4,4096,4,536870912,524288,query_buffer_bytes,bytes,536870912.0,536870912.0,536870912.0,median across sessions of within-session method medians,/conditions/capacity_N1024_a4_ell24576_excluded/absolute/R_matched/query_buffer_bytes
capacity_N1024_a4_ell24576_excluded,capacity,excluded,1024,4,24576,False,R_matched,R_rho06_c4_t1,6,4,1,4096,1,4,4096,4,536870912,524288,reply_buffer_bytes,bytes,524288.0,524288.0,524288.0,median across sessions of within-session method medians,/conditions/capacity_N1024_a4_ell24576_excluded/absolute/R_matched/reply_buffer_bytes
capacity_N1024_a4_ell24576_excluded,capacity,excluded,1024,4,24576,False,R_independent,R_rho24_c4_t1,24,4,1,1024,1,4,4096,4,536870912,524288,task_latency_ns,ns,821648339.75,794022349.5,837921073.5,median across sessions of within-session method medians,/conditions/capacity_N1024_a4_ell24576_excluded/absolute/R_independent/task_latency_ns
capacity_N1024_a4_ell24576_excluded,capacity,excluded,1024,4,24576,False,R_independent,R_rho24_c4_t1,24,4,1,1024,1,4,4096,4,536870912,524288,cpu_time_ns,ns,3111962750.0,3023927500.0,3174219500.5,median across sessions of within-session method medians,/conditions/capacity_N1024_a4_ell24576_excluded/absolute/R_independent/cpu_time_ns
capacity_N1024_a4_ell24576_excluded,capacity,excluded,1024,4,24576,False,R_independent,R_rho24_c4_t1,24,4,1,1024,1,4,4096,4,536870912,524288,preprocessing_ns,ns,407759277.5,402640088.5,415258295.5,median across sessions of within-session method medians,/conditions/capacity_N1024_a4_ell24576_excluded/absolute/R_independent/preprocessing_ns
capacity_N1024_a4_ell24576_excluded,capacity,excluded,1024,4,24576,False,R_independent,R_rho24_c4_t1,24,4,1,1024,1,4,4096,4,536870912,524288,query_buffer_bytes,bytes,536870912.0,536870912.0,536870912.0,median across sessions of within-session method medians,/conditions/capacity_N1024_a4_ell24576_excluded/absolute/R_independent/query_buffer_bytes
capacity_N1024_a4_ell24576_excluded,capacity,excluded,1024,4,24576,False,R_independent,R_rho24_c4_t1,24,4,1,1024,1,4,4096,4,536870912,524288,reply_buffer_bytes,bytes,524288.0,524288.0,524288.0,median across sessions of within-session method medians,/conditions/capacity_N1024_a4_ell24576_excluded/absolute/R_independent/reply_buffer_bytes
capacity_N1024_a4_ell24576_excluded,capacity,excluded,1024,4,24576,False,R_matched,R_rho06_c4_t1,6,4,1,4096,1,4,4096,4,536870912,524288,paired_latency_ratio_to_P,ratio,1.2436940597368118,1.2039402619195327,1.2514965205254545,median across sessions of within-session median paired baseline/packed ratios,/conditions/capacity_N1024_a4_ell24576_excluded/ratios/R_matched
capacity_N1024_a4_ell24576_excluded,capacity,excluded,1024,4,24576,False,R_independent,R_rho24_c4_t1,24,4,1,1024,1,4,4096,4,536870912,524288,paired_latency_ratio_to_P,ratio,1.235203690038504,1.1769367903853742,1.2604635254113012,median across sessions of within-session median paired baseline/packed ratios,/conditions/capacity_N1024_a4_ell24576_excluded/ratios/R_independent
capacity_N1024_a4_ell24584_included,capacity,included,1024,4,24584,False,P,P_rho06_c1_t4,6,1,4,4098,2,1,1024,2,134217728,262144,task_latency_ns,ns,1188167752.75,1168562655.0,1208113709.5,median across sessions of within-session method medians,/conditions/capacity_N1024_a4_ell24584_included/absolute/P/task_latency_ns
capacity_N1024_a4_ell24584_included,capacity,included,1024,4,24584,False,P,P_rho06_c1_t4,6,1,4,4098,2,1,1024,2,134217728,262144,cpu_time_ns,ns,1918033250.5,1874941500.25,1934853500.25,median across sessions of within-session method medians,/conditions/capacity_N1024_a4_ell24584_included/absolute/P/cpu_time_ns
capacity_N1024_a4_ell24584_included,capacity,included,1024,4,24584,False,P,P_rho06_c1_t4,6,1,4,4098,2,1,1024,2,134217728,262144,preprocessing_ns,ns,521765059.75,509650200.0,529844887.5,median across sessions of within-session method medians,/conditions/capacity_N1024_a4_ell24584_included/absolute/P/preprocessing_ns
capacity_N1024_a4_ell24584_included,capacity,included,1024,4,24584,False,P,P_rho06_c1_t4,6,1,4,4098,2,1,1024,2,134217728,262144,query_buffer_bytes,bytes,134217728.0,134217728.0,134217728.0,median across sessions of within-session method medians,/conditions/capacity_N1024_a4_ell24584_included/absolute/P/query_buffer_bytes
capacity_N1024_a4_ell24584_included,capacity,included,1024,4,24584,False,P,P_rho06_c1_t4,6,1,4,4098,2,1,1024,2,134217728,262144,reply_buffer_bytes,bytes,262144.0,262144.0,262144.0,median across sessions of within-session method medians,/conditions/capacity_N1024_a4_ell24584_included/absolute/P/reply_buffer_bytes
capacity_N1024_a4_ell24584_included,capacity,included,1024,4,24584,False,R_matched,R_rho06_c4_t1,6,4,1,4098,2,4,4096,8,536870912,1048576,task_latency_ns,ns,1398186080.0,1370349931.0,1425852591.25,median across sessions of within-session method medians,/conditions/capacity_N1024_a4_ell24584_included/absolute/R_matched/task_latency_ns
capacity_N1024_a4_ell24584_included,capacity,included,1024,4,24584,False,R_matched,R_rho06_c4_t1,6,4,1,4098,2,4,4096,8,536870912,1048576,cpu_time_ns,ns,4450724000.0,4371921000.0,4607353500.0,median across sessions of within-session method medians,/conditions/capacity_N1024_a4_ell24584_included/absolute/R_matched/cpu_time_ns
capacity_N1024_a4_ell24584_included,capacity,included,1024,4,24584,False,R_matched,R_rho06_c4_t1,6,4,1,4098,2,4,4096,8,536870912,1048576,preprocessing_ns,ns,536719072.25,516825222.25,547928366.25,median across sessions of within-session method medians,/conditions/capacity_N1024_a4_ell24584_included/absolute/R_matched/preprocessing_ns
capacity_N1024_a4_ell24584_included,capacity,included,1024,4,24584,False,R_matched,R_rho06_c4_t1,6,4,1,4098,2,4,4096,8,536870912,1048576,query_buffer_bytes,bytes,536870912.0,536870912.0,536870912.0,median across sessions of within-session method medians,/conditions/capacity_N1024_a4_ell24584_included/absolute/R_matched/query_buffer_bytes
capacity_N1024_a4_ell24584_included,capacity,included,1024,4,24584,False,R_matched,R_rho06_c4_t1,6,4,1,4098,2,4,4096,8,536870912,1048576,reply_buffer_bytes,bytes,1048576.0,1048576.0,1048576.0,median across sessions of within-session method medians,/conditions/capacity_N1024_a4_ell24584_included/absolute/R_matched/reply_buffer_bytes
capacity_N1024_a4_ell24584_included,capacity,included,1024,4,24584,False,R_independent,R_rho24_c4_t1,24,4,1,1025,1,4,4096,4,536870912,524288,task_latency_ns,ns,1235256608.0,1218588262.0,1269469686.0,median across sessions of within-session method medians,/conditions/capacity_N1024_a4_ell24584_included/absolute/R_independent/task_latency_ns
capacity_N1024_a4_ell24584_included,capacity,included,1024,4,24584,False,R_independent,R_rho24_c4_t1,24,4,1,1025,1,4,4096,4,536870912,524288,cpu_time_ns,ns,3938310750.0,3894945249.75,4087032499.0,median across sessions of within-session method medians,/conditions/capacity_N1024_a4_ell24584_included/absolute/R_independent/cpu_time_ns
capacity_N1024_a4_ell24584_included,capacity,included,1024,4,24584,False,R_independent,R_rho24_c4_t1,24,4,1,1025,1,4,4096,4,536870912,524288,preprocessing_ns,ns,404671425.25,397548842.0,419084521.5,median across sessions of within-session method medians,/conditions/capacity_N1024_a4_ell24584_included/absolute/R_independent/preprocessing_ns
capacity_N1024_a4_ell24584_included,capacity,included,1024,4,24584,False,R_independent,R_rho24_c4_t1,24,4,1,1025,1,4,4096,4,536870912,524288,query_buffer_bytes,bytes,536870912.0,536870912.0,536870912.0,median across sessions of within-session method medians,/conditions/capacity_N1024_a4_ell24584_included/absolute/R_independent/query_buffer_bytes
capacity_N1024_a4_ell24584_included,capacity,included,1024,4,24584,False,R_independent,R_rho24_c4_t1,24,4,1,1025,1,4,4096,4,536870912,524288,reply_buffer_bytes,bytes,524288.0,524288.0,524288.0,median across sessions of within-session method medians,/conditions/capacity_N1024_a4_ell24584_included/absolute/R_independent/reply_buffer_bytes
capacity_N1024_a4_ell24584_included,capacity,included,1024,4,24584,False,R_matched,R_rho06_c4_t1,6,4,1,4098,2,4,4096,8,536870912,1048576,paired_latency_ratio_to_P,ratio,1.1710776276138117,1.1578223712970406,1.2005394494049129,median across sessions of within-session median paired baseline/packed ratios,/conditions/capacity_N1024_a4_ell24584_included/ratios/R_matched
capacity_N1024_a4_ell24584_included,capacity,included,1024,4,24584,False,R_independent,R_rho24_c4_t1,24,4,1,1025,1,4,4096,4,536870912,524288,paired_latency_ratio_to_P,ratio,1.0350578771870154,1.0167685683644123,1.0498774713630095,median across sessions of within-session median paired baseline/packed ratios,/conditions/capacity_N1024_a4_ell24584_included/ratios/R_independent
capacity_N1024_a4_ell24584_excluded,capacity,excluded,1024,4,24584,False,P,P_rho06_c1_t4,6,1,4,4098,2,1,1024,2,134217728,262144,task_latency_ns,ns,658086355.0,646011870.5,668755778.0,median across sessions of within-session method medians,/conditions/capacity_N1024_a4_ell24584_excluded/absolute/P/task_latency_ns
capacity_N1024_a4_ell24584_excluded,capacity,excluded,1024,4,24584,False,P,P_rho06_c1_t4,6,1,4,4098,2,1,1024,2,134217728,262144,cpu_time_ns,ns,731224250.0,720185499.75,743002500.0,median across sessions of within-session method medians,/conditions/capacity_N1024_a4_ell24584_excluded/absolute/P/cpu_time_ns
capacity_N1024_a4_ell24584_excluded,capacity,excluded,1024,4,24584,False,P,P_rho06_c1_t4,6,1,4,4098,2,1,1024,2,134217728,262144,preprocessing_ns,ns,518768315.0,513342732.5,526702879.25,median across sessions of within-session method medians,/conditions/capacity_N1024_a4_ell24584_excluded/absolute/P/preprocessing_ns
capacity_N1024_a4_ell24584_excluded,capacity,excluded,1024,4,24584,False,P,P_rho06_c1_t4,6,1,4,4098,2,1,1024,2,134217728,262144,query_buffer_bytes,bytes,134217728.0,134217728.0,134217728.0,median across sessions of within-session method medians,/conditions/capacity_N1024_a4_ell24584_excluded/absolute/P/query_buffer_bytes
capacity_N1024_a4_ell24584_excluded,capacity,excluded,1024,4,24584,False,P,P_rho06_c1_t4,6,1,4,4098,2,1,1024,2,134217728,262144,reply_buffer_bytes,bytes,262144.0,262144.0,262144.0,median across sessions of within-session method medians,/conditions/capacity_N1024_a4_ell24584_excluded/absolute/P/reply_buffer_bytes
capacity_N1024_a4_ell24584_excluded,capacity,excluded,1024,4,24584,False,R_matched,R_rho06_c4_t1,6,4,1,4098,2,4,4096,8,536870912,1048576,task_latency_ns,ns,868687724.75,854796764.75,882812506.25,median across sessions of within-session method medians,/conditions/capacity_N1024_a4_ell24584_excluded/absolute/R_matched/task_latency_ns
capacity_N1024_a4_ell24584_excluded,capacity,excluded,1024,4,24584,False,R_matched,R_rho06_c4_t1,6,4,1,4098,2,4,4096,8,536870912,1048576,cpu_time_ns,ns,3286316000.0,3248465500.0,3314649000.0,median across sessions of within-session method medians,/conditions/capacity_N1024_a4_ell24584_excluded/absolute/R_matched/cpu_time_ns
capacity_N1024_a4_ell24584_excluded,capacity,excluded,1024,4,24584,False,R_matched,R_rho06_c4_t1,6,4,1,4098,2,4,4096,8,536870912,1048576,preprocessing_ns,ns,516865048.0,511741539.0,530533309.5,median across sessions of within-session method medians,/conditions/capacity_N1024_a4_ell24584_excluded/absolute/R_matched/preprocessing_ns
capacity_N1024_a4_ell24584_excluded,capacity,excluded,1024,4,24584,False,R_matched,R_rho06_c4_t1,6,4,1,4098,2,4,4096,8,536870912,1048576,query_buffer_bytes,bytes,536870912.0,536870912.0,536870912.0,median across sessions of within-session method medians,/conditions/capacity_N1024_a4_ell24584_excluded/absolute/R_matched/query_buffer_bytes
capacity_N1024_a4_ell24584_excluded,capacity,excluded,1024,4,24584,False,R_matched,R_rho06_c4_t1,6,4,1,4098,2,4,4096,8,536870912,1048576,reply_buffer_bytes,bytes,1048576.0,1048576.0,1048576.0,median across sessions of within-session method medians,/conditions/capacity_N1024_a4_ell24584_excluded/absolute/R_matched/reply_buffer_bytes
capacity_N1024_a4_ell24584_excluded,capacity,excluded,1024,4,24584,False,R_independent,R_rho24_c4_t1,24,4,1,1025,1,4,4096,4,536870912,524288,task_latency_ns,ns,824390048.5,815657061.0,834982585.0,median across sessions of within-session method medians,/conditions/capacity_N1024_a4_ell24584_excluded/absolute/R_independent/task_latency_ns
capacity_N1024_a4_ell24584_excluded,capacity,excluded,1024,4,24584,False,R_independent,R_rho24_c4_t1,24,4,1,1025,1,4,4096,4,536870912,524288,cpu_time_ns,ns,3107229000.0,3047244750.0,3181336500.0,median across sessions of within-session method medians,/conditions/capacity_N1024_a4_ell24584_excluded/absolute/R_independent/cpu_time_ns
capacity_N1024_a4_ell24584_excluded,capacity,excluded,1024,4,24584,False,R_independent,R_rho24_c4_t1,24,4,1,1025,1,4,4096,4,536870912,524288,preprocessing_ns,ns,406573382.0,402309771.925,408431815.75,median across sessions of within-session method medians,/conditions/capacity_N1024_a4_ell24584_excluded/absolute/R_independent/preprocessing_ns
capacity_N1024_a4_ell24584_excluded,capacity,excluded,1024,4,24584,False,R_independent,R_rho24_c4_t1,24,4,1,1025,1,4,4096,4,536870912,524288,query_buffer_bytes,bytes,536870912.0,536870912.0,536870912.0,median across sessions of within-session method medians,/conditions/capacity_N1024_a4_ell24584_excluded/absolute/R_independent/query_buffer_bytes
capacity_N1024_a4_ell24584_excluded,capacity,excluded,1024,4,24584,False,R_independent,R_rho24_c4_t1,24,4,1,1025,1,4,4096,4,536870912,524288,reply_buffer_bytes,bytes,524288.0,524288.0,524288.0,median across sessions of within-session method medians,/conditions/capacity_N1024_a4_ell24584_excluded/absolute/R_independent/reply_buffer_bytes
capacity_N1024_a4_ell24584_excluded,capacity,excluded,1024,4,24584,False,R_matched,R_rho06_c4_t1,6,4,1,4098,2,4,4096,8,536870912,1048576,paired_latency_ratio_to_P,ratio,1.2970397303247192,1.276582422392345,1.3201010651616802,median across sessions of within-session median paired baseline/packed ratios,/conditions/capacity_N1024_a4_ell24584_excluded/ratios/R_matched
capacity_N1024_a4_ell24584_excluded,capacity,excluded,1024,4,24584,False,R_independent,R_rho24_c4_t1,24,4,1,1025,1,4,4096,4,536870912,524288,paired_latency_ratio_to_P,ratio,1.2340023859044567,1.2072593159128546,1.2630660864947147,median across sessions of within-session median paired baseline/packed ratios,/conditions/capacity_N1024_a4_ell24584_excluded/ratios/R_independent
capacity_N1024_a4_ell49152_included,capacity,included,1024,4,49152,False,P,P_rho06_c1_t4,6,1,4,8192,2,1,1024,2,134217728,262144,task_latency_ns,ns,1307980852.0,1290770290.0,1340909179.0,median across sessions of within-session method medians,/conditions/capacity_N1024_a4_ell49152_included/absolute/P/task_latency_ns
capacity_N1024_a4_ell49152_included,capacity,included,1024,4,49152,False,P,P_rho06_c1_t4,6,1,4,8192,2,1,1024,2,134217728,262144,cpu_time_ns,ns,2021841749.75,1988301500.0,2086137499.5,median across sessions of within-session method medians,/conditions/capacity_N1024_a4_ell49152_included/absolute/P/cpu_time_ns
capacity_N1024_a4_ell49152_included,capacity,included,1024,4,49152,False,P,P_rho06_c1_t4,6,1,4,8192,2,1,1024,2,134217728,262144,preprocessing_ns,ns,640001024.25,635933654.5,658997374.75,median across sessions of within-session method medians,/conditions/capacity_N1024_a4_ell49152_included/absolute/P/preprocessing_ns
capacity_N1024_a4_ell49152_included,capacity,included,1024,4,49152,False,P,P_rho06_c1_t4,6,1,4,8192,2,1,1024,2,134217728,262144,query_buffer_bytes,bytes,134217728.0,134217728.0,134217728.0,median across sessions of within-session method medians,/conditions/capacity_N1024_a4_ell49152_included/absolute/P/query_buffer_bytes
capacity_N1024_a4_ell49152_included,capacity,included,1024,4,49152,False,P,P_rho06_c1_t4,6,1,4,8192,2,1,1024,2,134217728,262144,reply_buffer_bytes,bytes,262144.0,262144.0,262144.0,median across sessions of within-session method medians,/conditions/capacity_N1024_a4_ell49152_included/absolute/P/reply_buffer_bytes
capacity_N1024_a4_ell49152_included,capacity,included,1024,4,49152,False,R_matched,R_rho06_c4_t1,6,4,1,8192,2,4,4096,8,536870912,1048576,task_latency_ns,ns,1536991303.25,1511927192.5,1552220518.5,median across sessions of within-session method medians,/conditions/capacity_N1024_a4_ell49152_included/absolute/R_matched/task_latency_ns
capacity_N1024_a4_ell49152_included,capacity,included,1024,4,49152,False,R_matched,R_rho06_c4_t1,6,4,1,8192,2,4,4096,8,536870912,1048576,cpu_time_ns,ns,4626612250.25,4537667500.0,4704628500.25,median across sessions of within-session method medians,/conditions/capacity_N1024_a4_ell49152_included/absolute/R_matched/cpu_time_ns
capacity_N1024_a4_ell49152_included,capacity,included,1024,4,49152,False,R_matched,R_rho06_c4_t1,6,4,1,8192,2,4,4096,8,536870912,1048576,preprocessing_ns,ns,645776381.25,637725351.75,654529464.5,median across sessions of within-session method medians,/conditions/capacity_N1024_a4_ell49152_included/absolute/R_matched/preprocessing_ns
capacity_N1024_a4_ell49152_included,capacity,included,1024,4,49152,False,R_matched,R_rho06_c4_t1,6,4,1,8192,2,4,4096,8,536870912,1048576,query_buffer_bytes,bytes,536870912.0,536870912.0,536870912.0,median across sessions of within-session method medians,/conditions/capacity_N1024_a4_ell49152_included/absolute/R_matched/query_buffer_bytes
capacity_N1024_a4_ell49152_included,capacity,included,1024,4,49152,False,R_matched,R_rho06_c4_t1,6,4,1,8192,2,4,4096,8,536870912,1048576,reply_buffer_bytes,bytes,1048576.0,1048576.0,1048576.0,median across sessions of within-session method medians,/conditions/capacity_N1024_a4_ell49152_included/absolute/R_matched/reply_buffer_bytes
capacity_N1024_a4_ell49152_included,capacity,included,1024,4,49152,False,R_independent,R_rho24_c4_t1,24,4,1,2048,1,4,4096,4,536870912,524288,task_latency_ns,ns,1354251792.0,1345492877.0,1369823052.0,median across sessions of within-session method medians,/conditions/capacity_N1024_a4_ell49152_included/absolute/R_independent/task_latency_ns
capacity_N1024_a4_ell49152_included,capacity,included,1024,4,49152,False,R_independent,R_rho24_c4_t1,24,4,1,2048,1,4,4096,4,536870912,524288,cpu_time_ns,ns,4081380750.5,4046569250.0,4135058500.5,median across sessions of within-session method medians,/conditions/capacity_N1024_a4_ell49152_included/absolute/R_independent/cpu_time_ns
capacity_N1024_a4_ell49152_included,capacity,included,1024,4,49152,False,R_independent,R_rho24_c4_t1,24,4,1,2048,1,4,4096,4,536870912,524288,preprocessing_ns,ns,520518977.0,516391680.0,528013231.5,median across sessions of within-session method medians,/conditions/capacity_N1024_a4_ell49152_included/absolute/R_independent/preprocessing_ns
capacity_N1024_a4_ell49152_included,capacity,included,1024,4,49152,False,R_independent,R_rho24_c4_t1,24,4,1,2048,1,4,4096,4,536870912,524288,query_buffer_bytes,bytes,536870912.0,536870912.0,536870912.0,median across sessions of within-session method medians,/conditions/capacity_N1024_a4_ell49152_included/absolute/R_independent/query_buffer_bytes
capacity_N1024_a4_ell49152_included,capacity,included,1024,4,49152,False,R_independent,R_rho24_c4_t1,24,4,1,2048,1,4,4096,4,536870912,524288,reply_buffer_bytes,bytes,524288.0,524288.0,524288.0,median across sessions of within-session method medians,/conditions/capacity_N1024_a4_ell49152_included/absolute/R_independent/reply_buffer_bytes
capacity_N1024_a4_ell49152_included,capacity,included,1024,4,49152,False,R_matched,R_rho06_c4_t1,6,4,1,8192,2,4,4096,8,536870912,1048576,paired_latency_ratio_to_P,ratio,1.165951778950809,1.1508711822430129,1.1873238092404785,median across sessions of within-session median paired baseline/packed ratios,/conditions/capacity_N1024_a4_ell49152_included/ratios/R_matched
capacity_N1024_a4_ell49152_included,capacity,included,1024,4,49152,False,R_independent,R_rho24_c4_t1,24,4,1,2048,1,4,4096,4,536870912,524288,paired_latency_ratio_to_P,ratio,1.0322283106753702,1.0172040849423243,1.048249526100762,median across sessions of within-session median paired baseline/packed ratios,/conditions/capacity_N1024_a4_ell49152_included/ratios/R_independent
capacity_N1024_a4_ell49152_excluded,capacity,excluded,1024,4,49152,False,P,P_rho06_c1_t4,6,1,4,8192,2,1,1024,2,134217728,262144,task_latency_ns,ns,660350494.0,652114750.25,676836936.5,median across sessions of within-session method medians,/conditions/capacity_N1024_a4_ell49152_excluded/absolute/P/task_latency_ns
capacity_N1024_a4_ell49152_excluded,capacity,excluded,1024,4,49152,False,P,P_rho06_c1_t4,6,1,4,8192,2,1,1024,2,134217728,262144,cpu_time_ns,ns,736438750.25,727528000.0,755133000.0,median across sessions of within-session method medians,/conditions/capacity_N1024_a4_ell49152_excluded/absolute/P/cpu_time_ns
capacity_N1024_a4_ell49152_excluded,capacity,excluded,1024,4,49152,False,P,P_rho06_c1_t4,6,1,4,8192,2,1,1024,2,134217728,262144,preprocessing_ns,ns,650142011.25,635195255.5,658161345.5,median across sessions of within-session method medians,/conditions/capacity_N1024_a4_ell49152_excluded/absolute/P/preprocessing_ns
capacity_N1024_a4_ell49152_excluded,capacity,excluded,1024,4,49152,False,P,P_rho06_c1_t4,6,1,4,8192,2,1,1024,2,134217728,262144,query_buffer_bytes,bytes,134217728.0,134217728.0,134217728.0,median across sessions of within-session method medians,/conditions/capacity_N1024_a4_ell49152_excluded/absolute/P/query_buffer_bytes
capacity_N1024_a4_ell49152_excluded,capacity,excluded,1024,4,49152,False,P,P_rho06_c1_t4,6,1,4,8192,2,1,1024,2,134217728,262144,reply_buffer_bytes,bytes,262144.0,262144.0,262144.0,median across sessions of within-session method medians,/conditions/capacity_N1024_a4_ell49152_excluded/absolute/P/reply_buffer_bytes
capacity_N1024_a4_ell49152_excluded,capacity,excluded,1024,4,49152,False,R_matched,R_rho06_c4_t1,6,4,1,8192,2,4,4096,8,536870912,1048576,task_latency_ns,ns,885074804.5,873283134.5,888245326.0,median across sessions of within-session method medians,/conditions/capacity_N1024_a4_ell49152_excluded/absolute/R_matched/task_latency_ns
capacity_N1024_a4_ell49152_excluded,capacity,excluded,1024,4,49152,False,R_matched,R_rho06_c4_t1,6,4,1,8192,2,4,4096,8,536870912,1048576,cpu_time_ns,ns,3352059750.0,3306740749.5,3394743500.0,median across sessions of within-session method medians,/conditions/capacity_N1024_a4_ell49152_excluded/absolute/R_matched/cpu_time_ns
capacity_N1024_a4_ell49152_excluded,capacity,excluded,1024,4,49152,False,R_matched,R_rho06_c4_t1,6,4,1,8192,2,4,4096,8,536870912,1048576,preprocessing_ns,ns,653780361.0,640924010.25,667353583.0,median across sessions of within-session method medians,/conditions/capacity_N1024_a4_ell49152_excluded/absolute/R_matched/preprocessing_ns
capacity_N1024_a4_ell49152_excluded,capacity,excluded,1024,4,49152,False,R_matched,R_rho06_c4_t1,6,4,1,8192,2,4,4096,8,536870912,1048576,query_buffer_bytes,bytes,536870912.0,536870912.0,536870912.0,median across sessions of within-session method medians,/conditions/capacity_N1024_a4_ell49152_excluded/absolute/R_matched/query_buffer_bytes
capacity_N1024_a4_ell49152_excluded,capacity,excluded,1024,4,49152,False,R_matched,R_rho06_c4_t1,6,4,1,8192,2,4,4096,8,536870912,1048576,reply_buffer_bytes,bytes,1048576.0,1048576.0,1048576.0,median across sessions of within-session method medians,/conditions/capacity_N1024_a4_ell49152_excluded/absolute/R_matched/reply_buffer_bytes
capacity_N1024_a4_ell49152_excluded,capacity,excluded,1024,4,49152,False,R_independent,R_rho24_c4_t1,24,4,1,2048,1,4,4096,4,536870912,524288,task_latency_ns,ns,826837206.75,808028184.0,851380783.25,median across sessions of within-session method medians,/conditions/capacity_N1024_a4_ell49152_excluded/absolute/R_independent/task_latency_ns
capacity_N1024_a4_ell49152_excluded,capacity,excluded,1024,4,49152,False,R_independent,R_rho24_c4_t1,24,4,1,2048,1,4,4096,4,536870912,524288,cpu_time_ns,ns,3155190250.5,3073879500.5,3244170500.5,median across sessions of within-session method medians,/conditions/capacity_N1024_a4_ell49152_excluded/absolute/R_independent/cpu_time_ns
capacity_N1024_a4_ell49152_excluded,capacity,excluded,1024,4,49152,False,R_independent,R_rho24_c4_t1,24,4,1,2048,1,4,4096,4,536870912,524288,preprocessing_ns,ns,527302189.25,517867851.0,535671553.0,median across sessions of within-session method medians,/conditions/capacity_N1024_a4_ell49152_excluded/absolute/R_independent/preprocessing_ns
capacity_N1024_a4_ell49152_excluded,capacity,excluded,1024,4,49152,False,R_independent,R_rho24_c4_t1,24,4,1,2048,1,4,4096,4,536870912,524288,query_buffer_bytes,bytes,536870912.0,536870912.0,536870912.0,median across sessions of within-session method medians,/conditions/capacity_N1024_a4_ell49152_excluded/absolute/R_independent/query_buffer_bytes
capacity_N1024_a4_ell49152_excluded,capacity,excluded,1024,4,49152,False,R_independent,R_rho24_c4_t1,24,4,1,2048,1,4,4096,4,536870912,524288,reply_buffer_bytes,bytes,524288.0,524288.0,524288.0,median across sessions of within-session method medians,/conditions/capacity_N1024_a4_ell49152_excluded/absolute/R_independent/reply_buffer_bytes
capacity_N1024_a4_ell49152_excluded,capacity,excluded,1024,4,49152,False,R_matched,R_rho06_c4_t1,6,4,1,8192,2,4,4096,8,536870912,1048576,paired_latency_ratio_to_P,ratio,1.3370023641888498,1.2897545412097313,1.3604937179590424,median across sessions of within-session median paired baseline/packed ratios,/conditions/capacity_N1024_a4_ell49152_excluded/ratios/R_matched
capacity_N1024_a4_ell49152_excluded,capacity,excluded,1024,4,49152,False,R_independent,R_rho24_c4_t1,24,4,1,2048,1,4,4096,4,536870912,524288,paired_latency_ratio_to_P,ratio,1.2385378998284389,1.2037659074535312,1.2655582783128811,median across sessions of within-session median paired baseline/packed ratios,/conditions/capacity_N1024_a4_ell49152_excluded/ratios/R_independent
